ISO-10303-21;
HEADER;
FILE_DESCRIPTION(('Open CASCADE Model'),'2;1');
FILE_NAME('Open CASCADE Shape Model','2026-06-13T17:38:49',('Author'),(
    'Open CASCADE'),'Open CASCADE STEP processor 7.8','Open CASCADE 7.8'
  ,'Unknown');
FILE_SCHEMA(('AUTOMOTIVE_DESIGN { 1 0 10303 214 1 1 1 1 }'));
ENDSEC;
DATA;
#1 = APPLICATION_PROTOCOL_DEFINITION('international standard',
  'automotive_design',2000,#2);
#2 = APPLICATION_CONTEXT(
  'core data for automotive mechanical design processes');
#3 = SHAPE_DEFINITION_REPRESENTATION(#4,#10);
#4 = PRODUCT_DEFINITION_SHAPE('','',#5);
#5 = PRODUCT_DEFINITION('design','',#6,#9);
#6 = PRODUCT_DEFINITION_FORMATION('','',#7);
#7 = PRODUCT('Open CASCADE STEP translator 7.8 1',
  'Open CASCADE STEP translator 7.8 1','',(#8));
#8 = PRODUCT_CONTEXT('',#2,'mechanical');
#9 = PRODUCT_DEFINITION_CONTEXT('part definition',#2,'design');
#10 = ADVANCED_BREP_SHAPE_REPRESENTATION('',(#11,#15),#3521);
#11 = AXIS2_PLACEMENT_3D('',#12,#13,#14);
#12 = CARTESIAN_POINT('',(0.,0.,0.));
#13 = DIRECTION('',(0.,0.,1.));
#14 = DIRECTION('',(1.,0.,-0.));
#15 = MANIFOLD_SOLID_BREP('',#16);
#16 = CLOSED_SHELL('',(#17,#109,#148,#183,#728,#1054,#1290,#1442,#1664,
    #1714,#1764,#1792,#1968,#2041,#2153,#2207,#2256,#2288,#2474,#2502,
    #2542,#2594,#2674,#2699,#2743,#2777,#2832,#2887,#2914,#2969,#3024,
    #3079,#3134,#3169,#3224,#3279,#3334,#3389,#3444,#3494));
#17 = ADVANCED_FACE('',(#18),#32,.F.);
#18 = FACE_BOUND('',#19,.F.);
#19 = EDGE_LOOP('',(#20,#50,#77,#78));
#20 = ORIENTED_EDGE('',*,*,#21,.T.);
#21 = EDGE_CURVE('',#22,#24,#26,.T.);
#22 = VERTEX_POINT('',#23);
#23 = CARTESIAN_POINT('',(-25.75,-78.5,-3.153465507804E-15));
#24 = VERTEX_POINT('',#25);
#25 = CARTESIAN_POINT('',(-25.75,-76.5,-3.153465507804E-15));
#26 = SEAM_CURVE('',#27,(#31,#43),.PCURVE_S1.);
#27 = LINE('',#28,#29);
#28 = CARTESIAN_POINT('',(-25.75,-77.5,-3.153465507804E-15));
#29 = VECTOR('',#30,1.);
#30 = DIRECTION('',(0.,1.,0.));
#31 = PCURVE('',#32,#37);
#32 = CYLINDRICAL_SURFACE('',#33,25.75);
#33 = AXIS2_PLACEMENT_3D('',#34,#35,#36);
#34 = CARTESIAN_POINT('',(0.,-77.5,0.));
#35 = DIRECTION('',(0.,-1.,0.));
#36 = DIRECTION('',(1.,0.,0.));
#37 = DEFINITIONAL_REPRESENTATION('',(#38),#42);
#38 = LINE('',#39,#40);
#39 = CARTESIAN_POINT('',(-3.14159265359,0.));
#40 = VECTOR('',#41,1.);
#41 = DIRECTION('',(0.,-1.));
#42 = ( GEOMETRIC_REPRESENTATION_CONTEXT(2) 
PARAMETRIC_REPRESENTATION_CONTEXT() REPRESENTATION_CONTEXT('2D SPACE',''
  ) );
#43 = PCURVE('',#32,#44);
#44 = DEFINITIONAL_REPRESENTATION('',(#45),#49);
#45 = LINE('',#46,#47);
#46 = CARTESIAN_POINT('',(3.14159265359,0.));
#47 = VECTOR('',#48,1.);
#48 = DIRECTION('',(0.,-1.));
#49 = ( GEOMETRIC_REPRESENTATION_CONTEXT(2) 
PARAMETRIC_REPRESENTATION_CONTEXT() REPRESENTATION_CONTEXT('2D SPACE',''
  ) );
#50 = ORIENTED_EDGE('',*,*,#51,.T.);
#51 = EDGE_CURVE('',#24,#24,#52,.T.);
#52 = SURFACE_CURVE('',#53,(#58,#65),.PCURVE_S1.);
#53 = CIRCLE('',#54,25.75);
#54 = AXIS2_PLACEMENT_3D('',#55,#56,#57);
#55 = CARTESIAN_POINT('',(0.,-76.5,0.));
#56 = DIRECTION('',(0.,-1.,0.));
#57 = DIRECTION('',(1.,0.,0.));
#58 = PCURVE('',#32,#59);
#59 = DEFINITIONAL_REPRESENTATION('',(#60),#64);
#60 = LINE('',#61,#62);
#61 = CARTESIAN_POINT('',(-6.28318530718,-1.));
#62 = VECTOR('',#63,1.);
#63 = DIRECTION('',(1.,0.));
#64 = ( GEOMETRIC_REPRESENTATION_CONTEXT(2) 
PARAMETRIC_REPRESENTATION_CONTEXT() REPRESENTATION_CONTEXT('2D SPACE',''
  ) );
#65 = PCURVE('',#66,#71);
#66 = PLANE('',#67);
#67 = AXIS2_PLACEMENT_3D('',#68,#69,#70);
#68 = CARTESIAN_POINT('',(0.,-76.5,-25.));
#69 = DIRECTION('',(0.,-1.,0.));
#70 = DIRECTION('',(0.,0.,-1.));
#71 = DEFINITIONAL_REPRESENTATION('',(#72),#76);
#72 = CIRCLE('',#73,25.75);
#73 = AXIS2_PLACEMENT_2D('',#74,#75);
#74 = CARTESIAN_POINT('',(-25.,0.));
#75 = DIRECTION('',(0.,1.));
#76 = ( GEOMETRIC_REPRESENTATION_CONTEXT(2) 
PARAMETRIC_REPRESENTATION_CONTEXT() REPRESENTATION_CONTEXT('2D SPACE',''
  ) );
#77 = ORIENTED_EDGE('',*,*,#21,.F.);
#78 = ORIENTED_EDGE('',*,*,#79,.T.);
#79 = EDGE_CURVE('',#22,#22,#80,.T.);
#80 = SURFACE_CURVE('',#81,(#86,#93),.PCURVE_S1.);
#81 = CIRCLE('',#82,25.75);
#82 = AXIS2_PLACEMENT_3D('',#83,#84,#85);
#83 = CARTESIAN_POINT('',(0.,-78.5,0.));
#84 = DIRECTION('',(-0.,1.,0.));
#85 = DIRECTION('',(1.,0.,0.));
#86 = PCURVE('',#32,#87);
#87 = DEFINITIONAL_REPRESENTATION('',(#88),#92);
#88 = LINE('',#89,#90);
#89 = CARTESIAN_POINT('',(6.28318530718,1.));
#90 = VECTOR('',#91,1.);
#91 = DIRECTION('',(-1.,0.));
#92 = ( GEOMETRIC_REPRESENTATION_CONTEXT(2) 
PARAMETRIC_REPRESENTATION_CONTEXT() REPRESENTATION_CONTEXT('2D SPACE',''
  ) );
#93 = PCURVE('',#94,#99);
#94 = PLANE('',#95);
#95 = AXIS2_PLACEMENT_3D('',#96,#97,#98);
#96 = CARTESIAN_POINT('',(0.,-78.5,0.));
#97 = DIRECTION('',(0.,-1.,0.));
#98 = DIRECTION('',(1.,0.,0.));
#99 = DEFINITIONAL_REPRESENTATION('',(#100),#108);
#100 = ( BOUNDED_CURVE() B_SPLINE_CURVE(2,(#101,#102,#103,#104,#105,#106
,#107),.UNSPECIFIED.,.T.,.F.) B_SPLINE_CURVE_WITH_KNOTS((1,2,2,2,2,1),(
    -2.094395102393,0.,2.094395102393,4.188790204786,6.28318530718,
8.377580409573),.UNSPECIFIED.) CURVE() GEOMETRIC_REPRESENTATION_ITEM() 
RATIONAL_B_SPLINE_CURVE((1.,0.5,1.,0.5,1.,0.5,1.)) REPRESENTATION_ITEM(
  '') );
#101 = CARTESIAN_POINT('',(25.75,0.));
#102 = CARTESIAN_POINT('',(25.75,-44.60030829489));
#103 = CARTESIAN_POINT('',(-12.875,-22.30015414744));
#104 = CARTESIAN_POINT('',(-51.5,-6.306931015609E-15));
#105 = CARTESIAN_POINT('',(-12.875,22.300154147449));
#106 = CARTESIAN_POINT('',(25.75,44.600308294899));
#107 = CARTESIAN_POINT('',(25.75,0.));
#108 = ( GEOMETRIC_REPRESENTATION_CONTEXT(2) 
PARAMETRIC_REPRESENTATION_CONTEXT() REPRESENTATION_CONTEXT('2D SPACE',''
  ) );
#109 = ADVANCED_FACE('',(#110,#113),#66,.T.);
#110 = FACE_BOUND('',#111,.T.);
#111 = EDGE_LOOP('',(#112));
#112 = ORIENTED_EDGE('',*,*,#51,.T.);
#113 = FACE_BOUND('',#114,.T.);
#114 = EDGE_LOOP('',(#115));
#115 = ORIENTED_EDGE('',*,*,#116,.T.);
#116 = EDGE_CURVE('',#117,#117,#119,.T.);
#117 = VERTEX_POINT('',#118);
#118 = CARTESIAN_POINT('',(-25.2,-76.5,-3.086109933851E-15));
#119 = SURFACE_CURVE('',#120,(#125,#136),.PCURVE_S1.);
#120 = CIRCLE('',#121,25.2);
#121 = AXIS2_PLACEMENT_3D('',#122,#123,#124);
#122 = CARTESIAN_POINT('',(0.,-76.5,0.));
#123 = DIRECTION('',(-0.,1.,0.));
#124 = DIRECTION('',(1.,0.,0.));
#125 = PCURVE('',#66,#126);
#126 = DEFINITIONAL_REPRESENTATION('',(#127),#135);
#127 = ( BOUNDED_CURVE() B_SPLINE_CURVE(2,(#128,#129,#130,#131,#132,#133
,#134),.UNSPECIFIED.,.T.,.F.) B_SPLINE_CURVE_WITH_KNOTS((1,2,2,2,2,1),(
    -2.094395102393,0.,2.094395102393,4.188790204786,6.28318530718,
8.377580409573),.UNSPECIFIED.) CURVE() GEOMETRIC_REPRESENTATION_ITEM() 
RATIONAL_B_SPLINE_CURVE((1.,0.5,1.,0.5,1.,0.5,1.)) REPRESENTATION_ITEM(
  '') );
#128 = CARTESIAN_POINT('',(-25.,25.2));
#129 = CARTESIAN_POINT('',(18.647680350736,25.2));
#130 = CARTESIAN_POINT('',(-3.176159824632,-12.6));
#131 = CARTESIAN_POINT('',(-25.,-50.4));
#132 = CARTESIAN_POINT('',(-46.82384017536,-12.6));
#133 = CARTESIAN_POINT('',(-68.64768035073,25.2));
#134 = CARTESIAN_POINT('',(-25.,25.2));
#135 = ( GEOMETRIC_REPRESENTATION_CONTEXT(2) 
PARAMETRIC_REPRESENTATION_CONTEXT() REPRESENTATION_CONTEXT('2D SPACE',''
  ) );
#136 = PCURVE('',#137,#142);
#137 = CONICAL_SURFACE('',#138,24.25,0.380506377112);
#138 = AXIS2_PLACEMENT_3D('',#139,#140,#141);
#139 = CARTESIAN_POINT('',(0.,-74.125,0.));
#140 = DIRECTION('',(0.,-1.,0.));
#141 = DIRECTION('',(1.,0.,0.));
#142 = DEFINITIONAL_REPRESENTATION('',(#143),#147);
#143 = LINE('',#144,#145);
#144 = CARTESIAN_POINT('',(12.566370614359,2.375));
#145 = VECTOR('',#146,1.);
#146 = DIRECTION('',(-1.,0.));
#147 = ( GEOMETRIC_REPRESENTATION_CONTEXT(2) 
PARAMETRIC_REPRESENTATION_CONTEXT() REPRESENTATION_CONTEXT('2D SPACE',''
  ) );
#148 = ADVANCED_FACE('',(#149,#180),#94,.T.);
#149 = FACE_BOUND('',#150,.T.);
#150 = EDGE_LOOP('',(#151));
#151 = ORIENTED_EDGE('',*,*,#152,.T.);
#152 = EDGE_CURVE('',#153,#153,#155,.T.);
#153 = VERTEX_POINT('',#154);
#154 = CARTESIAN_POINT('',(-26.5,-78.5,-3.24531401774E-15));
#155 = SURFACE_CURVE('',#156,(#161,#168),.PCURVE_S1.);
#156 = CIRCLE('',#157,26.5);
#157 = AXIS2_PLACEMENT_3D('',#158,#159,#160);
#158 = CARTESIAN_POINT('',(0.,-78.5,0.));
#159 = DIRECTION('',(0.,-1.,0.));
#160 = DIRECTION('',(1.,0.,0.));
#161 = PCURVE('',#94,#162);
#162 = DEFINITIONAL_REPRESENTATION('',(#163),#167);
#163 = CIRCLE('',#164,26.5);
#164 = AXIS2_PLACEMENT_2D('',#165,#166);
#165 = CARTESIAN_POINT('',(0.,0.));
#166 = DIRECTION('',(1.,0.));
#167 = ( GEOMETRIC_REPRESENTATION_CONTEXT(2) 
PARAMETRIC_REPRESENTATION_CONTEXT() REPRESENTATION_CONTEXT('2D SPACE',''
  ) );
#168 = PCURVE('',#169,#174);
#169 = CYLINDRICAL_SURFACE('',#170,26.5);
#170 = AXIS2_PLACEMENT_3D('',#171,#172,#173);
#171 = CARTESIAN_POINT('',(0.,-64.28553390593,0.));
#172 = DIRECTION('',(0.,-1.,0.));
#173 = DIRECTION('',(1.,0.,0.));
#174 = DEFINITIONAL_REPRESENTATION('',(#175),#179);
#175 = LINE('',#176,#177);
#176 = CARTESIAN_POINT('',(0.,14.214466094067));
#177 = VECTOR('',#178,1.);
#178 = DIRECTION('',(1.,0.));
#179 = ( GEOMETRIC_REPRESENTATION_CONTEXT(2) 
PARAMETRIC_REPRESENTATION_CONTEXT() REPRESENTATION_CONTEXT('2D SPACE',''
  ) );
#180 = FACE_BOUND('',#181,.T.);
#181 = EDGE_LOOP('',(#182));
#182 = ORIENTED_EDGE('',*,*,#79,.T.);
#183 = ADVANCED_FACE('',(#184),#137,.F.);
#184 = FACE_BOUND('',#185,.F.);
#185 = EDGE_LOOP('',(#186,#217,#353,#382,#403,#404,#405,#429,#565,#594)
  );
#186 = ORIENTED_EDGE('',*,*,#187,.T.);
#187 = EDGE_CURVE('',#188,#190,#192,.T.);
#188 = VERTEX_POINT('',#189);
#189 = CARTESIAN_POINT('',(21.771121599336,-75.5,-11.87679520354));
#190 = VERTEX_POINT('',#191);
#191 = CARTESIAN_POINT('',(0.599957759772,-75.5,24.792741895291));
#192 = SURFACE_CURVE('',#193,(#198,#205),.PCURVE_S1.);
#193 = CIRCLE('',#194,24.8);
#194 = AXIS2_PLACEMENT_3D('',#195,#196,#197);
#195 = CARTESIAN_POINT('',(0.,-75.5,0.));
#196 = DIRECTION('',(0.,-1.,0.));
#197 = DIRECTION('',(1.,0.,0.));
#198 = PCURVE('',#137,#199);
#199 = DEFINITIONAL_REPRESENTATION('',(#200),#204);
#200 = LINE('',#201,#202);
#201 = CARTESIAN_POINT('',(0.,1.375));
#202 = VECTOR('',#203,1.);
#203 = DIRECTION('',(1.,0.));
#204 = ( GEOMETRIC_REPRESENTATION_CONTEXT(2) 
PARAMETRIC_REPRESENTATION_CONTEXT() REPRESENTATION_CONTEXT('2D SPACE',''
  ) );
#205 = PCURVE('',#206,#211);
#206 = CYLINDRICAL_SURFACE('',#207,24.8);
#207 = AXIS2_PLACEMENT_3D('',#208,#209,#210);
#208 = CARTESIAN_POINT('',(0.,-66.5,0.));
#209 = DIRECTION('',(0.,1.,0.));
#210 = DIRECTION('',(1.,0.,0.));
#211 = DEFINITIONAL_REPRESENTATION('',(#212),#216);
#212 = LINE('',#213,#214);
#213 = CARTESIAN_POINT('',(12.566370614359,-9.));
#214 = VECTOR('',#215,1.);
#215 = DIRECTION('',(-1.,0.));
#216 = ( GEOMETRIC_REPRESENTATION_CONTEXT(2) 
PARAMETRIC_REPRESENTATION_CONTEXT() REPRESENTATION_CONTEXT('2D SPACE',''
  ) );
#217 = ORIENTED_EDGE('',*,*,#218,.T.);
#218 = EDGE_CURVE('',#190,#219,#221,.T.);
#219 = VERTEX_POINT('',#220);
#220 = CARTESIAN_POINT('',(-0.599954437853,-75.5,24.792741975677));
#221 = SURFACE_CURVE('',#222,(#246,#297),.PCURVE_S1.);
#222 = B_SPLINE_CURVE_WITH_KNOTS('',3,(#223,#224,#225,#226,#227,#228,
    #229,#230,#231,#232,#233,#234,#235,#236,#237,#238,#239,#240,#241,
    #242,#243,#244,#245),.UNSPECIFIED.,.F.,.F.,(4,2,2,2,2,2,2,2,2,3,4),(
    0.349422170042,0.351370263335,0.479361486386,0.507330893144,
    0.515149249815,0.522967606486,0.530785963157,0.538604319828,
    0.566573726586,0.694564949636,0.69651304293),.UNSPECIFIED.);
#223 = CARTESIAN_POINT('',(0.599957759772,-75.5,24.792741895291));
#224 = CARTESIAN_POINT('',(0.599928390997,-75.49393093088,
    24.790314267647));
#225 = CARTESIAN_POINT('',(0.59988438367,-75.48788138009,24.787894803818
    ));
#226 = CARTESIAN_POINT('',(0.595992578495,-75.08572929191,
    24.627081053854));
#227 = CARTESIAN_POINT('',(0.538718700508,-74.61264553992,
    24.439946029455));
#228 = CARTESIAN_POINT('',(0.291743335955,-74.18674574952,
    24.272984741325));
#229 = CARTESIAN_POINT('',(0.227946844605,-74.10115436398,
    24.239507497676));
#230 = CARTESIAN_POINT('',(0.131200808021,-74.03614663506,
    24.214112403237));
#231 = CARTESIAN_POINT('',(0.106439825308,-74.02282303359,
    24.208909797365));
#232 = CARTESIAN_POINT('',(5.387769720603E-02,-74.0047323531,
    24.201846907156));
#233 = CARTESIAN_POINT('',(2.606281015269E-02,-73.99999999999,
    24.199999998252));
#234 = CARTESIAN_POINT('',(-2.605956765324E-02,-73.99999999999,
    24.200000001744));
#235 = CARTESIAN_POINT('',(-5.387445445911E-02,-74.0047323531,
    24.201846914375));
#236 = CARTESIAN_POINT('',(-0.106436581615,-74.02282303359,
    24.208909811626));
#237 = CARTESIAN_POINT('',(-0.131197563631,-74.03614663506,
    24.214112420816));
#238 = CARTESIAN_POINT('',(-0.227943596812,-74.10115436398,
    24.239507528217));
#239 = CARTESIAN_POINT('',(-0.291740083677,-74.18674574952,
    24.272984780415));
#240 = CARTESIAN_POINT('',(-0.538715425859,-74.61264553992,
    24.439946101636));
#241 = CARTESIAN_POINT('',(-0.595989278772,-75.08572929191,
    24.627081133709));
#242 = CARTESIAN_POINT('',(-0.59982271549,-75.48185218271,
    24.785483911152));
#243 = CARTESIAN_POINT('',(-0.5998810624,-75.48788138009,24.787894884194
    ));
#244 = CARTESIAN_POINT('',(-0.599925069403,-75.49393093088,
    24.790314348029));
#245 = CARTESIAN_POINT('',(-0.599954437853,-75.5,24.792741975677));
#246 = PCURVE('',#137,#247);
#247 = DEFINITIONAL_REPRESENTATION('',(#248),#296);
#248 = B_SPLINE_CURVE_WITH_KNOTS('',3,(#249,#250,#251,#252,#253,#254,
    #255,#256,#257,#258,#259,#260,#261,#262,#263,#264,#265,#266,#267,
    #268,#269,#270,#271,#272,#273,#274,#275,#276,#277,#278,#279,#280,
    #281,#282,#283,#284,#285,#286,#287,#288,#289,#290,#291,#292,#293,
    #294,#295),.UNSPECIFIED.,.F.,.F.,(4,1,1,1,1,1,1,1,1,1,1,1,1,1,1,1,1,
    1,1,1,1,1,1,1,1,1,1,1,1,1,1,1,1,1,1,1,1,1,1,1,1,1,1,1,4),(
    0.349422170042,0.357310598971,0.3651990279,0.37308745683,
    0.380975885759,0.388864314688,0.396752743617,0.404641172547,
    0.412529601476,0.420418030405,0.428306459334,0.436194888264,
    0.444083317193,0.451971746122,0.459860175052,0.467748603981,
    0.47563703291,0.483525461839,0.491413890769,0.499302319698,
    0.507190748627,0.515079177557,0.522967606486,0.530856035415,
    0.538744464344,0.546632893274,0.554521322203,0.562409751132,
    0.570298180062,0.578186608991,0.58607503792,0.593963466849,
    0.601851895779,0.609740324708,0.617628753637,0.625517182566,
    0.633405611496,0.641294040425,0.649182469354,0.657070898284,
    0.664959327213,0.672847756142,0.680736185071,0.688624614001,
    0.69651304293),.QUASI_UNIFORM_KNOTS.);
#249 = CARTESIAN_POINT('',(7.829787428506,1.375));
#250 = CARTESIAN_POINT('',(7.829783309569,1.35066286398));
#251 = CARTESIAN_POINT('',(7.829790967383,1.301457427113));
#252 = CARTESIAN_POINT('',(7.829855407248,1.226235785261));
#253 = CARTESIAN_POINT('',(7.829977901075,1.149723805162));
#254 = CARTESIAN_POINT('',(7.830164128076,1.072243643785));
#255 = CARTESIAN_POINT('',(7.830419652284,0.994064293483));
#256 = CARTESIAN_POINT('',(7.830750106032,0.915469190129));
#257 = CARTESIAN_POINT('',(7.831161137706,0.836738139638));
#258 = CARTESIAN_POINT('',(7.8316584222,0.758152205509));
#259 = CARTESIAN_POINT('',(7.83224765308,0.679992449886));
#260 = CARTESIAN_POINT('',(7.832934541859,0.602540315487));
#261 = CARTESIAN_POINT('',(7.833724803668,0.526077606375));
#262 = CARTESIAN_POINT('',(7.834624186703,0.450886448206));
#263 = CARTESIAN_POINT('',(7.835638336469,0.377249747158));
#264 = CARTESIAN_POINT('',(7.836773273263,0.305449689836));
#265 = CARTESIAN_POINT('',(7.838033578004,0.235773595311));
#266 = CARTESIAN_POINT('',(7.83942912737,0.16849233188));
#267 = CARTESIAN_POINT('',(7.840949919223,0.103941136472));
#268 = CARTESIAN_POINT('',(7.842858120642,3.70102609787E-02));
#269 = CARTESIAN_POINT('',(7.845107661925,-2.533244833522E-02));
#270 = CARTESIAN_POINT('',(7.847545911349,-7.573510554243E-02));
#271 = CARTESIAN_POINT('',(7.850579438358,-0.115038085219));
#272 = CARTESIAN_POINT('',(7.853981566981,-0.129980957399));
#273 = CARTESIAN_POINT('',(7.857383695603,-0.115038085219));
#274 = CARTESIAN_POINT('',(7.860417222612,-7.573510554249E-02));
#275 = CARTESIAN_POINT('',(7.862855472036,-2.533244833526E-02));
#276 = CARTESIAN_POINT('',(7.86510501332,3.701026097868E-02));
#277 = CARTESIAN_POINT('',(7.867013214738,0.103941136472));
#278 = CARTESIAN_POINT('',(7.868534006591,0.16849233188));
#279 = CARTESIAN_POINT('',(7.869929555957,0.235773595311));
#280 = CARTESIAN_POINT('',(7.871189860699,0.305449689836));
#281 = CARTESIAN_POINT('',(7.872324797492,0.377249747158));
#282 = CARTESIAN_POINT('',(7.873338947258,0.450886448206));
#283 = CARTESIAN_POINT('',(7.874238330293,0.526077606375));
#284 = CARTESIAN_POINT('',(7.875028592102,0.602540315487));
#285 = CARTESIAN_POINT('',(7.875715480882,0.679992449886));
#286 = CARTESIAN_POINT('',(7.876304711761,0.758152205509));
#287 = CARTESIAN_POINT('',(7.876801996255,0.836738139638));
#288 = CARTESIAN_POINT('',(7.87721302793,0.915469190129));
#289 = CARTESIAN_POINT('',(7.877543481677,0.994064293483));
#290 = CARTESIAN_POINT('',(7.877799005885,1.072243643785));
#291 = CARTESIAN_POINT('',(7.877985232886,1.149723805161));
#292 = CARTESIAN_POINT('',(7.878107726714,1.226235785261));
#293 = CARTESIAN_POINT('',(7.878172166578,1.301457427113));
#294 = CARTESIAN_POINT('',(7.878179824392,1.35066286398));
#295 = CARTESIAN_POINT('',(7.878175705455,1.375));
#296 = ( GEOMETRIC_REPRESENTATION_CONTEXT(2) 
PARAMETRIC_REPRESENTATION_CONTEXT() REPRESENTATION_CONTEXT('2D SPACE',''
  ) );
#297 = PCURVE('',#298,#303);
#298 = CYLINDRICAL_SURFACE('',#299,0.600000000002);
#299 = AXIS2_PLACEMENT_3D('',#300,#301,#302);
#300 = CARTESIAN_POINT('',(1.661446000178E-06,-66.5,24.8));
#301 = DIRECTION('',(0.,1.,0.));
#302 = DIRECTION('',(1.,0.,0.));
#303 = DEFINITIONAL_REPRESENTATION('',(#304),#352);
#304 = B_SPLINE_CURVE_WITH_KNOTS('',3,(#305,#306,#307,#308,#309,#310,
    #311,#312,#313,#314,#315,#316,#317,#318,#319,#320,#321,#322,#323,
    #324,#325,#326,#327,#328,#329,#330,#331,#332,#333,#334,#335,#336,
    #337,#338,#339,#340,#341,#342,#343,#344,#345,#346,#347,#348,#349,
    #350,#351),.UNSPECIFIED.,.F.,.F.,(4,1,1,1,1,1,1,1,1,1,1,1,1,1,1,1,1,
    1,1,1,1,1,1,1,1,1,1,1,1,1,1,1,1,1,1,1,1,1,1,1,1,1,1,1,4),(
    0.349422170042,0.357310598971,0.3651990279,0.37308745683,
    0.380975885759,0.388864314688,0.396752743617,0.404641172547,
    0.412529601476,0.420418030405,0.428306459334,0.436194888264,
    0.444083317193,0.451971746122,0.459860175052,0.467748603981,
    0.47563703291,0.483525461839,0.491413890769,0.499302319698,
    0.507190748627,0.515079177557,0.522967606486,0.530856035415,
    0.538744464344,0.546632893274,0.554521322203,0.562409751132,
    0.570298180062,0.578186608991,0.58607503792,0.593963466849,
    0.601851895779,0.609740324708,0.617628753637,0.625517182566,
    0.633405611496,0.641294040425,0.649182469354,0.657070898284,
    0.664959327213,0.672847756142,0.680736185071,0.688624614001,
    0.69651304293),.QUASI_UNIFORM_KNOTS.);
#305 = CARTESIAN_POINT('',(1.209713623087E-02,-9.));
#306 = CARTESIAN_POINT('',(2.832655462029E-02,-8.975663256366));
#307 = CARTESIAN_POINT('',(6.111751880316E-02,-8.926456597501));
#308 = CARTESIAN_POINT('',(0.111284254144,-8.851228579038));
#309 = CARTESIAN_POINT('',(0.162441054056,-8.774707100214));
#310 = CARTESIAN_POINT('',(0.214507153772,-8.697215932701));
#311 = CARTESIAN_POINT('',(0.267467850273,-8.619025472204));
#312 = CARTESIAN_POINT('',(0.321335810874,-8.540420416444));
#313 = CARTESIAN_POINT('',(0.3761639487,-8.461681631038));
#314 = CARTESIAN_POINT('',(0.43204373213,-8.383091008002));
#315 = CARTESIAN_POINT('',(0.48910660687,-8.30493016586));
#316 = CARTESIAN_POINT('',(0.547523872953,-8.227480790707));
#317 = CARTESIAN_POINT('',(0.607505585654,-8.151024571842));
#318 = CARTESIAN_POINT('',(0.669299910894,-8.075843118183));
#319 = CARTESIAN_POINT('',(0.733184832008,-8.002218356968));
#320 = CARTESIAN_POINT('',(0.799480203908,-7.930431022528));
#321 = CARTESIAN_POINT('',(0.8684718159,-7.860766302511));
#322 = CARTESIAN_POINT('',(0.940646697496,-7.793492764197));
#323 = CARTESIAN_POINT('',(1.015743360906,-7.728941003027));
#324 = CARTESIAN_POINT('',(1.104844901282,-7.662010513803));
#325 = CARTESIAN_POINT('',(1.204749718312,-7.599667791851));
#326 = CARTESIAN_POINT('',(1.308628381793,-7.549264831608));
#327 = CARTESIAN_POINT('',(1.43356294972,-7.50996192689));
#328 = CARTESIAN_POINT('',(1.570796393789,-7.495019036546));
#329 = CARTESIAN_POINT('',(1.708029837857,-7.50996192689));
#330 = CARTESIAN_POINT('',(1.832964405785,-7.549264831608));
#331 = CARTESIAN_POINT('',(1.936843069265,-7.599667791851));
#332 = CARTESIAN_POINT('',(2.036747886295,-7.662010513803));
#333 = CARTESIAN_POINT('',(2.125849426671,-7.728941003027));
#334 = CARTESIAN_POINT('',(2.200946090081,-7.793492764197));
#335 = CARTESIAN_POINT('',(2.273120971678,-7.860766302511));
#336 = CARTESIAN_POINT('',(2.34211258367,-7.930431022528));
#337 = CARTESIAN_POINT('',(2.408407955569,-8.002218356968));
#338 = CARTESIAN_POINT('',(2.472292876683,-8.075843118183));
#339 = CARTESIAN_POINT('',(2.534087201924,-8.151024571842));
#340 = CARTESIAN_POINT('',(2.594068914624,-8.227480790707));
#341 = CARTESIAN_POINT('',(2.652486180707,-8.30493016586));
#342 = CARTESIAN_POINT('',(2.709549055448,-8.383091008002));
#343 = CARTESIAN_POINT('',(2.765428838877,-8.461681631038));
#344 = CARTESIAN_POINT('',(2.820256976704,-8.540420416444));
#345 = CARTESIAN_POINT('',(2.874124937304,-8.619025472204));
#346 = CARTESIAN_POINT('',(2.927085633806,-8.697215932701));
#347 = CARTESIAN_POINT('',(2.979151733521,-8.774707100213));
#348 = CARTESIAN_POINT('',(3.030308533433,-8.851228579038));
#349 = CARTESIAN_POINT('',(3.080475268774,-8.926456597501));
#350 = CARTESIAN_POINT('',(3.113266232957,-8.975663256366));
#351 = CARTESIAN_POINT('',(3.129495651346,-9.));
#352 = ( GEOMETRIC_REPRESENTATION_CONTEXT(2) 
PARAMETRIC_REPRESENTATION_CONTEXT() REPRESENTATION_CONTEXT('2D SPACE',''
  ) );
#353 = ORIENTED_EDGE('',*,*,#354,.T.);
#354 = EDGE_CURVE('',#219,#355,#357,.T.);
#355 = VERTEX_POINT('',#356);
#356 = CARTESIAN_POINT('',(-24.8,-75.5,-3.037124061885E-15));
#357 = SURFACE_CURVE('',#358,(#363,#370),.PCURVE_S1.);
#358 = CIRCLE('',#359,24.8);
#359 = AXIS2_PLACEMENT_3D('',#360,#361,#362);
#360 = CARTESIAN_POINT('',(0.,-75.5,0.));
#361 = DIRECTION('',(0.,-1.,0.));
#362 = DIRECTION('',(1.,0.,0.));
#363 = PCURVE('',#137,#364);
#364 = DEFINITIONAL_REPRESENTATION('',(#365),#369);
#365 = LINE('',#366,#367);
#366 = CARTESIAN_POINT('',(6.28318530718,1.375));
#367 = VECTOR('',#368,1.);
#368 = DIRECTION('',(1.,0.));
#369 = ( GEOMETRIC_REPRESENTATION_CONTEXT(2) 
PARAMETRIC_REPRESENTATION_CONTEXT() REPRESENTATION_CONTEXT('2D SPACE',''
  ) );
#370 = PCURVE('',#371,#376);
#371 = CYLINDRICAL_SURFACE('',#372,24.8);
#372 = AXIS2_PLACEMENT_3D('',#373,#374,#375);
#373 = CARTESIAN_POINT('',(0.,-66.5,0.));
#374 = DIRECTION('',(0.,1.,0.));
#375 = DIRECTION('',(-0.866025370288,0.,0.500000058018));
#376 = DEFINITIONAL_REPRESENTATION('',(#377),#381);
#377 = LINE('',#378,#379);
#378 = CARTESIAN_POINT('',(8.901179118177,-9.));
#379 = VECTOR('',#380,1.);
#380 = DIRECTION('',(-1.,0.));
#381 = ( GEOMETRIC_REPRESENTATION_CONTEXT(2) 
PARAMETRIC_REPRESENTATION_CONTEXT() REPRESENTATION_CONTEXT('2D SPACE',''
  ) );
#382 = ORIENTED_EDGE('',*,*,#383,.T.);
#383 = EDGE_CURVE('',#355,#117,#384,.T.);
#384 = SEAM_CURVE('',#385,(#389,#396),.PCURVE_S1.);
#385 = LINE('',#386,#387);
#386 = CARTESIAN_POINT('',(-24.25,-74.125,-2.969768487932E-15));
#387 = VECTOR('',#388,1.);
#388 = DIRECTION('',(-0.371390676354,-0.928476690885,-4.548224030302E-17
    ));
#389 = PCURVE('',#137,#390);
#390 = DEFINITIONAL_REPRESENTATION('',(#391),#395);
#391 = LINE('',#392,#393);
#392 = CARTESIAN_POINT('',(9.424777960769,0.));
#393 = VECTOR('',#394,1.);
#394 = DIRECTION('',(0.,1.));
#395 = ( GEOMETRIC_REPRESENTATION_CONTEXT(2) 
PARAMETRIC_REPRESENTATION_CONTEXT() REPRESENTATION_CONTEXT('2D SPACE',''
  ) );
#396 = PCURVE('',#137,#397);
#397 = DEFINITIONAL_REPRESENTATION('',(#398),#402);
#398 = LINE('',#399,#400);
#399 = CARTESIAN_POINT('',(3.14159265359,0.));
#400 = VECTOR('',#401,1.);
#401 = DIRECTION('',(0.,1.));
#402 = ( GEOMETRIC_REPRESENTATION_CONTEXT(2) 
PARAMETRIC_REPRESENTATION_CONTEXT() REPRESENTATION_CONTEXT('2D SPACE',''
  ) );
#403 = ORIENTED_EDGE('',*,*,#116,.T.);
#404 = ORIENTED_EDGE('',*,*,#383,.F.);
#405 = ORIENTED_EDGE('',*,*,#406,.T.);
#406 = EDGE_CURVE('',#355,#407,#409,.T.);
#407 = VERTEX_POINT('',#408);
#408 = CARTESIAN_POINT('',(-21.77112319067,-75.5,-11.87679228648));
#409 = SURFACE_CURVE('',#410,(#415,#422),.PCURVE_S1.);
#410 = CIRCLE('',#411,24.8);
#411 = AXIS2_PLACEMENT_3D('',#412,#413,#414);
#412 = CARTESIAN_POINT('',(0.,-75.5,0.));
#413 = DIRECTION('',(0.,-1.,0.));
#414 = DIRECTION('',(1.,0.,0.));
#415 = PCURVE('',#137,#416);
#416 = DEFINITIONAL_REPRESENTATION('',(#417),#421);
#417 = LINE('',#418,#419);
#418 = CARTESIAN_POINT('',(0.,1.375));
#419 = VECTOR('',#420,1.);
#420 = DIRECTION('',(1.,0.));
#421 = ( GEOMETRIC_REPRESENTATION_CONTEXT(2) 
PARAMETRIC_REPRESENTATION_CONTEXT() REPRESENTATION_CONTEXT('2D SPACE',''
  ) );
#422 = PCURVE('',#371,#423);
#423 = DEFINITIONAL_REPRESENTATION('',(#424),#428);
#424 = LINE('',#425,#426);
#425 = CARTESIAN_POINT('',(8.901179118177,-9.));
#426 = VECTOR('',#427,1.);
#427 = DIRECTION('',(-1.,0.));
#428 = ( GEOMETRIC_REPRESENTATION_CONTEXT(2) 
PARAMETRIC_REPRESENTATION_CONTEXT() REPRESENTATION_CONTEXT('2D SPACE',''
  ) );
#429 = ORIENTED_EDGE('',*,*,#430,.T.);
#430 = EDGE_CURVE('',#407,#431,#433,.T.);
#431 = VERTEX_POINT('',#432);
#432 = CARTESIAN_POINT('',(-21.17116716148,-75.5,-12.91594677213));
#433 = SURFACE_CURVE('',#434,(#458,#509),.PCURVE_S1.);
#434 = B_SPLINE_CURVE_WITH_KNOTS('',3,(#435,#436,#437,#438,#439,#440,
    #441,#442,#443,#444,#445,#446,#447,#448,#449,#450,#451,#452,#453,
    #454,#455,#456,#457),.UNSPECIFIED.,.F.,.F.,(4,2,2,2,2,2,2,2,2,3,4),(
    0.349422170042,0.351370263335,0.479361486386,0.507330893144,
    0.515149249815,0.522967606486,0.530785963157,0.538604319828,
    0.566573726586,0.694564949636,0.69651304293),.UNSPECIFIED.);
#435 = CARTESIAN_POINT('',(-21.77112319067,-75.5,-11.87679228648));
#436 = CARTESIAN_POINT('',(-21.76900611908,-75.49393093088,
    -11.87560390676));
#437 = CARTESIAN_POINT('',(-21.76688879827,-75.48788138009,
    -11.87443228631));
#438 = CARTESIAN_POINT('',(-21.62567410294,-75.08572929191,
    -11.79739581348));
#439 = CARTESIAN_POINT('',(-21.43497347888,-74.61264553992,
    -11.75342893459));
#440 = CARTESIAN_POINT('',(-21.16689307963,-74.18674574952,
    -11.88383523034));
#441 = CARTESIAN_POINT('',(-21.10600269051,-74.10115436398,
    -11.92234599069));
#442 = CARTESIAN_POINT('',(-21.0356368753,-74.03614663506,
    -11.99343296887));
#443 = CARTESIAN_POINT('',(-21.01875079509,-74.02282303359,
    -12.01227530599));
#444 = CARTESIAN_POINT('',(-20.9863530887,-74.0047323531,-12.0542639991)
  );
#445 = CARTESIAN_POINT('',(-20.97084617514,-73.99999999999,
    -12.07742894344));
#446 = CARTESIAN_POINT('',(-20.94478498926,-73.99999999999,
    -12.12256824847));
#447 = CARTESIAN_POINT('',(-20.93247701912,-74.0047323531,
    -12.14758010336));
#448 = CARTESIAN_POINT('',(-20.91231260398,-74.02282303359,
    -12.19663168938));
#449 = CARTESIAN_POINT('',(-20.9044377047,-74.03614663506,
    -12.22067663342));
#450 = CARTESIAN_POINT('',(-20.87805749625,-74.10115436398,
    -12.31715870957));
#451 = CARTESIAN_POINT('',(-20.87515140367,-74.18674574952,
    -12.38914671397));
#452 = CARTESIAN_POINT('',(-20.89625647821,-74.61264553992,
    -12.68651429502));
#453 = CARTESIAN_POINT('',(-21.02968324346,-75.08572929191,
    -12.82968242265));
#454 = CARTESIAN_POINT('',(-21.1649473544,-75.48185218271,
    -12.91220366495));
#455 = CARTESIAN_POINT('',(-21.16700614485,-75.48788138009,
    -12.91345968138));
#456 = CARTESIAN_POINT('',(-21.16907945849,-75.49393093088,
    -12.91470752448));
#457 = CARTESIAN_POINT('',(-21.17116716148,-75.5,-12.91594677213));
#458 = PCURVE('',#137,#459);
#459 = DEFINITIONAL_REPRESENTATION('',(#460),#508);
#460 = B_SPLINE_CURVE_WITH_KNOTS('',3,(#461,#462,#463,#464,#465,#466,
    #467,#468,#469,#470,#471,#472,#473,#474,#475,#476,#477,#478,#479,
    #480,#481,#482,#483,#484,#485,#486,#487,#488,#489,#490,#491,#492,
    #493,#494,#495,#496,#497,#498,#499,#500,#501,#502,#503,#504,#505,
    #506,#507),.UNSPECIFIED.,.F.,.F.,(4,1,1,1,1,1,1,1,1,1,1,1,1,1,1,1,1,
    1,1,1,1,1,1,1,1,1,1,1,1,1,1,1,1,1,1,1,1,1,1,1,1,1,1,1,4),(
    0.349422170042,0.357310598971,0.3651990279,0.37308745683,
    0.380975885759,0.388864314688,0.396752743617,0.404641172547,
    0.412529601476,0.420418030405,0.428306459334,0.436194888264,
    0.444083317193,0.451971746122,0.459860175052,0.467748603981,
    0.47563703291,0.483525461839,0.491413890769,0.499302319698,
    0.507190748627,0.515079177557,0.522967606486,0.530856035415,
    0.538744464344,0.546632893274,0.554521322203,0.562409751132,
    0.570298180062,0.578186608991,0.58607503792,0.593963466849,
    0.601851895779,0.609740324708,0.617628753637,0.625517182567,
    0.633405611496,0.641294040425,0.649182469354,0.657070898284,
    0.664959327213,0.672847756142,0.680736185071,0.688624614001,
    0.69651304293),.QUASI_UNIFORM_KNOTS.);
#461 = CARTESIAN_POINT('',(3.64099722372,1.375));
#462 = CARTESIAN_POINT('',(3.640993104783,1.35066286398));
#463 = CARTESIAN_POINT('',(3.641000762597,1.301457427113));
#464 = CARTESIAN_POINT('',(3.641065202461,1.226235785261));
#465 = CARTESIAN_POINT('',(3.641187696289,1.149723805161));
#466 = CARTESIAN_POINT('',(3.64137392329,1.072243643785));
#467 = CARTESIAN_POINT('',(3.641629447498,0.994064293483));
#468 = CARTESIAN_POINT('',(3.641959901245,0.915469190129));
#469 = CARTESIAN_POINT('',(3.64237093292,0.836738139638));
#470 = CARTESIAN_POINT('',(3.642868217414,0.758152205509));
#471 = CARTESIAN_POINT('',(3.643457448293,0.679992449886));
#472 = CARTESIAN_POINT('',(3.644144337073,0.602540315487));
#473 = CARTESIAN_POINT('',(3.644934598882,0.526077606375));
#474 = CARTESIAN_POINT('',(3.645833981917,0.450886448206));
#475 = CARTESIAN_POINT('',(3.646848131683,0.377249747158));
#476 = CARTESIAN_POINT('',(3.647983068476,0.305449689836));
#477 = CARTESIAN_POINT('',(3.649243373218,0.235773595311));
#478 = CARTESIAN_POINT('',(3.650638922584,0.16849233188));
#479 = CARTESIAN_POINT('',(3.652159714437,0.103941136472));
#480 = CARTESIAN_POINT('',(3.654067915855,3.701026097869E-02));
#481 = CARTESIAN_POINT('',(3.656317457139,-2.533244833524E-02));
#482 = CARTESIAN_POINT('',(3.658755706563,-7.573510554251E-02));
#483 = CARTESIAN_POINT('',(3.661789233572,-0.115038085219));
#484 = CARTESIAN_POINT('',(3.665191362194,-0.129980957399));
#485 = CARTESIAN_POINT('',(3.668593490817,-0.115038085219));
#486 = CARTESIAN_POINT('',(3.671627017826,-7.573510554244E-02));
#487 = CARTESIAN_POINT('',(3.67406526725,-2.533244833523E-02));
#488 = CARTESIAN_POINT('',(3.676314808533,3.701026097868E-02));
#489 = CARTESIAN_POINT('',(3.678223009952,0.103941136472));
#490 = CARTESIAN_POINT('',(3.679743801805,0.16849233188));
#491 = CARTESIAN_POINT('',(3.681139351171,0.235773595311));
#492 = CARTESIAN_POINT('',(3.682399655912,0.305449689836));
#493 = CARTESIAN_POINT('',(3.683534592706,0.377249747158));
#494 = CARTESIAN_POINT('',(3.684548742472,0.450886448206));
#495 = CARTESIAN_POINT('',(3.685448125507,0.526077606375));
#496 = CARTESIAN_POINT('',(3.686238387316,0.602540315487));
#497 = CARTESIAN_POINT('',(3.686925276095,0.679992449886));
#498 = CARTESIAN_POINT('',(3.687514506975,0.758152205509));
#499 = CARTESIAN_POINT('',(3.688011791469,0.836738139638));
#500 = CARTESIAN_POINT('',(3.688422823143,0.915469190129));
#501 = CARTESIAN_POINT('',(3.688753276891,0.994064293483));
#502 = CARTESIAN_POINT('',(3.689008801099,1.072243643785));
#503 = CARTESIAN_POINT('',(3.6891950281,1.149723805161));
#504 = CARTESIAN_POINT('',(3.689317521927,1.226235785261));
#505 = CARTESIAN_POINT('',(3.689381961792,1.301457427113));
#506 = CARTESIAN_POINT('',(3.689389619606,1.35066286398));
#507 = CARTESIAN_POINT('',(3.689385500669,1.375));
#508 = ( GEOMETRIC_REPRESENTATION_CONTEXT(2) 
PARAMETRIC_REPRESENTATION_CONTEXT() REPRESENTATION_CONTEXT('2D SPACE',''
  ) );
#509 = PCURVE('',#510,#515);
#510 = CYLINDRICAL_SURFACE('',#511,0.600000000002);
#511 = AXIS2_PLACEMENT_3D('',#512,#513,#514);
#512 = CARTESIAN_POINT('',(-21.47743084457,-66.5,-12.39999856114));
#513 = DIRECTION('',(0.,1.,0.));
#514 = DIRECTION('',(1.,0.,0.));
#515 = DEFINITIONAL_REPRESENTATION('',(#516),#564);
#516 = B_SPLINE_CURVE_WITH_KNOTS('',3,(#517,#518,#519,#520,#521,#522,
    #523,#524,#525,#526,#527,#528,#529,#530,#531,#532,#533,#534,#535,
    #536,#537,#538,#539,#540,#541,#542,#543,#544,#545,#546,#547,#548,
    #549,#550,#551,#552,#553,#554,#555,#556,#557,#558,#559,#560,#561,
    #562,#563),.UNSPECIFIED.,.F.,.F.,(4,1,1,1,1,1,1,1,1,1,1,1,1,1,1,1,1,
    1,1,1,1,1,1,1,1,1,1,1,1,1,1,1,1,1,1,1,1,1,1,1,1,1,1,1,4),(
    0.349422170042,0.357310598971,0.3651990279,0.37308745683,
    0.380975885759,0.388864314688,0.396752743617,0.404641172547,
    0.412529601476,0.420418030405,0.428306459334,0.436194888264,
    0.444083317193,0.451971746122,0.459860175052,0.467748603981,
    0.47563703291,0.483525461839,0.491413890769,0.499302319698,
    0.507190748627,0.515079177557,0.522967606486,0.530856035415,
    0.538744464344,0.546632893274,0.554521322203,0.562409751132,
    0.570298180062,0.578186608991,0.58607503792,0.593963466849,
    0.601851895779,0.609740324708,0.617628753637,0.625517182567,
    0.633405611496,0.641294040425,0.649182469354,0.657070898284,
    0.664959327213,0.672847756142,0.680736185071,0.688624614001,
    0.69651304293),.QUASI_UNIFORM_KNOTS.);
#517 = CARTESIAN_POINT('',(4.200887341017,-9.));
#518 = CARTESIAN_POINT('',(4.217116759407,-8.975663256366));
#519 = CARTESIAN_POINT('',(4.249907723589,-8.926456597501));
#520 = CARTESIAN_POINT('',(4.300074458931,-8.851228579039));
#521 = CARTESIAN_POINT('',(4.351231258843,-8.774707100213));
#522 = CARTESIAN_POINT('',(4.403297358558,-8.697215932701));
#523 = CARTESIAN_POINT('',(4.456258055059,-8.619025472204));
#524 = CARTESIAN_POINT('',(4.51012601566,-8.540420416444));
#525 = CARTESIAN_POINT('',(4.564954153487,-8.461681631038));
#526 = CARTESIAN_POINT('',(4.620833936916,-8.383091008002));
#527 = CARTESIAN_POINT('',(4.677896811657,-8.30493016586));
#528 = CARTESIAN_POINT('',(4.73631407774,-8.227480790707));
#529 = CARTESIAN_POINT('',(4.79629579044,-8.151024571842));
#530 = CARTESIAN_POINT('',(4.858090115681,-8.075843118183));
#531 = CARTESIAN_POINT('',(4.921975036794,-8.002218356968));
#532 = CARTESIAN_POINT('',(4.988270408694,-7.930431022528));
#533 = CARTESIAN_POINT('',(5.057262020686,-7.860766302511));
#534 = CARTESIAN_POINT('',(5.129436902283,-7.793492764197));
#535 = CARTESIAN_POINT('',(5.204533565693,-7.728941003027));
#536 = CARTESIAN_POINT('',(5.293635106069,-7.662010513803));
#537 = CARTESIAN_POINT('',(5.393539923099,-7.599667791851));
#538 = CARTESIAN_POINT('',(5.497418586579,-7.549264831608));
#539 = CARTESIAN_POINT('',(5.622353154507,-7.509961926891));
#540 = CARTESIAN_POINT('',(5.759586598575,-7.495019036546));
#541 = CARTESIAN_POINT('',(5.896820042644,-7.50996192689));
#542 = CARTESIAN_POINT('',(6.021754610571,-7.549264831608));
#543 = CARTESIAN_POINT('',(6.125633274052,-7.599667791851));
#544 = CARTESIAN_POINT('',(6.225538091082,-7.662010513803));
#545 = CARTESIAN_POINT('',(6.314639631458,-7.728941003027));
#546 = CARTESIAN_POINT('',(6.389736294868,-7.793492764197));
#547 = CARTESIAN_POINT('',(6.461911176464,-7.860766302511));
#548 = CARTESIAN_POINT('',(6.530902788456,-7.930431022528));
#549 = CARTESIAN_POINT('',(6.597198160356,-8.002218356968));
#550 = CARTESIAN_POINT('',(6.66108308147,-8.075843118183));
#551 = CARTESIAN_POINT('',(6.72287740671,-8.151024571842));
#552 = CARTESIAN_POINT('',(6.78285911941,-8.227480790707));
#553 = CARTESIAN_POINT('',(6.841276385494,-8.30493016586));
#554 = CARTESIAN_POINT('',(6.898339260234,-8.383091008002));
#555 = CARTESIAN_POINT('',(6.954219043664,-8.461681631038));
#556 = CARTESIAN_POINT('',(7.00904718149,-8.540420416444));
#557 = CARTESIAN_POINT('',(7.062915142091,-8.619025472204));
#558 = CARTESIAN_POINT('',(7.115875838592,-8.697215932701));
#559 = CARTESIAN_POINT('',(7.167941938307,-8.774707100213));
#560 = CARTESIAN_POINT('',(7.219098738219,-8.851228579039));
#561 = CARTESIAN_POINT('',(7.269265473561,-8.926456597501));
#562 = CARTESIAN_POINT('',(7.302056437744,-8.975663256366));
#563 = CARTESIAN_POINT('',(7.318285856133,-9.));
#564 = ( GEOMETRIC_REPRESENTATION_CONTEXT(2) 
PARAMETRIC_REPRESENTATION_CONTEXT() REPRESENTATION_CONTEXT('2D SPACE',''
  ) );
#565 = ORIENTED_EDGE('',*,*,#566,.T.);
#566 = EDGE_CURVE('',#431,#567,#569,.T.);
#567 = VERTEX_POINT('',#568);
#568 = CARTESIAN_POINT('',(21.171165430906,-75.5,-12.9159496088));
#569 = SURFACE_CURVE('',#570,(#575,#582),.PCURVE_S1.);
#570 = CIRCLE('',#571,24.8);
#571 = AXIS2_PLACEMENT_3D('',#572,#573,#574);
#572 = CARTESIAN_POINT('',(0.,-75.5,0.));
#573 = DIRECTION('',(0.,-1.,0.));
#574 = DIRECTION('',(1.,0.,0.));
#575 = PCURVE('',#137,#576);
#576 = DEFINITIONAL_REPRESENTATION('',(#577),#581);
#577 = LINE('',#578,#579);
#578 = CARTESIAN_POINT('',(-4.440892098501E-16,1.375));
#579 = VECTOR('',#580,1.);
#580 = DIRECTION('',(1.,0.));
#581 = ( GEOMETRIC_REPRESENTATION_CONTEXT(2) 
PARAMETRIC_REPRESENTATION_CONTEXT() REPRESENTATION_CONTEXT('2D SPACE',''
  ) );
#582 = PCURVE('',#583,#588);
#583 = CYLINDRICAL_SURFACE('',#584,24.8);
#584 = AXIS2_PLACEMENT_3D('',#585,#586,#587);
#585 = CARTESIAN_POINT('',(0.,-66.5,0.));
#586 = DIRECTION('',(0.,1.,0.));
#587 = DIRECTION('',(1.,0.,0.));
#588 = DEFINITIONAL_REPRESENTATION('',(#589),#593);
#589 = LINE('',#590,#591);
#590 = CARTESIAN_POINT('',(6.28318530718,-9.));
#591 = VECTOR('',#592,1.);
#592 = DIRECTION('',(-1.,0.));
#593 = ( GEOMETRIC_REPRESENTATION_CONTEXT(2) 
PARAMETRIC_REPRESENTATION_CONTEXT() REPRESENTATION_CONTEXT('2D SPACE',''
  ) );
#594 = ORIENTED_EDGE('',*,*,#595,.T.);
#595 = EDGE_CURVE('',#567,#188,#596,.T.);
#596 = SURFACE_CURVE('',#597,(#621,#672),.PCURVE_S1.);
#597 = B_SPLINE_CURVE_WITH_KNOTS('',3,(#598,#599,#600,#601,#602,#603,
    #604,#605,#606,#607,#608,#609,#610,#611,#612,#613,#614,#615,#616,
    #617,#618,#619,#620),.UNSPECIFIED.,.F.,.F.,(4,2,2,2,2,2,2,2,2,3,4),(
    0.349422170042,0.351370263335,0.479361486386,0.507330893144,
    0.515149249815,0.522967606486,0.530785963157,0.538604319828,
    0.566573726586,0.694564949636,0.69651304293),.UNSPECIFIED.);
#598 = CARTESIAN_POINT('',(21.171165430906,-75.5,-12.9159496088));
#599 = CARTESIAN_POINT('',(21.169077728083,-75.49393093088,
    -12.91471036087));
#600 = CARTESIAN_POINT('',(21.167004414607,-75.48788138009,
    -12.9134625175));
#601 = CARTESIAN_POINT('',(21.029681524448,-75.08572929191,
    -12.82968524037));
#602 = CARTESIAN_POINT('',(20.896254778374,-74.61264553992,
    -12.68651709486));
#603 = CARTESIAN_POINT('',(20.875149743682,-74.18674574952,
    -12.38914951098));
#604 = CARTESIAN_POINT('',(20.878055845908,-74.10115436398,
    -12.31716150697));
#605 = CARTESIAN_POINT('',(20.904436067284,-74.03614663506,
    -12.22067943436));
#606 = CARTESIAN_POINT('',(20.91231096979,-74.02282303359,
    -12.19663449137));
#607 = CARTESIAN_POINT('',(20.932475391496,-74.0047323531,
    -12.14758290805));
#608 = CARTESIAN_POINT('',(20.944783364993,-73.99999999999,
    -12.12257105481));
#609 = CARTESIAN_POINT('',(20.97084455692,-73.99999999999,
    -12.07743175327));
#610 = CARTESIAN_POINT('',(20.98635147358,-74.0047323531,-12.05426681101
    ));
#611 = CARTESIAN_POINT('',(21.018749185602,-74.02282303359,
    -12.01227812224));
#612 = CARTESIAN_POINT('',(21.035635268334,-74.03614663506,
    -11.99343578738));
#613 = CARTESIAN_POINT('',(21.106001093066,-74.10115436398,
    -11.92234881864));
#614 = CARTESIAN_POINT('',(21.166891487351,-74.18674574952,
    -11.88383806644));
#615 = CARTESIAN_POINT('',(21.434971904069,-74.61264553992,
    -11.75343180661));
#616 = CARTESIAN_POINT('',(21.625672522239,-75.08572929191,
    -11.79739871105));
#617 = CARTESIAN_POINT('',(21.764770069893,-75.48185218271,
    -11.87328024619));
#618 = CARTESIAN_POINT('',(21.766887207251,-75.48788138009,
    -11.8744352028));
#619 = CARTESIAN_POINT('',(21.769004527897,-75.49393093088,
    -11.87560682354));
#620 = CARTESIAN_POINT('',(21.771121599336,-75.5,-11.87679520354));
#621 = PCURVE('',#137,#622);
#622 = DEFINITIONAL_REPRESENTATION('',(#623),#671);
#623 = B_SPLINE_CURVE_WITH_KNOTS('',3,(#624,#625,#626,#627,#628,#629,
    #630,#631,#632,#633,#634,#635,#636,#637,#638,#639,#640,#641,#642,
    #643,#644,#645,#646,#647,#648,#649,#650,#651,#652,#653,#654,#655,
    #656,#657,#658,#659,#660,#661,#662,#663,#664,#665,#666,#667,#668,
    #669,#670),.UNSPECIFIED.,.F.,.F.,(4,1,1,1,1,1,1,1,1,1,1,1,1,1,1,1,1,
    1,1,1,1,1,1,1,1,1,1,1,1,1,1,1,1,1,1,1,1,1,1,1,1,1,1,1,4),(
    0.349422170042,0.357310598971,0.3651990279,0.37308745683,
    0.380975885759,0.388864314688,0.396752743617,0.404641172547,
    0.412529601476,0.420418030405,0.428306459334,0.436194888264,
    0.444083317193,0.451971746122,0.459860175052,0.467748603981,
    0.47563703291,0.483525461839,0.491413890769,0.499302319698,
    0.507190748627,0.515079177557,0.522967606486,0.530856035415,
    0.538744464344,0.546632893274,0.554521322203,0.562409751132,
    0.570298180062,0.578186608991,0.58607503792,0.593963466849,
    0.601851895779,0.609740324708,0.617628753637,0.625517182566,
    0.633405611496,0.641294040425,0.649182469354,0.657070898284,
    0.664959327213,0.672847756142,0.680736185071,0.688624614001,
    0.69651304293),.QUASI_UNIFORM_KNOTS.);
#624 = CARTESIAN_POINT('',(5.735392326113,1.375));
#625 = CARTESIAN_POINT('',(5.735388207176,1.35066286398));
#626 = CARTESIAN_POINT('',(5.73539586499,1.301457427113));
#627 = CARTESIAN_POINT('',(5.735460304855,1.226235785261));
#628 = CARTESIAN_POINT('',(5.735582798682,1.149723805161));
#629 = CARTESIAN_POINT('',(5.735769025683,1.072243643785));
#630 = CARTESIAN_POINT('',(5.736024549891,0.994064293483));
#631 = CARTESIAN_POINT('',(5.736355003639,0.915469190129));
#632 = CARTESIAN_POINT('',(5.736766035313,0.836738139638));
#633 = CARTESIAN_POINT('',(5.737263319807,0.758152205509));
#634 = CARTESIAN_POINT('',(5.737852550687,0.679992449886));
#635 = CARTESIAN_POINT('',(5.738539439466,0.602540315487));
#636 = CARTESIAN_POINT('',(5.739329701275,0.526077606375));
#637 = CARTESIAN_POINT('',(5.74022908431,0.450886448206));
#638 = CARTESIAN_POINT('',(5.741243234076,0.377249747158));
#639 = CARTESIAN_POINT('',(5.74237817087,0.305449689836));
#640 = CARTESIAN_POINT('',(5.743638475611,0.235773595311));
#641 = CARTESIAN_POINT('',(5.745034024977,0.16849233188));
#642 = CARTESIAN_POINT('',(5.74655481683,0.103941136472));
#643 = CARTESIAN_POINT('',(5.748463018248,3.701026097872E-02));
#644 = CARTESIAN_POINT('',(5.750712559532,-2.533244833524E-02));
#645 = CARTESIAN_POINT('',(5.753150808956,-7.573510554249E-02));
#646 = CARTESIAN_POINT('',(5.756184335965,-0.115038085219));
#647 = CARTESIAN_POINT('',(5.759586464587,-0.129980957399));
#648 = CARTESIAN_POINT('',(5.76298859321,-0.115038085219));
#649 = CARTESIAN_POINT('',(5.766022120219,-7.573510554246E-02));
#650 = CARTESIAN_POINT('',(5.768460369643,-2.533244833525E-02));
#651 = CARTESIAN_POINT('',(5.770709910927,3.70102609787E-02));
#652 = CARTESIAN_POINT('',(5.772618112345,0.103941136472));
#653 = CARTESIAN_POINT('',(5.774138904198,0.16849233188));
#654 = CARTESIAN_POINT('',(5.775534453564,0.235773595311));
#655 = CARTESIAN_POINT('',(5.776794758305,0.305449689836));
#656 = CARTESIAN_POINT('',(5.777929695099,0.377249747158));
#657 = CARTESIAN_POINT('',(5.778943844865,0.450886448206));
#658 = CARTESIAN_POINT('',(5.7798432279,0.526077606375));
#659 = CARTESIAN_POINT('',(5.780633489709,0.602540315487));
#660 = CARTESIAN_POINT('',(5.781320378488,0.679992449886));
#661 = CARTESIAN_POINT('',(5.781909609368,0.758152205509));
#662 = CARTESIAN_POINT('',(5.782406893862,0.836738139638));
#663 = CARTESIAN_POINT('',(5.782817925536,0.915469190129));
#664 = CARTESIAN_POINT('',(5.783148379284,0.994064293483));
#665 = CARTESIAN_POINT('',(5.783403903492,1.072243643785));
#666 = CARTESIAN_POINT('',(5.783590130493,1.149723805161));
#667 = CARTESIAN_POINT('',(5.78371262432,1.226235785261));
#668 = CARTESIAN_POINT('',(5.783777064185,1.301457427113));
#669 = CARTESIAN_POINT('',(5.783784721999,1.35066286398));
#670 = CARTESIAN_POINT('',(5.783780603062,1.375));
#671 = ( GEOMETRIC_REPRESENTATION_CONTEXT(2) 
PARAMETRIC_REPRESENTATION_CONTEXT() REPRESENTATION_CONTEXT('2D SPACE',''
  ) );
#672 = PCURVE('',#673,#678);
#673 = CYLINDRICAL_SURFACE('',#674,0.600000000002);
#674 = AXIS2_PLACEMENT_3D('',#675,#676,#677);
#675 = CARTESIAN_POINT('',(21.477429183131,-66.5,-12.40000143885));
#676 = DIRECTION('',(0.,1.,0.));
#677 = DIRECTION('',(-0.866025370288,0.,0.500000058018));
#678 = DEFINITIONAL_REPRESENTATION('',(#679),#727);
#679 = B_SPLINE_CURVE_WITH_KNOTS('',3,(#680,#681,#682,#683,#684,#685,
    #686,#687,#688,#689,#690,#691,#692,#693,#694,#695,#696,#697,#698,
    #699,#700,#701,#702,#703,#704,#705,#706,#707,#708,#709,#710,#711,
    #712,#713,#714,#715,#716,#717,#718,#719,#720,#721,#722,#723,#724,
    #725,#726),.UNSPECIFIED.,.F.,.F.,(4,1,1,1,1,1,1,1,1,1,1,1,1,1,1,1,1,
    1,1,1,1,1,1,1,1,1,1,1,1,1,1,1,1,1,1,1,1,1,1,1,1,1,1,1,4),(
    0.349422170042,0.357310598971,0.3651990279,0.37308745683,
    0.380975885759,0.388864314688,0.396752743617,0.404641172547,
    0.412529601476,0.420418030405,0.428306459334,0.436194888264,
    0.444083317193,0.451971746122,0.459860175052,0.467748603981,
    0.47563703291,0.483525461839,0.491413890769,0.499302319698,
    0.507190748627,0.515079177557,0.522967606486,0.530856035415,
    0.538744464344,0.546632893274,0.554521322203,0.562409751132,
    0.570298180062,0.578186608991,0.58607503792,0.593963466849,
    0.601851895779,0.609740324708,0.617628753637,0.625517182566,
    0.633405611496,0.641294040425,0.649182469354,0.657070898284,
    0.664959327213,0.672847756142,0.680736185071,0.688624614001,
    0.69651304293),.QUASI_UNIFORM_KNOTS.);
#680 = CARTESIAN_POINT('',(-1.558699257558,-9.));
#681 = CARTESIAN_POINT('',(-1.542469839169,-8.975663256366));
#682 = CARTESIAN_POINT('',(-1.509678874986,-8.926456597501));
#683 = CARTESIAN_POINT('',(-1.459512139644,-8.851228579038));
#684 = CARTESIAN_POINT('',(-1.408355339732,-8.774707100214));
#685 = CARTESIAN_POINT('',(-1.356289240017,-8.697215932701));
#686 = CARTESIAN_POINT('',(-1.303328543516,-8.619025472204));
#687 = CARTESIAN_POINT('',(-1.249460582915,-8.540420416444));
#688 = CARTESIAN_POINT('',(-1.194632445089,-8.461681631038));
#689 = CARTESIAN_POINT('',(-1.138752661659,-8.383091008002));
#690 = CARTESIAN_POINT('',(-1.081689786919,-8.30493016586));
#691 = CARTESIAN_POINT('',(-1.023272520835,-8.227480790707));
#692 = CARTESIAN_POINT('',(-0.963290808135,-8.151024571842));
#693 = CARTESIAN_POINT('',(-0.901496482895,-8.075843118183));
#694 = CARTESIAN_POINT('',(-0.837611561781,-8.002218356968));
#695 = CARTESIAN_POINT('',(-0.771316189881,-7.930431022528));
#696 = CARTESIAN_POINT('',(-0.702324577889,-7.860766302511));
#697 = CARTESIAN_POINT('',(-0.630149696293,-7.793492764197));
#698 = CARTESIAN_POINT('',(-0.555053032883,-7.728941003027));
#699 = CARTESIAN_POINT('',(-0.465951492507,-7.662010513803));
#700 = CARTESIAN_POINT('',(-0.366046675476,-7.599667791851));
#701 = CARTESIAN_POINT('',(-0.262168011996,-7.549264831608));
#702 = CARTESIAN_POINT('',(-0.137233444068,-7.509961926891));
#703 = CARTESIAN_POINT('',(-7.426737218491E-14,-7.495019036546));
#704 = CARTESIAN_POINT('',(0.137233444068,-7.50996192689));
#705 = CARTESIAN_POINT('',(0.262168011996,-7.549264831608));
#706 = CARTESIAN_POINT('',(0.366046675476,-7.599667791851));
#707 = CARTESIAN_POINT('',(0.465951492507,-7.662010513803));
#708 = CARTESIAN_POINT('',(0.555053032883,-7.728941003027));
#709 = CARTESIAN_POINT('',(0.630149696292,-7.793492764197));
#710 = CARTESIAN_POINT('',(0.702324577889,-7.860766302511));
#711 = CARTESIAN_POINT('',(0.771316189881,-7.930431022528));
#712 = CARTESIAN_POINT('',(0.837611561781,-8.002218356968));
#713 = CARTESIAN_POINT('',(0.901496482895,-8.075843118183));
#714 = CARTESIAN_POINT('',(0.963290808135,-8.151024571842));
#715 = CARTESIAN_POINT('',(1.023272520835,-8.227480790707));
#716 = CARTESIAN_POINT('',(1.081689786918,-8.30493016586));
#717 = CARTESIAN_POINT('',(1.138752661659,-8.383091008002));
#718 = CARTESIAN_POINT('',(1.194632445089,-8.461681631038));
#719 = CARTESIAN_POINT('',(1.249460582915,-8.540420416444));
#720 = CARTESIAN_POINT('',(1.303328543516,-8.619025472204));
#721 = CARTESIAN_POINT('',(1.356289240017,-8.697215932701));
#722 = CARTESIAN_POINT('',(1.408355339732,-8.774707100213));
#723 = CARTESIAN_POINT('',(1.459512139644,-8.851228579038));
#724 = CARTESIAN_POINT('',(1.509678874986,-8.926456597501));
#725 = CARTESIAN_POINT('',(1.542469839169,-8.975663256366));
#726 = CARTESIAN_POINT('',(1.558699257558,-9.));
#727 = ( GEOMETRIC_REPRESENTATION_CONTEXT(2) 
PARAMETRIC_REPRESENTATION_CONTEXT() REPRESENTATION_CONTEXT('2D SPACE',''
  ) );
#728 = ADVANCED_FACE('',(#729),#169,.T.);
#729 = FACE_BOUND('',#730,.T.);
#730 = EDGE_LOOP('',(#731,#761,#790,#811,#812,#813,#837,#865,#944,#977)
  );
#731 = ORIENTED_EDGE('',*,*,#732,.T.);
#732 = EDGE_CURVE('',#733,#735,#737,.T.);
#733 = VERTEX_POINT('',#734);
#734 = CARTESIAN_POINT('',(-5.,-74.5,26.024027359346));
#735 = VERTEX_POINT('',#736);
#736 = CARTESIAN_POINT('',(-5.,-62.07106781186,26.024027359346));
#737 = SURFACE_CURVE('',#738,(#742,#749),.PCURVE_S1.);
#738 = LINE('',#739,#740);
#739 = CARTESIAN_POINT('',(-5.,-64.28553390593,26.024027359346));
#740 = VECTOR('',#741,1.);
#741 = DIRECTION('',(0.,1.,0.));
#742 = PCURVE('',#169,#743);
#743 = DEFINITIONAL_REPRESENTATION('',(#744),#748);
#744 = LINE('',#745,#746);
#745 = CARTESIAN_POINT('',(8.043798695319,0.));
#746 = VECTOR('',#747,1.);
#747 = DIRECTION('',(0.,-1.));
#748 = ( GEOMETRIC_REPRESENTATION_CONTEXT(2) 
PARAMETRIC_REPRESENTATION_CONTEXT() REPRESENTATION_CONTEXT('2D SPACE',''
  ) );
#749 = PCURVE('',#750,#755);
#750 = PLANE('',#751);
#751 = AXIS2_PLACEMENT_3D('',#752,#753,#754);
#752 = CARTESIAN_POINT('',(-5.,-77.5,26.024027359346));
#753 = DIRECTION('',(-1.,0.,2.22044604925E-16));
#754 = DIRECTION('',(2.22044604925E-16,0.,1.));
#755 = DEFINITIONAL_REPRESENTATION('',(#756),#760);
#756 = LINE('',#757,#758);
#757 = CARTESIAN_POINT('',(0.,13.214466094067));
#758 = VECTOR('',#759,1.);
#759 = DIRECTION('',(0.,1.));
#760 = ( GEOMETRIC_REPRESENTATION_CONTEXT(2) 
PARAMETRIC_REPRESENTATION_CONTEXT() REPRESENTATION_CONTEXT('2D SPACE',''
  ) );
#761 = ORIENTED_EDGE('',*,*,#762,.T.);
#762 = EDGE_CURVE('',#735,#763,#765,.T.);
#763 = VERTEX_POINT('',#764);
#764 = CARTESIAN_POINT('',(-26.5,-62.07106781186,-3.24531401774E-15));
#765 = SURFACE_CURVE('',#766,(#771,#778),.PCURVE_S1.);
#766 = CIRCLE('',#767,26.5);
#767 = AXIS2_PLACEMENT_3D('',#768,#769,#770);
#768 = CARTESIAN_POINT('',(0.,-62.07106781186,0.));
#769 = DIRECTION('',(0.,-1.,0.));
#770 = DIRECTION('',(1.,0.,0.));
#771 = PCURVE('',#169,#772);
#772 = DEFINITIONAL_REPRESENTATION('',(#773),#777);
#773 = LINE('',#774,#775);
#774 = CARTESIAN_POINT('',(6.28318530718,-2.214466094067));
#775 = VECTOR('',#776,1.);
#776 = DIRECTION('',(1.,0.));
#777 = ( GEOMETRIC_REPRESENTATION_CONTEXT(2) 
PARAMETRIC_REPRESENTATION_CONTEXT() REPRESENTATION_CONTEXT('2D SPACE',''
  ) );
#778 = PCURVE('',#779,#784);
#779 = CONICAL_SURFACE('',#780,28.,0.785398163397);
#780 = AXIS2_PLACEMENT_3D('',#781,#782,#783);
#781 = CARTESIAN_POINT('',(0.,-60.57106781186,0.));
#782 = DIRECTION('',(0.,1.,0.));
#783 = DIRECTION('',(-1.836970198721E-16,0.,-1.));
#784 = DEFINITIONAL_REPRESENTATION('',(#785),#789);
#785 = LINE('',#786,#787);
#786 = CARTESIAN_POINT('',(4.712388980385,-1.5));
#787 = VECTOR('',#788,1.);
#788 = DIRECTION('',(-1.,1.364329644592E-15));
#789 = ( GEOMETRIC_REPRESENTATION_CONTEXT(2) 
PARAMETRIC_REPRESENTATION_CONTEXT() REPRESENTATION_CONTEXT('2D SPACE',''
  ) );
#790 = ORIENTED_EDGE('',*,*,#791,.T.);
#791 = EDGE_CURVE('',#763,#153,#792,.T.);
#792 = SEAM_CURVE('',#793,(#797,#804),.PCURVE_S1.);
#793 = LINE('',#794,#795);
#794 = CARTESIAN_POINT('',(-26.5,-64.28553390593,-3.24531401774E-15));
#795 = VECTOR('',#796,1.);
#796 = DIRECTION('',(0.,-1.,0.));
#797 = PCURVE('',#169,#798);
#798 = DEFINITIONAL_REPRESENTATION('',(#799),#803);
#799 = LINE('',#800,#801);
#800 = CARTESIAN_POINT('',(9.424777960769,0.));
#801 = VECTOR('',#802,1.);
#802 = DIRECTION('',(0.,1.));
#803 = ( GEOMETRIC_REPRESENTATION_CONTEXT(2) 
PARAMETRIC_REPRESENTATION_CONTEXT() REPRESENTATION_CONTEXT('2D SPACE',''
  ) );
#804 = PCURVE('',#169,#805);
#805 = DEFINITIONAL_REPRESENTATION('',(#806),#810);
#806 = LINE('',#807,#808);
#807 = CARTESIAN_POINT('',(3.14159265359,0.));
#808 = VECTOR('',#809,1.);
#809 = DIRECTION('',(0.,1.));
#810 = ( GEOMETRIC_REPRESENTATION_CONTEXT(2) 
PARAMETRIC_REPRESENTATION_CONTEXT() REPRESENTATION_CONTEXT('2D SPACE',''
  ) );
#811 = ORIENTED_EDGE('',*,*,#152,.F.);
#812 = ORIENTED_EDGE('',*,*,#791,.F.);
#813 = ORIENTED_EDGE('',*,*,#814,.T.);
#814 = EDGE_CURVE('',#763,#815,#817,.T.);
#815 = VERTEX_POINT('',#816);
#816 = CARTESIAN_POINT('',(5.,-62.07106781186,26.024027359346));
#817 = SURFACE_CURVE('',#818,(#823,#830),.PCURVE_S1.);
#818 = CIRCLE('',#819,26.5);
#819 = AXIS2_PLACEMENT_3D('',#820,#821,#822);
#820 = CARTESIAN_POINT('',(0.,-62.07106781186,0.));
#821 = DIRECTION('',(0.,-1.,0.));
#822 = DIRECTION('',(1.,0.,0.));
#823 = PCURVE('',#169,#824);
#824 = DEFINITIONAL_REPRESENTATION('',(#825),#829);
#825 = LINE('',#826,#827);
#826 = CARTESIAN_POINT('',(0.,-2.214466094067));
#827 = VECTOR('',#828,1.);
#828 = DIRECTION('',(1.,0.));
#829 = ( GEOMETRIC_REPRESENTATION_CONTEXT(2) 
PARAMETRIC_REPRESENTATION_CONTEXT() REPRESENTATION_CONTEXT('2D SPACE',''
  ) );
#830 = PCURVE('',#779,#831);
#831 = DEFINITIONAL_REPRESENTATION('',(#832),#836);
#832 = LINE('',#833,#834);
#833 = CARTESIAN_POINT('',(4.712388980385,-1.5));
#834 = VECTOR('',#835,1.);
#835 = DIRECTION('',(-1.,-4.166016559048E-16));
#836 = ( GEOMETRIC_REPRESENTATION_CONTEXT(2) 
PARAMETRIC_REPRESENTATION_CONTEXT() REPRESENTATION_CONTEXT('2D SPACE',''
  ) );
#837 = ORIENTED_EDGE('',*,*,#838,.T.);
#838 = EDGE_CURVE('',#815,#839,#841,.T.);
#839 = VERTEX_POINT('',#840);
#840 = CARTESIAN_POINT('',(5.,-74.5,26.024027359346));
#841 = SURFACE_CURVE('',#842,(#846,#853),.PCURVE_S1.);
#842 = LINE('',#843,#844);
#843 = CARTESIAN_POINT('',(5.,-64.28553390593,26.024027359346));
#844 = VECTOR('',#845,1.);
#845 = DIRECTION('',(0.,-1.,0.));
#846 = PCURVE('',#169,#847);
#847 = DEFINITIONAL_REPRESENTATION('',(#848),#852);
#848 = LINE('',#849,#850);
#849 = CARTESIAN_POINT('',(7.66416457263,0.));
#850 = VECTOR('',#851,1.);
#851 = DIRECTION('',(0.,1.));
#852 = ( GEOMETRIC_REPRESENTATION_CONTEXT(2) 
PARAMETRIC_REPRESENTATION_CONTEXT() REPRESENTATION_CONTEXT('2D SPACE',''
  ) );
#853 = PCURVE('',#854,#859);
#854 = PLANE('',#855);
#855 = AXIS2_PLACEMENT_3D('',#856,#857,#858);
#856 = CARTESIAN_POINT('',(5.,-77.5,31.024027359346));
#857 = DIRECTION('',(1.,0.,2.22044604925E-16));
#858 = DIRECTION('',(2.22044604925E-16,0.,-1.));
#859 = DEFINITIONAL_REPRESENTATION('',(#860),#864);
#860 = LINE('',#861,#862);
#861 = CARTESIAN_POINT('',(5.,13.214466094067));
#862 = VECTOR('',#863,1.);
#863 = DIRECTION('',(0.,-1.));
#864 = ( GEOMETRIC_REPRESENTATION_CONTEXT(2) 
PARAMETRIC_REPRESENTATION_CONTEXT() REPRESENTATION_CONTEXT('2D SPACE',''
  ) );
#865 = ORIENTED_EDGE('',*,*,#866,.T.);
#866 = EDGE_CURVE('',#839,#867,#869,.T.);
#867 = VERTEX_POINT('',#868);
#868 = CARTESIAN_POINT('',(2.,-77.5,26.424420523448));
#869 = SURFACE_CURVE('',#870,(#881,#910),.PCURVE_S1.);
#870 = B_SPLINE_CURVE_WITH_KNOTS('',3,(#871,#872,#873,#874,#875,#876,
    #877,#878,#879,#880),.UNSPECIFIED.,.F.,.F.,(4,2,2,2,4),(0.,
    0.113135987151,0.226271974302,0.340106119147,0.453940263992),
  .UNSPECIFIED.);
#871 = CARTESIAN_POINT('',(5.,-74.5,26.024027359346));
#872 = CARTESIAN_POINT('',(5.,-74.87711995717,26.024027359346));
#873 = CARTESIAN_POINT('',(4.924537393866,-75.27880249014,
    26.038875786865));
#874 = CARTESIAN_POINT('',(4.618997989759,-76.01667468257,
    26.094807493539));
#875 = CARTESIAN_POINT('',(4.388967202735,-76.35292106868,
    26.135392625183));
#876 = CARTESIAN_POINT('',(3.858024669388,-76.88536459744,
    26.219044892515));
#877 = CARTESIAN_POINT('',(3.520831900652,-77.11677444719,
    26.267708870076));
#878 = CARTESIAN_POINT('',(2.78103627406,-77.424110221,26.356301405734)
  );
#879 = CARTESIAN_POINT('',(2.37836494507,-77.5,26.395783002732));
#880 = CARTESIAN_POINT('',(2.,-77.5,26.424420523448));
#881 = PCURVE('',#169,#882);
#882 = DEFINITIONAL_REPRESENTATION('',(#883),#909);
#883 = B_SPLINE_CURVE_WITH_KNOTS('',3,(#884,#885,#886,#887,#888,#889,
    #890,#891,#892,#893,#894,#895,#896,#897,#898,#899,#900,#901,#902,
    #903,#904,#905,#906,#907,#908),.UNSPECIFIED.,.F.,.F.,(4,1,1,1,1,1,1,
    1,1,1,1,1,1,1,1,1,1,1,1,1,1,1,4),(0.,2.063364836327E-02,
    4.126729672653E-02,6.19009450898E-02,8.253459345306E-02,
    0.103168241816,0.12380189018,0.144435538543,0.165069186906,
    0.185702835269,0.206336483633,0.226970131996,0.247603780359,
    0.268237428722,0.288871077086,0.309504725449,0.330138373812,
    0.350772022176,0.371405670539,0.392039318902,0.412672967265,
    0.433306615629,0.453940263992),.QUASI_UNIFORM_KNOTS.);
#884 = CARTESIAN_POINT('',(7.66416457263,10.214466094067));
#885 = CARTESIAN_POINT('',(7.664164573103,10.283244921945));
#886 = CARTESIAN_POINT('',(7.664357635932,10.422436637889));
#887 = CARTESIAN_POINT('',(7.66522850156,10.634039999598));
#888 = CARTESIAN_POINT('',(7.666682548583,10.846374603397));
#889 = CARTESIAN_POINT('',(7.668722302026,11.057349438845));
#890 = CARTESIAN_POINT('',(7.67134806778,11.264897507377));
#891 = CARTESIAN_POINT('',(7.67456848727,11.466862227656));
#892 = CARTESIAN_POINT('',(7.678351680917,11.661526713232));
#893 = CARTESIAN_POINT('',(7.682632233585,11.847595134232));
#894 = CARTESIAN_POINT('',(7.68734776896,12.023564697974));
#895 = CARTESIAN_POINT('',(7.692451184325,12.188410081198));
#896 = CARTESIAN_POINT('',(7.697831523223,12.339403045766));
#897 = CARTESIAN_POINT('',(7.703619259309,12.480173974466));
#898 = CARTESIAN_POINT('',(7.709913086023,12.613207935368));
#899 = CARTESIAN_POINT('',(7.716619420988,12.735933994061));
#900 = CARTESIAN_POINT('',(7.723696513229,12.847122435345));
#901 = CARTESIAN_POINT('',(7.731088066886,12.945234669661));
#902 = CARTESIAN_POINT('',(7.738744775621,13.028626385677));
#903 = CARTESIAN_POINT('',(7.746601449424,13.096596478837));
#904 = CARTESIAN_POINT('',(7.754578837451,13.149369535648));
#905 = CARTESIAN_POINT('',(7.762600624837,13.186970928629));
#906 = CARTESIAN_POINT('',(7.770589684229,13.209479427864));
#907 = CARTESIAN_POINT('',(7.775842683749,13.214466094067));
#908 = CARTESIAN_POINT('',(7.778438104078,13.214466094067));
#909 = ( GEOMETRIC_REPRESENTATION_CONTEXT(2) 
PARAMETRIC_REPRESENTATION_CONTEXT() REPRESENTATION_CONTEXT('2D SPACE',''
  ) );
#910 = PCURVE('',#911,#916);
#911 = CYLINDRICAL_SURFACE('',#912,3.);
#912 = AXIS2_PLACEMENT_3D('',#913,#914,#915);
#913 = CARTESIAN_POINT('',(2.,-74.5,3.012013679673));
#914 = DIRECTION('',(2.22044604925E-16,0.,-1.));
#915 = DIRECTION('',(0.707106781187,-0.707106781187,1.570092458684E-16)
  );
#916 = DEFINITIONAL_REPRESENTATION('',(#917),#943);
#917 = B_SPLINE_CURVE_WITH_KNOTS('',3,(#918,#919,#920,#921,#922,#923,
    #924,#925,#926,#927,#928,#929,#930,#931,#932,#933,#934,#935,#936,
    #937,#938,#939,#940,#941,#942),.UNSPECIFIED.,.F.,.F.,(4,1,1,1,1,1,1,
    1,1,1,1,1,1,1,1,1,1,1,1,1,1,1,4),(0.,2.063364836327E-02,
    4.126729672653E-02,6.19009450898E-02,8.253459345306E-02,
    0.103168241816,0.12380189018,0.144435538543,0.165069186906,
    0.185702835269,0.206336483633,0.226970131996,0.247603780359,
    0.268237428722,0.288871077086,0.309504725449,0.330138373812,
    0.350772022176,0.371405670539,0.392039318902,0.412672967265,
    0.433306615629,0.453940263992),.QUASI_UNIFORM_KNOTS.);
#918 = CARTESIAN_POINT('',(5.497787143782,-23.01201367967));
#919 = CARTESIAN_POINT('',(5.520712270499,-23.01201367967));
#920 = CARTESIAN_POINT('',(5.567112108261,-23.01300142733));
#921 = CARTESIAN_POINT('',(5.638018398729,-23.01738359305));
#922 = CARTESIAN_POINT('',(5.709889194895,-23.02460237962));
#923 = CARTESIAN_POINT('',(5.782381800004,-23.0345981497));
#924 = CARTESIAN_POINT('',(5.85518259334,-23.04729534646));
#925 = CARTESIAN_POINT('',(5.928033173055,-23.06267780506));
#926 = CARTESIAN_POINT('',(6.000739398833,-23.08037887103));
#927 = CARTESIAN_POINT('',(6.073058597804,-23.09996153522));
#928 = CARTESIAN_POINT('',(6.144634228491,-23.12099802755));
#929 = CARTESIAN_POINT('',(6.215294826109,-23.14312346433));
#930 = CARTESIAN_POINT('',(6.284063990193,-23.16571217724));
#931 = CARTESIAN_POINT('',(6.352975048177,-23.18912253115));
#932 = CARTESIAN_POINT('',(6.423591770185,-23.21357689483));
#933 = CARTESIAN_POINT('',(6.495078540318,-23.23851399487));
#934 = CARTESIAN_POINT('',(6.567244836579,-23.26358173428));
#935 = CARTESIAN_POINT('',(6.639757454338,-23.28837495251));
#936 = CARTESIAN_POINT('',(6.71238466915,-23.31249156692));
#937 = CARTESIAN_POINT('',(6.7849429185,-23.33552452785));
#938 = CARTESIAN_POINT('',(6.857182267667,-23.35728775391));
#939 = CARTESIAN_POINT('',(6.928800465728,-23.37755793156));
#940 = CARTESIAN_POINT('',(6.999466986525,-23.39612172705));
#941 = CARTESIAN_POINT('',(7.045723693263,-23.40721598884));
#942 = CARTESIAN_POINT('',(7.068583470577,-23.41240684377));
#943 = ( GEOMETRIC_REPRESENTATION_CONTEXT(2) 
PARAMETRIC_REPRESENTATION_CONTEXT() REPRESENTATION_CONTEXT('2D SPACE',''
  ) );
#944 = ORIENTED_EDGE('',*,*,#945,.F.);
#945 = EDGE_CURVE('',#946,#867,#948,.T.);
#946 = VERTEX_POINT('',#947);
#947 = CARTESIAN_POINT('',(-2.,-77.5,26.424420523448));
#948 = SURFACE_CURVE('',#949,(#954,#961),.PCURVE_S1.);
#949 = CIRCLE('',#950,26.5);
#950 = AXIS2_PLACEMENT_3D('',#951,#952,#953);
#951 = CARTESIAN_POINT('',(0.,-77.5,0.));
#952 = DIRECTION('',(-0.,1.,0.));
#953 = DIRECTION('',(1.,0.,0.));
#954 = PCURVE('',#169,#955);
#955 = DEFINITIONAL_REPRESENTATION('',(#956),#960);
#956 = LINE('',#957,#958);
#957 = CARTESIAN_POINT('',(12.566370614359,13.214466094067));
#958 = VECTOR('',#959,1.);
#959 = DIRECTION('',(-1.,0.));
#960 = ( GEOMETRIC_REPRESENTATION_CONTEXT(2) 
PARAMETRIC_REPRESENTATION_CONTEXT() REPRESENTATION_CONTEXT('2D SPACE',''
  ) );
#961 = PCURVE('',#962,#967);
#962 = PLANE('',#963);
#963 = AXIS2_PLACEMENT_3D('',#964,#965,#966);
#964 = CARTESIAN_POINT('',(0.,-77.5,-25.));
#965 = DIRECTION('',(0.,-1.,0.));
#966 = DIRECTION('',(0.,0.,-1.));
#967 = DEFINITIONAL_REPRESENTATION('',(#968),#976);
#968 = ( BOUNDED_CURVE() B_SPLINE_CURVE(2,(#969,#970,#971,#972,#973,#974
,#975),.UNSPECIFIED.,.T.,.F.) B_SPLINE_CURVE_WITH_KNOTS((1,2,2,2,2,1),(
    -2.094395102393,0.,2.094395102393,4.188790204786,6.28318530718,
8.377580409573),.UNSPECIFIED.) CURVE() GEOMETRIC_REPRESENTATION_ITEM() 
RATIONAL_B_SPLINE_CURVE((1.,0.5,1.,0.5,1.,0.5,1.)) REPRESENTATION_ITEM(
  '') );
#969 = CARTESIAN_POINT('',(-25.,26.5));
#970 = CARTESIAN_POINT('',(20.899346400575,26.5));
#971 = CARTESIAN_POINT('',(-2.050326799712,-13.25));
#972 = CARTESIAN_POINT('',(-25.,-53.));
#973 = CARTESIAN_POINT('',(-47.94967320028,-13.25));
#974 = CARTESIAN_POINT('',(-70.89934640057,26.5));
#975 = CARTESIAN_POINT('',(-25.,26.5));
#976 = ( GEOMETRIC_REPRESENTATION_CONTEXT(2) 
PARAMETRIC_REPRESENTATION_CONTEXT() REPRESENTATION_CONTEXT('2D SPACE',''
  ) );
#977 = ORIENTED_EDGE('',*,*,#978,.T.);
#978 = EDGE_CURVE('',#946,#733,#979,.T.);
#979 = SURFACE_CURVE('',#980,(#991,#1020),.PCURVE_S1.);
#980 = B_SPLINE_CURVE_WITH_KNOTS('',3,(#981,#982,#983,#984,#985,#986,
    #987,#988,#989,#990),.UNSPECIFIED.,.F.,.F.,(4,2,2,2,4),(
    0.452258176838,0.566092321683,0.679926466528,0.793062453679,
    0.90619844083),.UNSPECIFIED.);
#981 = CARTESIAN_POINT('',(-2.,-77.5,26.424420523448));
#982 = CARTESIAN_POINT('',(-2.37836494507,-77.5,26.395783002732));
#983 = CARTESIAN_POINT('',(-2.78103627406,-77.424110221,26.356301405734)
  );
#984 = CARTESIAN_POINT('',(-3.520831900652,-77.11677444719,
    26.267708870076));
#985 = CARTESIAN_POINT('',(-3.858024669388,-76.88536459744,
    26.219044892515));
#986 = CARTESIAN_POINT('',(-4.388967202735,-76.35292106868,
    26.135392625183));
#987 = CARTESIAN_POINT('',(-4.618997989759,-76.01667468257,
    26.094807493539));
#988 = CARTESIAN_POINT('',(-4.924537393866,-75.27880249014,
    26.038875786865));
#989 = CARTESIAN_POINT('',(-5.,-74.87711995717,26.024027359346));
#990 = CARTESIAN_POINT('',(-5.,-74.5,26.024027359346));
#991 = PCURVE('',#169,#992);
#992 = DEFINITIONAL_REPRESENTATION('',(#993),#1019);
#993 = B_SPLINE_CURVE_WITH_KNOTS('',3,(#994,#995,#996,#997,#998,#999,
    #1000,#1001,#1002,#1003,#1004,#1005,#1006,#1007,#1008,#1009,#1010,
    #1011,#1012,#1013,#1014,#1015,#1016,#1017,#1018),.UNSPECIFIED.,.F.,
  .F.,(4,1,1,1,1,1,1,1,1,1,1,1,1,1,1,1,1,1,1,1,1,1,4),(0.452258176838,
    0.472891825201,0.493525473565,0.514159121928,0.534792770291,
    0.555426418654,0.576060067018,0.596693715381,0.617327363744,
    0.637961012108,0.658594660471,0.679228308834,0.699861957197,
    0.720495605561,0.741129253924,0.761762902287,0.78239655065,
    0.803030199014,0.823663847377,0.84429749574,0.864931144103,
    0.885564792467,0.90619844083),.QUASI_UNIFORM_KNOTS.);
#994 = CARTESIAN_POINT('',(7.929525163871,13.214466094067));
#995 = CARTESIAN_POINT('',(7.9321205842,13.214466094067));
#996 = CARTESIAN_POINT('',(7.93737358372,13.209479427864));
#997 = CARTESIAN_POINT('',(7.945362643112,13.186970928629));
#998 = CARTESIAN_POINT('',(7.953384430498,13.149369535648));
#999 = CARTESIAN_POINT('',(7.961361818525,13.096596478837));
#1000 = CARTESIAN_POINT('',(7.969218492328,13.028626385677));
#1001 = CARTESIAN_POINT('',(7.976875201063,12.945234669661));
#1002 = CARTESIAN_POINT('',(7.98426675472,12.847122435345));
#1003 = CARTESIAN_POINT('',(7.991343846961,12.735933994061));
#1004 = CARTESIAN_POINT('',(7.998050181926,12.613207935368));
#1005 = CARTESIAN_POINT('',(8.00434400864,12.480173974466));
#1006 = CARTESIAN_POINT('',(8.010131744726,12.339403045766));
#1007 = CARTESIAN_POINT('',(8.015512083624,12.188410081198));
#1008 = CARTESIAN_POINT('',(8.020615498989,12.023564697974));
#1009 = CARTESIAN_POINT('',(8.025331034364,11.847595134232));
#1010 = CARTESIAN_POINT('',(8.029611587032,11.661526713232));
#1011 = CARTESIAN_POINT('',(8.033394780679,11.466862227656));
#1012 = CARTESIAN_POINT('',(8.036615200169,11.264897507377));
#1013 = CARTESIAN_POINT('',(8.039240965923,11.057349438845));
#1014 = CARTESIAN_POINT('',(8.041280719366,10.846374603397));
#1015 = CARTESIAN_POINT('',(8.042734766389,10.634039999598));
#1016 = CARTESIAN_POINT('',(8.043605632017,10.422436637889));
#1017 = CARTESIAN_POINT('',(8.043798694846,10.283244921945));
#1018 = CARTESIAN_POINT('',(8.043798695319,10.214466094067));
#1019 = ( GEOMETRIC_REPRESENTATION_CONTEXT(2) 
PARAMETRIC_REPRESENTATION_CONTEXT() REPRESENTATION_CONTEXT('2D SPACE',''
  ) );
#1020 = PCURVE('',#1021,#1026);
#1021 = CYLINDRICAL_SURFACE('',#1022,3.);
#1022 = AXIS2_PLACEMENT_3D('',#1023,#1024,#1025);
#1023 = CARTESIAN_POINT('',(-2.,-74.5,0.512013679673));
#1024 = DIRECTION('',(-2.22044604925E-16,0.,-1.));
#1025 = DIRECTION('',(-0.707106781187,-0.707106781187,1.570092458684E-16
    ));
#1026 = DEFINITIONAL_REPRESENTATION('',(#1027),#1053);
#1027 = B_SPLINE_CURVE_WITH_KNOTS('',3,(#1028,#1029,#1030,#1031,#1032,
    #1033,#1034,#1035,#1036,#1037,#1038,#1039,#1040,#1041,#1042,#1043,
    #1044,#1045,#1046,#1047,#1048,#1049,#1050,#1051,#1052),
  .UNSPECIFIED.,.F.,.F.,(4,1,1,1,1,1,1,1,1,1,1,1,1,1,1,1,1,1,1,1,1,1,4),
  (0.452258176838,0.472891825201,0.493525473565,0.514159121928,
    0.534792770291,0.555426418654,0.576060067018,0.596693715381,
    0.617327363744,0.637961012108,0.658594660471,0.679228308834,
    0.699861957197,0.720495605561,0.741129253924,0.761762902287,
    0.78239655065,0.803030199014,0.823663847377,0.84429749574,
    0.864931144103,0.885564792467,0.90619844083),.QUASI_UNIFORM_KNOTS.);
#1028 = CARTESIAN_POINT('',(-0.785398163397,-25.91240684377));
#1029 = CARTESIAN_POINT('',(-0.762538386083,-25.90721598884));
#1030 = CARTESIAN_POINT('',(-0.716281679346,-25.89612172705));
#1031 = CARTESIAN_POINT('',(-0.645615158548,-25.87755793156));
#1032 = CARTESIAN_POINT('',(-0.573996960488,-25.85728775391));
#1033 = CARTESIAN_POINT('',(-0.50175761132,-25.83552452785));
#1034 = CARTESIAN_POINT('',(-0.42919936197,-25.81249156692));
#1035 = CARTESIAN_POINT('',(-0.356572147158,-25.78837495251));
#1036 = CARTESIAN_POINT('',(-0.284059529399,-25.76358173428));
#1037 = CARTESIAN_POINT('',(-0.211893233138,-25.73851399487));
#1038 = CARTESIAN_POINT('',(-0.140406463005,-25.71357689483));
#1039 = CARTESIAN_POINT('',(-6.978974099775E-02,-25.68912253115));
#1040 = CARTESIAN_POINT('',(-8.786830133278E-04,-25.66571217724));
#1041 = CARTESIAN_POINT('',(6.789048107101E-02,-25.64312346433));
#1042 = CARTESIAN_POINT('',(0.138551078688,-25.62099802755));
#1043 = CARTESIAN_POINT('',(0.210126709376,-25.59996153522));
#1044 = CARTESIAN_POINT('',(0.282445908347,-25.58037887103));
#1045 = CARTESIAN_POINT('',(0.355152134124,-25.56267780506));
#1046 = CARTESIAN_POINT('',(0.42800271384,-25.54729534646));
#1047 = CARTESIAN_POINT('',(0.500803507175,-25.5345981497));
#1048 = CARTESIAN_POINT('',(0.573296112284,-25.52460237962));
#1049 = CARTESIAN_POINT('',(0.64516690845,-25.51738359305));
#1050 = CARTESIAN_POINT('',(0.716073198918,-25.51300142733));
#1051 = CARTESIAN_POINT('',(0.762473036681,-25.51201367967));
#1052 = CARTESIAN_POINT('',(0.785398163397,-25.51201367967));
#1053 = ( GEOMETRIC_REPRESENTATION_CONTEXT(2) 
PARAMETRIC_REPRESENTATION_CONTEXT() REPRESENTATION_CONTEXT('2D SPACE',''
  ) );
#1054 = ADVANCED_FACE('',(#1055),#206,.F.);
#1055 = FACE_BOUND('',#1056,.F.);
#1056 = EDGE_LOOP('',(#1057,#1080,#1081,#1104,#1133,#1161));
#1057 = ORIENTED_EDGE('',*,*,#1058,.F.);
#1058 = EDGE_CURVE('',#190,#1059,#1061,.T.);
#1059 = VERTEX_POINT('',#1060);
#1060 = CARTESIAN_POINT('',(0.599957759772,-73.42037174511,
    24.792741895291));
#1061 = SURFACE_CURVE('',#1062,(#1066,#1073),.PCURVE_S1.);
#1062 = LINE('',#1063,#1064);
#1063 = CARTESIAN_POINT('',(0.599957759772,-77.5,24.792741895291));
#1064 = VECTOR('',#1065,1.);
#1065 = DIRECTION('',(0.,1.,0.));
#1066 = PCURVE('',#206,#1067);
#1067 = DEFINITIONAL_REPRESENTATION('',(#1068),#1072);
#1068 = LINE('',#1069,#1070);
#1069 = CARTESIAN_POINT('',(4.736583185853,-11.));
#1070 = VECTOR('',#1071,1.);
#1071 = DIRECTION('',(0.,1.));
#1072 = ( GEOMETRIC_REPRESENTATION_CONTEXT(2) 
PARAMETRIC_REPRESENTATION_CONTEXT() REPRESENTATION_CONTEXT('2D SPACE',''
  ) );
#1073 = PCURVE('',#298,#1074);
#1074 = DEFINITIONAL_REPRESENTATION('',(#1075),#1079);
#1075 = LINE('',#1076,#1077);
#1076 = CARTESIAN_POINT('',(1.209713623087E-02,-11.));
#1077 = VECTOR('',#1078,1.);
#1078 = DIRECTION('',(0.,1.));
#1079 = ( GEOMETRIC_REPRESENTATION_CONTEXT(2) 
PARAMETRIC_REPRESENTATION_CONTEXT() REPRESENTATION_CONTEXT('2D SPACE',''
  ) );
#1080 = ORIENTED_EDGE('',*,*,#187,.F.);
#1081 = ORIENTED_EDGE('',*,*,#1082,.T.);
#1082 = EDGE_CURVE('',#188,#1083,#1085,.T.);
#1083 = VERTEX_POINT('',#1084);
#1084 = CARTESIAN_POINT('',(21.771121599336,-60.,-11.87679520354));
#1085 = SURFACE_CURVE('',#1086,(#1090,#1097),.PCURVE_S1.);
#1086 = LINE('',#1087,#1088);
#1087 = CARTESIAN_POINT('',(21.771121599336,-66.5,-11.87679520354));
#1088 = VECTOR('',#1089,1.);
#1089 = DIRECTION('',(0.,1.,0.));
#1090 = PCURVE('',#206,#1091);
#1091 = DEFINITIONAL_REPRESENTATION('',(#1092),#1096);
#1092 = LINE('',#1093,#1094);
#1093 = CARTESIAN_POINT('',(6.782590011297,0.));
#1094 = VECTOR('',#1095,1.);
#1095 = DIRECTION('',(0.,1.));
#1096 = ( GEOMETRIC_REPRESENTATION_CONTEXT(2) 
PARAMETRIC_REPRESENTATION_CONTEXT() REPRESENTATION_CONTEXT('2D SPACE',''
  ) );
#1097 = PCURVE('',#673,#1098);
#1098 = DEFINITIONAL_REPRESENTATION('',(#1099),#1103);
#1099 = LINE('',#1100,#1101);
#1100 = CARTESIAN_POINT('',(1.558699257558,0.));
#1101 = VECTOR('',#1102,1.);
#1102 = DIRECTION('',(0.,1.));
#1103 = ( GEOMETRIC_REPRESENTATION_CONTEXT(2) 
PARAMETRIC_REPRESENTATION_CONTEXT() REPRESENTATION_CONTEXT('2D SPACE',''
  ) );
#1104 = ORIENTED_EDGE('',*,*,#1105,.F.);
#1105 = EDGE_CURVE('',#1106,#1083,#1108,.T.);
#1106 = VERTEX_POINT('',#1107);
#1107 = CARTESIAN_POINT('',(0.599957759772,-60.,24.792741895291));
#1108 = SURFACE_CURVE('',#1109,(#1114,#1121),.PCURVE_S1.);
#1109 = CIRCLE('',#1110,24.8);
#1110 = AXIS2_PLACEMENT_3D('',#1111,#1112,#1113);
#1111 = CARTESIAN_POINT('',(0.,-60.,0.));
#1112 = DIRECTION('',(-0.,1.,0.));
#1113 = DIRECTION('',(1.,0.,0.));
#1114 = PCURVE('',#206,#1115);
#1115 = DEFINITIONAL_REPRESENTATION('',(#1116),#1120);
#1116 = LINE('',#1117,#1118);
#1117 = CARTESIAN_POINT('',(0.,6.5));
#1118 = VECTOR('',#1119,1.);
#1119 = DIRECTION('',(1.,0.));
#1120 = ( GEOMETRIC_REPRESENTATION_CONTEXT(2) 
PARAMETRIC_REPRESENTATION_CONTEXT() REPRESENTATION_CONTEXT('2D SPACE',''
  ) );
#1121 = PCURVE('',#1122,#1127);
#1122 = PLANE('',#1123);
#1123 = AXIS2_PLACEMENT_3D('',#1124,#1125,#1126);
#1124 = CARTESIAN_POINT('',(0.,-60.,0.));
#1125 = DIRECTION('',(0.,1.,0.));
#1126 = DIRECTION('',(1.,0.,0.));
#1127 = DEFINITIONAL_REPRESENTATION('',(#1128),#1132);
#1128 = CIRCLE('',#1129,24.8);
#1129 = AXIS2_PLACEMENT_2D('',#1130,#1131);
#1130 = CARTESIAN_POINT('',(0.,0.));
#1131 = DIRECTION('',(1.,-0.));
#1132 = ( GEOMETRIC_REPRESENTATION_CONTEXT(2) 
PARAMETRIC_REPRESENTATION_CONTEXT() REPRESENTATION_CONTEXT('2D SPACE',''
  ) );
#1133 = ORIENTED_EDGE('',*,*,#1134,.F.);
#1134 = EDGE_CURVE('',#1135,#1106,#1137,.T.);
#1135 = VERTEX_POINT('',#1136);
#1136 = CARTESIAN_POINT('',(0.599957759772,-68.97962825488,
    24.792741895291));
#1137 = SURFACE_CURVE('',#1138,(#1142,#1149),.PCURVE_S1.);
#1138 = LINE('',#1139,#1140);
#1139 = CARTESIAN_POINT('',(0.599957759772,-77.5,24.792741895291));
#1140 = VECTOR('',#1141,1.);
#1141 = DIRECTION('',(0.,1.,0.));
#1142 = PCURVE('',#206,#1143);
#1143 = DEFINITIONAL_REPRESENTATION('',(#1144),#1148);
#1144 = LINE('',#1145,#1146);
#1145 = CARTESIAN_POINT('',(4.736583185853,-11.));
#1146 = VECTOR('',#1147,1.);
#1147 = DIRECTION('',(0.,1.));
#1148 = ( GEOMETRIC_REPRESENTATION_CONTEXT(2) 
PARAMETRIC_REPRESENTATION_CONTEXT() REPRESENTATION_CONTEXT('2D SPACE',''
  ) );
#1149 = PCURVE('',#1150,#1155);
#1150 = CYLINDRICAL_SURFACE('',#1151,0.600000000002);
#1151 = AXIS2_PLACEMENT_3D('',#1152,#1153,#1154);
#1152 = CARTESIAN_POINT('',(1.661446000178E-06,-66.5,24.8));
#1153 = DIRECTION('',(0.,1.,0.));
#1154 = DIRECTION('',(1.,0.,0.));
#1155 = DEFINITIONAL_REPRESENTATION('',(#1156),#1160);
#1156 = LINE('',#1157,#1158);
#1157 = CARTESIAN_POINT('',(1.209713623087E-02,-11.));
#1158 = VECTOR('',#1159,1.);
#1159 = DIRECTION('',(0.,1.));
#1160 = ( GEOMETRIC_REPRESENTATION_CONTEXT(2) 
PARAMETRIC_REPRESENTATION_CONTEXT() REPRESENTATION_CONTEXT('2D SPACE',''
  ) );
#1161 = ORIENTED_EDGE('',*,*,#1162,.F.);
#1162 = EDGE_CURVE('',#1059,#1135,#1163,.T.);
#1163 = SURFACE_CURVE('',#1164,(#1183,#1234),.PCURVE_S1.);
#1164 = B_SPLINE_CURVE_WITH_KNOTS('',3,(#1165,#1166,#1167,#1168,#1169,
    #1170,#1171,#1172,#1173,#1174,#1175,#1176,#1177,#1178,#1179,#1180,
    #1181,#1182),.UNSPECIFIED.,.F.,.F.,(4,2,2,2,2,2,2,2,4),(
    0.405479595007,0.433456952932,0.520148256315,0.606839777706,
    0.693531299096,0.780222820486,0.866914341876,0.95360564526,
    0.981583003184),.UNSPECIFIED.);
#1165 = CARTESIAN_POINT('',(0.599957759772,-73.42037174511,
    24.792741895291));
#1166 = CARTESIAN_POINT('',(0.695035323209,-73.39468121734,
    24.790441120241));
#1167 = CARTESIAN_POINT('',(0.788970767472,-73.36271126963,
    24.787615766765));
#1168 = CARTESIAN_POINT('',(1.16371418974,-73.20743985291,
    24.774303949818));
#1169 = CARTESIAN_POINT('',(1.422232512827,-73.03045868063,
    24.760030225624));
#1170 = CARTESIAN_POINT('',(1.830459193923,-72.62223199953,
    24.733201601171));
#1171 = CARTESIAN_POINT('',(2.007439966529,-72.36371390216,
    24.718900996536));
#1172 = CARTESIAN_POINT('',(2.242214910079,-71.79709086547,
    24.69871158673));
#1173 = CARTESIAN_POINT('',(2.3,-71.48897173796,24.693116449732));
#1174 = CARTESIAN_POINT('',(2.3,-70.91102826203,24.693116449732));
#1175 = CARTESIAN_POINT('',(2.242214910079,-70.60290913452,
    24.69871158673));
#1176 = CARTESIAN_POINT('',(2.007439966529,-70.03628609783,
    24.718900996536));
#1177 = CARTESIAN_POINT('',(1.830459193923,-69.77776800046,
    24.733201601171));
#1178 = CARTESIAN_POINT('',(1.422232512827,-69.36954131936,
    24.760030225624));
#1179 = CARTESIAN_POINT('',(1.16371418974,-69.19256014708,
    24.774303949818));
#1180 = CARTESIAN_POINT('',(0.788970767472,-69.03728873036,
    24.787615766765));
#1181 = CARTESIAN_POINT('',(0.695035323209,-69.00531878265,
    24.790441120241));
#1182 = CARTESIAN_POINT('',(0.599957759772,-68.97962825488,
    24.792741895291));
#1183 = PCURVE('',#206,#1184);
#1184 = DEFINITIONAL_REPRESENTATION('',(#1185),#1233);
#1185 = B_SPLINE_CURVE_WITH_KNOTS('',3,(#1186,#1187,#1188,#1189,#1190,
    #1191,#1192,#1193,#1194,#1195,#1196,#1197,#1198,#1199,#1200,#1201,
    #1202,#1203,#1204,#1205,#1206,#1207,#1208,#1209,#1210,#1211,#1212,
    #1213,#1214,#1215,#1216,#1217,#1218,#1219,#1220,#1221,#1222,#1223,
    #1224,#1225,#1226,#1227,#1228,#1229,#1230,#1231,#1232),
  .UNSPECIFIED.,.F.,.F.,(4,1,1,1,1,1,1,1,1,1,1,1,1,1,1,1,1,1,1,1,1,1,1,1
    ,1,1,1,1,1,1,1,1,1,1,1,1,1,1,1,1,1,1,1,1,4),(0.405479595007,
    0.418572854284,0.431666113561,0.444759372837,0.457852632114,
    0.470945891391,0.484039150668,0.497132409944,0.510225669221,
    0.523318928498,0.536412187775,0.549505447051,0.562598706328,
    0.575691965605,0.588785224882,0.601878484158,0.614971743435,
    0.628065002712,0.641158261989,0.654251521266,0.667344780542,
    0.680438039819,0.693531299096,0.706624558373,0.719717817649,
    0.732811076926,0.745904336203,0.75899759548,0.772090854756,
    0.785184114033,0.79827737331,0.811370632587,0.824463891863,
    0.83755715114,0.850650410417,0.863743669694,0.87683692897,
    0.889930188247,0.903023447524,0.916116706801,0.929209966077,
    0.942303225354,0.955396484631,0.968489743908,0.981583003184),
  .QUASI_UNIFORM_KNOTS.);
#1186 = CARTESIAN_POINT('',(4.736583185853,-6.920371745111));
#1187 = CARTESIAN_POINT('',(4.738377832757,-6.908338093366));
#1188 = CARTESIAN_POINT('',(4.74194732736,-6.881550594741));
#1189 = CARTESIAN_POINT('',(4.747208365784,-6.83335081353));
#1190 = CARTESIAN_POINT('',(4.752340595512,-6.777223432244));
#1191 = CARTESIAN_POINT('',(4.757314709086,-6.713438300336));
#1192 = CARTESIAN_POINT('',(4.762106996454,-6.642771978728));
#1193 = CARTESIAN_POINT('',(4.766693055268,-6.565851780401));
#1194 = CARTESIAN_POINT('',(4.771045701231,-6.483418039662));
#1195 = CARTESIAN_POINT('',(4.775149399706,-6.395908253451));
#1196 = CARTESIAN_POINT('',(4.778944659852,-6.304858246848));
#1197 = CARTESIAN_POINT('',(4.782562549108,-6.20705586449));
#1198 = CARTESIAN_POINT('',(4.786003332641,-6.102421579535));
#1199 = CARTESIAN_POINT('',(4.789232374674,-5.991752655256));
#1200 = CARTESIAN_POINT('',(4.792224440483,-5.875612136117));
#1201 = CARTESIAN_POINT('',(4.79495149767,-5.754623151703));
#1202 = CARTESIAN_POINT('',(4.797387227009,-5.629402709928));
#1203 = CARTESIAN_POINT('',(4.799501190813,-5.500532220262));
#1204 = CARTESIAN_POINT('',(4.801284324634,-5.368810396018));
#1205 = CARTESIAN_POINT('',(4.802740434827,-5.235174995283));
#1206 = CARTESIAN_POINT('',(4.803870318038,-5.100510907234));
#1207 = CARTESIAN_POINT('',(4.804675573726,-4.96579241983));
#1208 = CARTESIAN_POINT('',(4.80515758198,-4.831689094819));
#1209 = CARTESIAN_POINT('',(4.80531777853,-4.7));
#1210 = CARTESIAN_POINT('',(4.80515758198,-4.568310905181));
#1211 = CARTESIAN_POINT('',(4.804675573726,-4.43420758017));
#1212 = CARTESIAN_POINT('',(4.803870318038,-4.299489092766));
#1213 = CARTESIAN_POINT('',(4.802740434827,-4.164825004717));
#1214 = CARTESIAN_POINT('',(4.801284324634,-4.031189603982));
#1215 = CARTESIAN_POINT('',(4.799501190813,-3.899467779738));
#1216 = CARTESIAN_POINT('',(4.797387227009,-3.770597290072));
#1217 = CARTESIAN_POINT('',(4.79495149767,-3.645376848297));
#1218 = CARTESIAN_POINT('',(4.792224440483,-3.524387863883));
#1219 = CARTESIAN_POINT('',(4.789232374674,-3.408247344744));
#1220 = CARTESIAN_POINT('',(4.786003332641,-3.297578420465));
#1221 = CARTESIAN_POINT('',(4.782562549108,-3.19294413551));
#1222 = CARTESIAN_POINT('',(4.778944659852,-3.095141753152));
#1223 = CARTESIAN_POINT('',(4.775149399706,-3.004091746549));
#1224 = CARTESIAN_POINT('',(4.771045701231,-2.916581960338));
#1225 = CARTESIAN_POINT('',(4.766693055268,-2.834148219599));
#1226 = CARTESIAN_POINT('',(4.762106996454,-2.757228021272));
#1227 = CARTESIAN_POINT('',(4.757314709086,-2.686561699664));
#1228 = CARTESIAN_POINT('',(4.752340595512,-2.622776567756));
#1229 = CARTESIAN_POINT('',(4.747208365784,-2.56664918647));
#1230 = CARTESIAN_POINT('',(4.74194732736,-2.518449405259));
#1231 = CARTESIAN_POINT('',(4.738377832757,-2.491661906634));
#1232 = CARTESIAN_POINT('',(4.736583185853,-2.479628254889));
#1233 = ( GEOMETRIC_REPRESENTATION_CONTEXT(2) 
PARAMETRIC_REPRESENTATION_CONTEXT() REPRESENTATION_CONTEXT('2D SPACE',''
  ) );
#1234 = PCURVE('',#1235,#1240);
#1235 = CYLINDRICAL_SURFACE('',#1236,2.3);
#1236 = AXIS2_PLACEMENT_3D('',#1237,#1238,#1239);
#1237 = CARTESIAN_POINT('',(1.165885886667E-15,-71.2,27.024027359346));
#1238 = DIRECTION('',(0.,0.,-1.));
#1239 = DIRECTION('',(1.,0.,0.));
#1240 = DEFINITIONAL_REPRESENTATION('',(#1241),#1289);
#1241 = B_SPLINE_CURVE_WITH_KNOTS('',3,(#1242,#1243,#1244,#1245,#1246,
    #1247,#1248,#1249,#1250,#1251,#1252,#1253,#1254,#1255,#1256,#1257,
    #1258,#1259,#1260,#1261,#1262,#1263,#1264,#1265,#1266,#1267,#1268,
    #1269,#1270,#1271,#1272,#1273,#1274,#1275,#1276,#1277,#1278,#1279,
    #1280,#1281,#1282,#1283,#1284,#1285,#1286,#1287,#1288),
  .UNSPECIFIED.,.F.,.F.,(4,1,1,1,1,1,1,1,1,1,1,1,1,1,1,1,1,1,1,1,1,1,1,1
    ,1,1,1,1,1,1,1,1,1,1,1,1,1,1,1,1,1,1,1,1,4),(0.405479595007,
    0.418572854284,0.431666113561,0.444759372837,0.457852632114,
    0.470945891391,0.484039150668,0.497132409944,0.510225669221,
    0.523318928498,0.536412187775,0.549505447051,0.562598706328,
    0.575691965605,0.588785224882,0.601878484158,0.614971743435,
    0.628065002712,0.641158261989,0.654251521266,0.667344780542,
    0.680438039819,0.693531299096,0.706624558373,0.719717817649,
    0.732811076926,0.745904336203,0.75899759548,0.772090854756,
    0.785184114033,0.79827737331,0.811370632587,0.824463891863,
    0.83755715114,0.850650410417,0.863743669694,0.87683692897,
    0.889930188247,0.903023447524,0.916116706801,0.929209966077,
    0.942303225354,0.955396484631,0.968489743908,0.981583003184),
  .QUASI_UNIFORM_KNOTS.);
#1242 = CARTESIAN_POINT('',(7.590077809838,2.231285464056));
#1243 = CARTESIAN_POINT('',(7.570036292872,2.232362580993));
#1244 = CARTESIAN_POINT('',(7.529856830275,2.234745722507));
#1245 = CARTESIAN_POINT('',(7.46943674667,2.238945703841));
#1246 = CARTESIAN_POINT('',(7.409020773655,2.243717434676));
#1247 = CARTESIAN_POINT('',(7.348705797477,2.248979625441));
#1248 = CARTESIAN_POINT('',(7.288649791852,2.25462127272));
#1249 = CARTESIAN_POINT('',(7.229016307658,2.260540238844));
#1250 = CARTESIAN_POINT('',(7.170034067703,2.266627354576));
#1251 = CARTESIAN_POINT('',(7.111757140016,2.272792711208));
#1252 = CARTESIAN_POINT('',(7.054908196926,2.278876389475));
#1253 = CARTESIAN_POINT('',(6.997287523789,2.285021278417));
#1254 = CARTESIAN_POINT('',(6.938659799333,2.291165996566));
#1255 = CARTESIAN_POINT('',(6.879333900896,2.297193482328));
#1256 = CARTESIAN_POINT('',(6.819473966438,2.303001796779));
#1257 = CARTESIAN_POINT('',(6.759272103008,2.308484190433));
#1258 = CARTESIAN_POINT('',(6.698890894456,2.313538033378));
#1259 = CARTESIAN_POINT('',(6.638464158966,2.318049027979));
#1260 = CARTESIAN_POINT('',(6.578099477319,2.321918708118));
#1261 = CARTESIAN_POINT('',(6.517942966868,2.325138899607));
#1262 = CARTESIAN_POINT('',(6.458157836393,2.327683077854));
#1263 = CARTESIAN_POINT('',(6.398960063614,2.329529635364));
#1264 = CARTESIAN_POINT('',(6.340441813246,2.330655646656));
#1265 = CARTESIAN_POINT('',(6.28318530718,2.331038541094));
#1266 = CARTESIAN_POINT('',(6.225928801113,2.330655646656));
#1267 = CARTESIAN_POINT('',(6.167410550745,2.329529635364));
#1268 = CARTESIAN_POINT('',(6.108212777966,2.327683077854));
#1269 = CARTESIAN_POINT('',(6.048427647491,2.325138899607));
#1270 = CARTESIAN_POINT('',(5.98827113704,2.321918708118));
#1271 = CARTESIAN_POINT('',(5.927906455393,2.318049027979));
#1272 = CARTESIAN_POINT('',(5.867479719903,2.313538033378));
#1273 = CARTESIAN_POINT('',(5.807098511351,2.308484190433));
#1274 = CARTESIAN_POINT('',(5.746896647921,2.303001796779));
#1275 = CARTESIAN_POINT('',(5.687036713463,2.297193482328));
#1276 = CARTESIAN_POINT('',(5.627710815026,2.291165996566));
#1277 = CARTESIAN_POINT('',(5.56908309057,2.285021278417));
#1278 = CARTESIAN_POINT('',(5.511462417434,2.278876389475));
#1279 = CARTESIAN_POINT('',(5.454613474343,2.272792711208));
#1280 = CARTESIAN_POINT('',(5.396336546656,2.266627354576));
#1281 = CARTESIAN_POINT('',(5.337354306702,2.260540238844));
#1282 = CARTESIAN_POINT('',(5.277720822507,2.25462127272));
#1283 = CARTESIAN_POINT('',(5.217664816882,2.248979625441));
#1284 = CARTESIAN_POINT('',(5.157349840705,2.243717434676));
#1285 = CARTESIAN_POINT('',(5.096933867689,2.238945703841));
#1286 = CARTESIAN_POINT('',(5.036513784084,2.234745722507));
#1287 = CARTESIAN_POINT('',(4.996334321487,2.232362580993));
#1288 = CARTESIAN_POINT('',(4.976292804522,2.231285464056));
#1289 = ( GEOMETRIC_REPRESENTATION_CONTEXT(2) 
PARAMETRIC_REPRESENTATION_CONTEXT() REPRESENTATION_CONTEXT('2D SPACE',''
  ) );
#1290 = ADVANCED_FACE('',(#1291),#298,.T.);
#1291 = FACE_BOUND('',#1292,.T.);
#1292 = EDGE_LOOP('',(#1293,#1419,#1420,#1421));
#1293 = ORIENTED_EDGE('',*,*,#1294,.T.);
#1294 = EDGE_CURVE('',#1295,#1059,#1297,.T.);
#1295 = VERTEX_POINT('',#1296);
#1296 = CARTESIAN_POINT('',(-0.599954437853,-73.42037264271,
    24.792741975677));
#1297 = SURFACE_CURVE('',#1298,(#1317,#1368),.PCURVE_S1.);
#1298 = B_SPLINE_CURVE_WITH_KNOTS('',3,(#1299,#1300,#1301,#1302,#1303,
    #1304,#1305,#1306,#1307,#1308,#1309,#1310,#1311,#1312,#1313,#1314,
    #1315,#1316),.UNSPECIFIED.,.F.,.F.,(4,2,2,2,2,2,2,2,4),(
    0.182443385428,0.204435780995,0.227152550329,0.249865531986,
    0.272578513643,0.295291498701,0.318004483758,0.340721253541,
    0.362713641549),.UNSPECIFIED.);
#1299 = CARTESIAN_POINT('',(-0.599954437853,-73.42037264271,
    24.792741975677));
#1300 = CARTESIAN_POINT('',(-0.599064135486,-73.42061320632,
    24.719148624192));
#1301 = CARTESIAN_POINT('',(-0.583815224569,-73.42488104507,
    24.641406230102));
#1302 = CARTESIAN_POINT('',(-0.523455633166,-73.43986444173,
    24.496046050218));
#1303 = CARTESIAN_POINT('',(-0.477340959366,-73.45056930174,
    24.428814481396));
#1304 = CARTESIAN_POINT('',(-0.371192689308,-73.47049148607,
    24.322666215316));
#1305 = CARTESIAN_POINT('',(-0.303957455534,-73.48103505834,
    24.276544656397));
#1306 = CARTESIAN_POINT('',(-0.156229102527,-73.49588839871,
    24.215202090289));
#1307 = CARTESIAN_POINT('',(-7.570827741144E-02,-73.50000005469,
    24.199999999998));
#1308 = CARTESIAN_POINT('',(7.571161163786E-02,-73.4999999453,
    24.199999999998));
#1309 = CARTESIAN_POINT('',(0.156232442018,-73.49588817186,
    24.215202094365));
#1310 = CARTESIAN_POINT('',(0.303960797872,-73.48103461336,
    24.276544667289));
#1311 = CARTESIAN_POINT('',(0.371196029598,-73.4704909403,
    24.322666228735));
#1312 = CARTESIAN_POINT('',(0.477344289772,-73.45056859552,
    24.428814492889));
#1313 = CARTESIAN_POINT('',(0.523458959106,-73.43986366459,
    24.496046056456));
#1314 = CARTESIAN_POINT('',(0.583818536107,-73.42488017609,
    24.641406203825));
#1315 = CARTESIAN_POINT('',(0.599067447815,-73.42061231274,
    24.719148566235));
#1316 = CARTESIAN_POINT('',(0.599957759772,-73.42037174511,
    24.792741895291));
#1317 = PCURVE('',#298,#1318);
#1318 = DEFINITIONAL_REPRESENTATION('',(#1319),#1367);
#1319 = B_SPLINE_CURVE_WITH_KNOTS('',3,(#1320,#1321,#1322,#1323,#1324,
    #1325,#1326,#1327,#1328,#1329,#1330,#1331,#1332,#1333,#1334,#1335,
    #1336,#1337,#1338,#1339,#1340,#1341,#1342,#1343,#1344,#1345,#1346,
    #1347,#1348,#1349,#1350,#1351,#1352,#1353,#1354,#1355,#1356,#1357,
    #1358,#1359,#1360,#1361,#1362,#1363,#1364,#1365,#1366),
  .UNSPECIFIED.,.F.,.F.,(4,1,1,1,1,1,1,1,1,1,1,1,1,1,1,1,1,1,1,1,1,1,1,1
    ,1,1,1,1,1,1,1,1,1,1,1,1,1,1,1,1,1,1,1,1,4),(0.182443385428,
    0.186540436703,0.190637487979,0.194734539254,0.19883159053,
    0.202928641805,0.207025693081,0.211122744356,0.215219795632,
    0.219316846907,0.223413898183,0.227510949458,0.231608000734,
    0.235705052009,0.239802103285,0.24389915456,0.247996205835,
    0.252093257111,0.256190308386,0.260287359662,0.264384410937,
    0.268481462213,0.272578513488,0.276675564764,0.280772616039,
    0.284869667315,0.28896671859,0.293063769866,0.297160821141,
    0.301257872417,0.305354923692,0.309451974967,0.313549026243,
    0.317646077518,0.321743128794,0.325840180069,0.329937231345,
    0.33403428262,0.338131333896,0.342228385171,0.346325436447,
    0.350422487722,0.354519538998,0.358616590273,0.362713641549),
  .QUASI_UNIFORM_KNOTS.);
#1320 = CARTESIAN_POINT('',(3.129495651346,-6.920372642711));
#1321 = CARTESIAN_POINT('',(3.106645090376,-6.920417458268));
#1322 = CARTESIAN_POINT('',(3.060439180653,-6.920786618841));
#1323 = CARTESIAN_POINT('',(2.989941636612,-6.922143139181));
#1324 = CARTESIAN_POINT('',(2.91858089916,-6.924266365189));
#1325 = CARTESIAN_POINT('',(2.846683146812,-6.927121150231));
#1326 = CARTESIAN_POINT('',(2.774547293785,-6.930668903879));
#1327 = CARTESIAN_POINT('',(2.70241883538,-6.934883883693));
#1328 = CARTESIAN_POINT('',(2.630470848176,-6.939616258569));
#1329 = CARTESIAN_POINT('',(2.558938273032,-6.944732691749));
#1330 = CARTESIAN_POINT('',(2.488167207502,-6.950094126596));
#1331 = CARTESIAN_POINT('',(2.418293118072,-6.955580265268));
#1332 = CARTESIAN_POINT('',(2.350342005662,-6.961001494619));
#1333 = CARTESIAN_POINT('',(2.28193935873,-6.966432649998));
#1334 = CARTESIAN_POINT('',(2.211898525764,-6.971860749262));
#1335 = CARTESIAN_POINT('',(2.140951443577,-6.977124184816));
#1336 = CARTESIAN_POINT('',(2.069310958151,-6.982100523688));
#1337 = CARTESIAN_POINT('',(1.997297617046,-6.986659259871));
#1338 = CARTESIAN_POINT('',(1.925136779239,-6.990663004872));
#1339 = CARTESIAN_POINT('',(1.853011495951,-6.993992105676));
#1340 = CARTESIAN_POINT('',(1.781166927375,-6.996633974288));
#1341 = CARTESIAN_POINT('',(1.70994516666,-6.998556408873));
#1342 = CARTESIAN_POINT('',(1.639533204527,-6.999732464841));
#1343 = CARTESIAN_POINT('',(1.570796329143,-7.000133782458));
#1344 = CARTESIAN_POINT('',(1.502059455175,-6.999732405323));
#1345 = CARTESIAN_POINT('',(1.431647496371,-6.998556288706));
#1346 = CARTESIAN_POINT('',(1.360425740673,-6.996633793363));
#1347 = CARTESIAN_POINT('',(1.288581178444,-6.993991864332));
#1348 = CARTESIAN_POINT('',(1.216455902575,-6.990662704045));
#1349 = CARTESIAN_POINT('',(1.144295073139,-6.986658901069));
#1350 = CARTESIAN_POINT('',(1.072281741049,-6.982100108738));
#1351 = CARTESIAN_POINT('',(1.000641264889,-6.977123715913));
#1352 = CARTESIAN_POINT('',(0.929694191582,-6.97186022895));
#1353 = CARTESIAN_POINT('',(0.859653367499,-6.966432081168));
#1354 = CARTESIAN_POINT('',(0.791250726083,-6.96100088054));
#1355 = CARTESIAN_POINT('',(0.723299626728,-6.955579609454));
#1356 = CARTESIAN_POINT('',(0.653425547431,-6.950093430475));
#1357 = CARTESIAN_POINT('',(0.582654491087,-6.944731957856));
#1358 = CARTESIAN_POINT('',(0.511121923654,-6.939615489764));
#1359 = CARTESIAN_POINT('',(0.439173942835,-6.934883083384));
#1360 = CARTESIAN_POINT('',(0.367045489551,-6.930668075915));
#1361 = CARTESIAN_POINT('',(0.294909640277,-6.927120298986));
#1362 = CARTESIAN_POINT('',(0.223011890271,-6.924265495176));
#1363 = CARTESIAN_POINT('',(0.151651153748,-6.92214225499));
#1364 = CARTESIAN_POINT('',(8.115360919036E-02,-6.920785725155));
#1365 = CARTESIAN_POINT('',(3.494769812696E-02,-6.920416561432));
#1366 = CARTESIAN_POINT('',(1.209713623087E-02,-6.920371745111));
#1367 = ( GEOMETRIC_REPRESENTATION_CONTEXT(2) 
PARAMETRIC_REPRESENTATION_CONTEXT() REPRESENTATION_CONTEXT('2D SPACE',''
  ) );
#1368 = PCURVE('',#1235,#1369);
#1369 = DEFINITIONAL_REPRESENTATION('',(#1370),#1418);
#1370 = B_SPLINE_CURVE_WITH_KNOTS('',3,(#1371,#1372,#1373,#1374,#1375,
    #1376,#1377,#1378,#1379,#1380,#1381,#1382,#1383,#1384,#1385,#1386,
    #1387,#1388,#1389,#1390,#1391,#1392,#1393,#1394,#1395,#1396,#1397,
    #1398,#1399,#1400,#1401,#1402,#1403,#1404,#1405,#1406,#1407,#1408,
    #1409,#1410,#1411,#1412,#1413,#1414,#1415,#1416,#1417),
  .UNSPECIFIED.,.F.,.F.,(4,1,1,1,1,1,1,1,1,1,1,1,1,1,1,1,1,1,1,1,1,1,1,1
    ,1,1,1,1,1,1,1,1,1,1,1,1,1,1,1,1,1,1,1,1,4),(0.182443385428,
    0.186540436703,0.190637487979,0.194734539254,0.19883159053,
    0.202928641805,0.207025693081,0.211122744356,0.215219795632,
    0.219316846907,0.223413898183,0.227510949458,0.231608000734,
    0.235705052009,0.239802103285,0.24389915456,0.247996205835,
    0.252093257111,0.256190308386,0.260287359662,0.264384410937,
    0.268481462213,0.272578513488,0.276675564764,0.280772616039,
    0.284869667315,0.28896671859,0.293063769866,0.297160821141,
    0.301257872417,0.305354923692,0.309451974967,0.313549026243,
    0.317646077518,0.321743128794,0.325840180069,0.329937231345,
    0.33403428262,0.338131333896,0.342228385171,0.346325436447,
    0.350422487722,0.354519538998,0.358616590273,0.362713641549),
  .QUASI_UNIFORM_KNOTS.);
#1371 = CARTESIAN_POINT('',(8.117883962002,2.231285383669));
#1372 = CARTESIAN_POINT('',(8.117809256862,2.244995383275));
#1373 = CARTESIAN_POINT('',(8.117209855361,2.272703381737));
#1374 = CARTESIAN_POINT('',(8.114963336755,2.314726271642));
#1375 = CARTESIAN_POINT('',(8.111372402843,2.35680732407));
#1376 = CARTESIAN_POINT('',(8.106438501577,2.398542493867));
#1377 = CARTESIAN_POINT('',(8.100168001057,2.439532621895));
#1378 = CARTESIAN_POINT('',(8.092548213388,2.479360320414));
#1379 = CARTESIAN_POINT('',(8.083673545402,2.517718502072));
#1380 = CARTESIAN_POINT('',(8.073691215939,2.554357630823));
#1381 = CARTESIAN_POINT('',(8.06274651718,2.588988942476));
#1382 = CARTESIAN_POINT('',(8.050943193622,2.621427403414));
#1383 = CARTESIAN_POINT('',(8.038549719653,2.651112285869));
#1384 = CARTESIAN_POINT('',(8.025198494274,2.678914155035));
#1385 = CARTESIAN_POINT('',(8.010728362286,2.705167878643));
#1386 = CARTESIAN_POINT('',(7.995335196788,2.729404661227));
#1387 = CARTESIAN_POINT('',(7.979117513463,2.751368339249));
#1388 = CARTESIAN_POINT('',(7.962200257427,2.770755884649));
#1389 = CARTESIAN_POINT('',(7.944692390747,2.787239095534));
#1390 = CARTESIAN_POINT('',(7.926738946211,2.800683699161));
#1391 = CARTESIAN_POINT('',(7.908512466987,2.811129123202));
#1392 = CARTESIAN_POINT('',(7.890192223493,2.818576729071));
#1393 = CARTESIAN_POINT('',(7.871912101088,2.823038081513));
#1394 = CARTESIAN_POINT('',(7.853980912262,2.824521998203));
#1395 = CARTESIAN_POINT('',(7.83604972355,2.823038081765));
#1396 = CARTESIAN_POINT('',(7.817769601255,2.818576729865));
#1397 = CARTESIAN_POINT('',(7.799449357809,2.811129124966));
#1398 = CARTESIAN_POINT('',(7.781222878463,2.800683702508));
#1399 = CARTESIAN_POINT('',(7.763269433547,2.787239101229));
#1400 = CARTESIAN_POINT('',(7.74576156612,2.770755893694));
#1401 = CARTESIAN_POINT('',(7.728844308951,2.751368352379));
#1402 = CARTESIAN_POINT('',(7.712626624086,2.729404679023));
#1403 = CARTESIAN_POINT('',(7.697233456565,2.705167901436));
#1404 = CARTESIAN_POINT('',(7.682763322184,2.678914183328));
#1405 = CARTESIAN_POINT('',(7.669412093463,2.651112318737));
#1406 = CARTESIAN_POINT('',(7.657018617202,2.621427444492));
#1407 = CARTESIAN_POINT('',(7.645215290419,2.588988990798));
#1408 = CARTESIAN_POINT('',(7.634270588008,2.554357686165));
#1409 = CARTESIAN_POINT('',(7.624288254453,2.517718563872));
#1410 = CARTESIAN_POINT('',(7.615413582078,2.479360388042));
#1411 = CARTESIAN_POINT('',(7.607793789766,2.439532694649));
#1412 = CARTESIAN_POINT('',(7.601523284732,2.398542570621));
#1413 = CARTESIAN_POINT('',(7.596589379196,2.356807403648));
#1414 = CARTESIAN_POINT('',(7.592998441359,2.31472635283));
#1415 = CARTESIAN_POINT('',(7.590751919281,2.272703463282));
#1416 = CARTESIAN_POINT('',(7.590152515838,2.244995464196));
#1417 = CARTESIAN_POINT('',(7.590077809838,2.231285464056));
#1418 = ( GEOMETRIC_REPRESENTATION_CONTEXT(2) 
PARAMETRIC_REPRESENTATION_CONTEXT() REPRESENTATION_CONTEXT('2D SPACE',''
  ) );
#1419 = ORIENTED_EDGE('',*,*,#1058,.F.);
#1420 = ORIENTED_EDGE('',*,*,#218,.T.);
#1421 = ORIENTED_EDGE('',*,*,#1422,.T.);
#1422 = EDGE_CURVE('',#219,#1295,#1423,.T.);
#1423 = SURFACE_CURVE('',#1424,(#1428,#1435),.PCURVE_S1.);
#1424 = LINE('',#1425,#1426);
#1425 = CARTESIAN_POINT('',(-0.599954437853,-77.5,24.792741975677));
#1426 = VECTOR('',#1427,1.);
#1427 = DIRECTION('',(0.,1.,0.));
#1428 = PCURVE('',#298,#1429);
#1429 = DEFINITIONAL_REPRESENTATION('',(#1430),#1434);
#1430 = LINE('',#1431,#1432);
#1431 = CARTESIAN_POINT('',(3.129495651346,-11.));
#1432 = VECTOR('',#1433,1.);
#1433 = DIRECTION('',(0.,1.));
#1434 = ( GEOMETRIC_REPRESENTATION_CONTEXT(2) 
PARAMETRIC_REPRESENTATION_CONTEXT() REPRESENTATION_CONTEXT('2D SPACE',''
  ) );
#1435 = PCURVE('',#371,#1436);
#1436 = DEFINITIONAL_REPRESENTATION('',(#1437),#1441);
#1437 = LINE('',#1438,#1439);
#1438 = CARTESIAN_POINT('',(7.306188719902,-11.));
#1439 = VECTOR('',#1440,1.);
#1440 = DIRECTION('',(0.,1.));
#1441 = ( GEOMETRIC_REPRESENTATION_CONTEXT(2) 
PARAMETRIC_REPRESENTATION_CONTEXT() REPRESENTATION_CONTEXT('2D SPACE',''
  ) );
#1442 = ADVANCED_FACE('',(#1443),#371,.F.);
#1443 = FACE_BOUND('',#1444,.F.);
#1444 = EDGE_LOOP('',(#1445,#1521,#1544,#1568,#1589,#1590,#1591,#1592));
#1445 = ORIENTED_EDGE('',*,*,#1446,.F.);
#1446 = EDGE_CURVE('',#1447,#1449,#1451,.T.);
#1447 = VERTEX_POINT('',#1448);
#1448 = CARTESIAN_POINT('',(-0.599954437853,-68.97962735728,
    24.792741975677));
#1449 = VERTEX_POINT('',#1450);
#1450 = CARTESIAN_POINT('',(-2.3,-71.2,24.693116449732));
#1451 = SURFACE_CURVE('',#1452,(#1463,#1492),.PCURVE_S1.);
#1452 = B_SPLINE_CURVE_WITH_KNOTS('',3,(#1453,#1454,#1455,#1456,#1457,
    #1458,#1459,#1460,#1461,#1462),.UNSPECIFIED.,.F.,.F.,(4,2,2,2,4),(
    -0.288052029856,-0.260074346164,-0.17338304278,-8.669152139017E-02,
    0.),.UNSPECIFIED.);
#1453 = CARTESIAN_POINT('',(-0.599954437853,-68.97962735728,
    24.792741975677));
#1454 = CARTESIAN_POINT('',(-0.695033135017,-69.00531803875,
    24.790441185939));
#1455 = CARTESIAN_POINT('',(-0.788969702847,-69.03728828924,
    24.787615804583));
#1456 = CARTESIAN_POINT('',(-1.16371418974,-69.19256014708,
    24.774303949818));
#1457 = CARTESIAN_POINT('',(-1.422232512827,-69.36954131936,
    24.760030225624));
#1458 = CARTESIAN_POINT('',(-1.830459193923,-69.77776800046,
    24.733201601171));
#1459 = CARTESIAN_POINT('',(-2.007439966529,-70.03628609783,
    24.718900996536));
#1460 = CARTESIAN_POINT('',(-2.242214910079,-70.60290913452,
    24.69871158673));
#1461 = CARTESIAN_POINT('',(-2.3,-70.91102826203,24.693116449732));
#1462 = CARTESIAN_POINT('',(-2.3,-71.2,24.693116449732));
#1463 = PCURVE('',#371,#1464);
#1464 = DEFINITIONAL_REPRESENTATION('',(#1465),#1491);
#1465 = B_SPLINE_CURVE_WITH_KNOTS('',3,(#1466,#1467,#1468,#1469,#1470,
    #1471,#1472,#1473,#1474,#1475,#1476,#1477,#1478,#1479,#1480,#1481,
    #1482,#1483,#1484,#1485,#1486,#1487,#1488,#1489,#1490),
  .UNSPECIFIED.,.F.,.F.,(4,1,1,1,1,1,1,1,1,1,1,1,1,1,1,1,1,1,1,1,1,1,4),
  (-0.288052029856,-0.274958755771,-0.261865481687,-0.248772207603,
    -0.235678933518,-0.222585659434,-0.20949238535,-0.196399111265,
    -0.183305837181,-0.170212563097,-0.157119289012,-0.144026014928,
    -0.130932740844,-0.117839466759,-0.104746192675,-9.165291859048E-02,
    -7.855964450613E-02,-6.546637042177E-02,-5.237309633742E-02,
    -3.927982225306E-02,-2.618654816871E-02,-1.309327408435E-02,0.),
  .UNSPECIFIED.);
#1466 = CARTESIAN_POINT('',(7.306188719902,-2.479627357289));
#1467 = CARTESIAN_POINT('',(7.304394070468,-2.491660954125));
#1468 = CARTESIAN_POINT('',(7.300824570567,-2.518448351488));
#1469 = CARTESIAN_POINT('',(7.295563523622,-2.566648005142));
#1470 = CARTESIAN_POINT('',(7.290431284851,-2.622775273154));
#1471 = CARTESIAN_POINT('',(7.285457162107,-2.686560326537));
#1472 = CARTESIAN_POINT('',(7.280664865465,-2.75722659802));
#1473 = CARTESIAN_POINT('',(7.276078797367,-2.834146773554));
#1474 = CARTESIAN_POINT('',(7.27172614221,-2.916580515794));
#1475 = CARTESIAN_POINT('',(7.267622434641,-3.004090327364));
#1476 = CARTESIAN_POINT('',(7.263827165865,-3.095140374302));
#1477 = CARTESIAN_POINT('',(7.260209270696,-3.192942754393));
#1478 = CARTESIAN_POINT('',(7.256768480552,-3.297577078427));
#1479 = CARTESIAN_POINT('',(7.253539432244,-3.40824605958));
#1480 = CARTESIAN_POINT('',(7.250547360334,-3.524386651179));
#1481 = CARTESIAN_POINT('',(7.247820297382,-3.645375743565));
#1482 = CARTESIAN_POINT('',(7.245384562687,-3.770596238874));
#1483 = CARTESIAN_POINT('',(7.24327059404,-3.899467055048));
#1484 = CARTESIAN_POINT('',(7.241487456169,-4.031188248899));
#1485 = CARTESIAN_POINT('',(7.240031342665,-4.164826648238));
#1486 = CARTESIAN_POINT('',(7.238901456886,-4.299480232717));
#1487 = CARTESIAN_POINT('',(7.238096199384,-4.434238634669));
#1488 = CARTESIAN_POINT('',(7.237614189992,-4.568193723855));
#1489 = CARTESIAN_POINT('',(7.237507392167,-4.656355753052));
#1490 = CARTESIAN_POINT('',(7.237507392088,-4.7));
#1491 = ( GEOMETRIC_REPRESENTATION_CONTEXT(2) 
PARAMETRIC_REPRESENTATION_CONTEXT() REPRESENTATION_CONTEXT('2D SPACE',''
  ) );
#1492 = PCURVE('',#1235,#1493);
#1493 = DEFINITIONAL_REPRESENTATION('',(#1494),#1520);
#1494 = B_SPLINE_CURVE_WITH_KNOTS('',3,(#1495,#1496,#1497,#1498,#1499,
    #1500,#1501,#1502,#1503,#1504,#1505,#1506,#1507,#1508,#1509,#1510,
    #1511,#1512,#1513,#1514,#1515,#1516,#1517,#1518,#1519),
  .UNSPECIFIED.,.F.,.F.,(4,1,1,1,1,1,1,1,1,1,1,1,1,1,1,1,1,1,1,1,1,1,4),
  (-0.288052029856,-0.274958755771,-0.261865481687,-0.248772207603,
    -0.235678933518,-0.222585659434,-0.20949238535,-0.196399111265,
    -0.183305837181,-0.170212563097,-0.157119289012,-0.144026014928,
    -0.130932740844,-0.117839466759,-0.104746192675,-9.165291859048E-02,
    -7.855964450613E-02,-6.546637042177E-02,-5.237309633742E-02,
    -3.927982225306E-02,-2.618654816871E-02,-1.309327408435E-02,0.),
  .UNSPECIFIED.);
#1495 = CARTESIAN_POINT('',(4.448486652357,2.231285383669));
#1496 = CARTESIAN_POINT('',(4.428445115283,2.232362496148));
#1497 = CARTESIAN_POINT('',(4.388265610689,2.234745629716));
#1498 = CARTESIAN_POINT('',(4.327845459985,2.238945602033));
#1499 = CARTESIAN_POINT('',(4.267429417632,2.243717326247));
#1500 = CARTESIAN_POINT('',(4.207114369542,2.248979513975));
#1501 = CARTESIAN_POINT('',(4.147058289225,2.254621161147));
#1502 = CARTESIAN_POINT('',(4.087424727711,2.260540129828));
#1503 = CARTESIAN_POINT('',(4.028442408551,2.26662725037));
#1504 = CARTESIAN_POINT('',(3.9701653993,2.272792613835));
#1505 = CARTESIAN_POINT('',(3.913316377254,2.278876300164));
#1506 = CARTESIAN_POINT('',(3.855695662,2.285021194558));
#1507 = CARTESIAN_POINT('',(3.797067879619,2.29116592074));
#1508 = CARTESIAN_POINT('',(3.737741921612,2.29719341527));
#1509 = CARTESIAN_POINT('',(3.677881925614,2.303001739262));
#1510 = CARTESIAN_POINT('',(3.61767999013,2.308484142789));
#1511 = CARTESIAN_POINT('',(3.557298738182,2.313537995524));
#1512 = CARTESIAN_POINT('',(3.496871844518,2.318048999782));
#1513 = CARTESIAN_POINT('',(3.436507428773,2.321918688292));
#1514 = CARTESIAN_POINT('',(3.376349598501,2.325138886808));
#1515 = CARTESIAN_POINT('',(3.316569064575,2.327683070656));
#1516 = CARTESIAN_POINT('',(3.2573538089,2.329529632265));
#1517 = CARTESIAN_POINT('',(3.198900480836,2.330655646079));
#1518 = CARTESIAN_POINT('',(3.160567735876,2.330910909615));
#1519 = CARTESIAN_POINT('',(3.14159265359,2.330910909615));
#1520 = ( GEOMETRIC_REPRESENTATION_CONTEXT(2) 
PARAMETRIC_REPRESENTATION_CONTEXT() REPRESENTATION_CONTEXT('2D SPACE',''
  ) );
#1521 = ORIENTED_EDGE('',*,*,#1522,.T.);
#1522 = EDGE_CURVE('',#1447,#1523,#1525,.T.);
#1523 = VERTEX_POINT('',#1524);
#1524 = CARTESIAN_POINT('',(-0.599954437853,-60.,24.792741975677));
#1525 = SURFACE_CURVE('',#1526,(#1530,#1537),.PCURVE_S1.);
#1526 = LINE('',#1527,#1528);
#1527 = CARTESIAN_POINT('',(-0.599954437853,-77.5,24.792741975677));
#1528 = VECTOR('',#1529,1.);
#1529 = DIRECTION('',(0.,1.,0.));
#1530 = PCURVE('',#371,#1531);
#1531 = DEFINITIONAL_REPRESENTATION('',(#1532),#1536);
#1532 = LINE('',#1533,#1534);
#1533 = CARTESIAN_POINT('',(7.306188719902,-11.));
#1534 = VECTOR('',#1535,1.);
#1535 = DIRECTION('',(0.,1.));
#1536 = ( GEOMETRIC_REPRESENTATION_CONTEXT(2) 
PARAMETRIC_REPRESENTATION_CONTEXT() REPRESENTATION_CONTEXT('2D SPACE',''
  ) );
#1537 = PCURVE('',#1150,#1538);
#1538 = DEFINITIONAL_REPRESENTATION('',(#1539),#1543);
#1539 = LINE('',#1540,#1541);
#1540 = CARTESIAN_POINT('',(3.129495651346,-11.));
#1541 = VECTOR('',#1542,1.);
#1542 = DIRECTION('',(0.,1.));
#1543 = ( GEOMETRIC_REPRESENTATION_CONTEXT(2) 
PARAMETRIC_REPRESENTATION_CONTEXT() REPRESENTATION_CONTEXT('2D SPACE',''
  ) );
#1544 = ORIENTED_EDGE('',*,*,#1545,.F.);
#1545 = EDGE_CURVE('',#1546,#1523,#1548,.T.);
#1546 = VERTEX_POINT('',#1547);
#1547 = CARTESIAN_POINT('',(-21.77112319067,-60.,-11.87679228648));
#1548 = SURFACE_CURVE('',#1549,(#1554,#1561),.PCURVE_S1.);
#1549 = CIRCLE('',#1550,24.8);
#1550 = AXIS2_PLACEMENT_3D('',#1551,#1552,#1553);
#1551 = CARTESIAN_POINT('',(0.,-60.,0.));
#1552 = DIRECTION('',(0.,1.,0.));
#1553 = DIRECTION('',(-0.866025370288,0.,0.500000058018));
#1554 = PCURVE('',#371,#1555);
#1555 = DEFINITIONAL_REPRESENTATION('',(#1556),#1560);
#1556 = LINE('',#1557,#1558);
#1557 = CARTESIAN_POINT('',(2.167146583022E-17,6.5));
#1558 = VECTOR('',#1559,1.);
#1559 = DIRECTION('',(1.,0.));
#1560 = ( GEOMETRIC_REPRESENTATION_CONTEXT(2) 
PARAMETRIC_REPRESENTATION_CONTEXT() REPRESENTATION_CONTEXT('2D SPACE',''
  ) );
#1561 = PCURVE('',#1122,#1562);
#1562 = DEFINITIONAL_REPRESENTATION('',(#1563),#1567);
#1563 = CIRCLE('',#1564,24.8);
#1564 = AXIS2_PLACEMENT_2D('',#1565,#1566);
#1565 = CARTESIAN_POINT('',(0.,0.));
#1566 = DIRECTION('',(-0.866025370288,-0.500000058018));
#1567 = ( GEOMETRIC_REPRESENTATION_CONTEXT(2) 
PARAMETRIC_REPRESENTATION_CONTEXT() REPRESENTATION_CONTEXT('2D SPACE',''
  ) );
#1568 = ORIENTED_EDGE('',*,*,#1569,.F.);
#1569 = EDGE_CURVE('',#407,#1546,#1570,.T.);
#1570 = SURFACE_CURVE('',#1571,(#1575,#1582),.PCURVE_S1.);
#1571 = LINE('',#1572,#1573);
#1572 = CARTESIAN_POINT('',(-21.77112319067,-77.5,-11.87679228648));
#1573 = VECTOR('',#1574,1.);
#1574 = DIRECTION('',(0.,1.,0.));
#1575 = PCURVE('',#371,#1576);
#1576 = DEFINITIONAL_REPRESENTATION('',(#1577),#1581);
#1577 = LINE('',#1578,#1579);
#1578 = CARTESIAN_POINT('',(5.260181894457,-11.));
#1579 = VECTOR('',#1580,1.);
#1580 = DIRECTION('',(0.,1.));
#1581 = ( GEOMETRIC_REPRESENTATION_CONTEXT(2) 
PARAMETRIC_REPRESENTATION_CONTEXT() REPRESENTATION_CONTEXT('2D SPACE',''
  ) );
#1582 = PCURVE('',#510,#1583);
#1583 = DEFINITIONAL_REPRESENTATION('',(#1584),#1588);
#1584 = LINE('',#1585,#1586);
#1585 = CARTESIAN_POINT('',(4.200887341017,-11.));
#1586 = VECTOR('',#1587,1.);
#1587 = DIRECTION('',(0.,1.));
#1588 = ( GEOMETRIC_REPRESENTATION_CONTEXT(2) 
PARAMETRIC_REPRESENTATION_CONTEXT() REPRESENTATION_CONTEXT('2D SPACE',''
  ) );
#1589 = ORIENTED_EDGE('',*,*,#406,.F.);
#1590 = ORIENTED_EDGE('',*,*,#354,.F.);
#1591 = ORIENTED_EDGE('',*,*,#1422,.T.);
#1592 = ORIENTED_EDGE('',*,*,#1593,.F.);
#1593 = EDGE_CURVE('',#1449,#1295,#1594,.T.);
#1594 = SURFACE_CURVE('',#1595,(#1606,#1635),.PCURVE_S1.);
#1595 = B_SPLINE_CURVE_WITH_KNOTS('',3,(#1596,#1597,#1598,#1599,#1600,
    #1601,#1602,#1603,#1604,#1605),.UNSPECIFIED.,.F.,.F.,(4,2,2,2,4),(0.
    ,8.669152139017E-02,0.17338304278,0.260074346164,0.288052029856),
  .UNSPECIFIED.);
#1596 = CARTESIAN_POINT('',(-2.3,-71.2,24.693116449732));
#1597 = CARTESIAN_POINT('',(-2.3,-71.48897173796,24.693116449732));
#1598 = CARTESIAN_POINT('',(-2.242214910079,-71.79709086547,
    24.69871158673));
#1599 = CARTESIAN_POINT('',(-2.007439966529,-72.36371390216,
    24.718900996536));
#1600 = CARTESIAN_POINT('',(-1.830459193923,-72.62223199953,
    24.733201601171));
#1601 = CARTESIAN_POINT('',(-1.422232512827,-73.03045868063,
    24.760030225624));
#1602 = CARTESIAN_POINT('',(-1.16371418974,-73.20743985291,
    24.774303949818));
#1603 = CARTESIAN_POINT('',(-0.788969702847,-73.36271171075,
    24.787615804583));
#1604 = CARTESIAN_POINT('',(-0.695033135017,-73.39468196124,
    24.790441185939));
#1605 = CARTESIAN_POINT('',(-0.599954437853,-73.42037264271,
    24.792741975677));
#1606 = PCURVE('',#371,#1607);
#1607 = DEFINITIONAL_REPRESENTATION('',(#1608),#1634);
#1608 = B_SPLINE_CURVE_WITH_KNOTS('',3,(#1609,#1610,#1611,#1612,#1613,
    #1614,#1615,#1616,#1617,#1618,#1619,#1620,#1621,#1622,#1623,#1624,
    #1625,#1626,#1627,#1628,#1629,#1630,#1631,#1632,#1633),
  .UNSPECIFIED.,.F.,.F.,(4,1,1,1,1,1,1,1,1,1,1,1,1,1,1,1,1,1,1,1,1,1,4),
  (0.,1.309327408435E-02,2.618654816871E-02,3.927982225306E-02,
    5.237309633742E-02,6.546637042177E-02,7.855964450613E-02,
    9.165291859048E-02,0.104746192675,0.117839466759,0.130932740844,
    0.144026014928,0.157119289012,0.170212563097,0.183305837181,
    0.196399111265,0.20949238535,0.222585659434,0.235678933518,
    0.248772207603,0.261865481687,0.274958755771,0.288052029856),
  .QUASI_UNIFORM_KNOTS.);
#1609 = CARTESIAN_POINT('',(7.237507392088,-4.7));
#1610 = CARTESIAN_POINT('',(7.237507392167,-4.743644246948));
#1611 = CARTESIAN_POINT('',(7.237614189992,-4.831806276145));
#1612 = CARTESIAN_POINT('',(7.238096199384,-4.965761365331));
#1613 = CARTESIAN_POINT('',(7.238901456886,-5.100519767283));
#1614 = CARTESIAN_POINT('',(7.240031342665,-5.235173351762));
#1615 = CARTESIAN_POINT('',(7.241487456169,-5.368811751101));
#1616 = CARTESIAN_POINT('',(7.24327059404,-5.500532944952));
#1617 = CARTESIAN_POINT('',(7.245384562687,-5.629403761126));
#1618 = CARTESIAN_POINT('',(7.247820297382,-5.754624256435));
#1619 = CARTESIAN_POINT('',(7.250547360334,-5.875613348821));
#1620 = CARTESIAN_POINT('',(7.253539432244,-5.99175394042));
#1621 = CARTESIAN_POINT('',(7.256768480552,-6.102422921573));
#1622 = CARTESIAN_POINT('',(7.260209270696,-6.207057245607));
#1623 = CARTESIAN_POINT('',(7.263827165865,-6.304859625698));
#1624 = CARTESIAN_POINT('',(7.267622434641,-6.395909672636));
#1625 = CARTESIAN_POINT('',(7.27172614221,-6.483419484206));
#1626 = CARTESIAN_POINT('',(7.276078797367,-6.565853226446));
#1627 = CARTESIAN_POINT('',(7.280664865465,-6.64277340198));
#1628 = CARTESIAN_POINT('',(7.285457162107,-6.713439673463));
#1629 = CARTESIAN_POINT('',(7.290431284851,-6.777224726846));
#1630 = CARTESIAN_POINT('',(7.295563523622,-6.833351994858));
#1631 = CARTESIAN_POINT('',(7.300824570567,-6.881551648512));
#1632 = CARTESIAN_POINT('',(7.304394070468,-6.908339045875));
#1633 = CARTESIAN_POINT('',(7.306188719902,-6.920372642711));
#1634 = ( GEOMETRIC_REPRESENTATION_CONTEXT(2) 
PARAMETRIC_REPRESENTATION_CONTEXT() REPRESENTATION_CONTEXT('2D SPACE',''
  ) );
#1635 = PCURVE('',#1235,#1636);
#1636 = DEFINITIONAL_REPRESENTATION('',(#1637),#1663);
#1637 = B_SPLINE_CURVE_WITH_KNOTS('',3,(#1638,#1639,#1640,#1641,#1642,
    #1643,#1644,#1645,#1646,#1647,#1648,#1649,#1650,#1651,#1652,#1653,
    #1654,#1655,#1656,#1657,#1658,#1659,#1660,#1661,#1662),
  .UNSPECIFIED.,.F.,.F.,(4,1,1,1,1,1,1,1,1,1,1,1,1,1,1,1,1,1,1,1,1,1,4),
  (0.,1.309327408435E-02,2.618654816871E-02,3.927982225306E-02,
    5.237309633742E-02,6.546637042177E-02,7.855964450613E-02,
    9.165291859048E-02,0.104746192675,0.117839466759,0.130932740844,
    0.144026014928,0.157119289012,0.170212563097,0.183305837181,
    0.196399111265,0.20949238535,0.222585659434,0.235678933518,
    0.248772207603,0.261865481687,0.274958755771,0.288052029856),
  .QUASI_UNIFORM_KNOTS.);
#1638 = CARTESIAN_POINT('',(9.424777960769,2.330910909615));
#1639 = CARTESIAN_POINT('',(9.405802878483,2.330910909615));
#1640 = CARTESIAN_POINT('',(9.367470133523,2.330655646079));
#1641 = CARTESIAN_POINT('',(9.30901680546,2.329529632265));
#1642 = CARTESIAN_POINT('',(9.249801549784,2.327683070656));
#1643 = CARTESIAN_POINT('',(9.190021015858,2.325138886808));
#1644 = CARTESIAN_POINT('',(9.129863185586,2.321918688292));
#1645 = CARTESIAN_POINT('',(9.069498769841,2.318048999782));
#1646 = CARTESIAN_POINT('',(9.009071876177,2.313537995524));
#1647 = CARTESIAN_POINT('',(8.948690624229,2.308484142789));
#1648 = CARTESIAN_POINT('',(8.888488688745,2.303001739262));
#1649 = CARTESIAN_POINT('',(8.828628692747,2.29719341527));
#1650 = CARTESIAN_POINT('',(8.76930273474,2.29116592074));
#1651 = CARTESIAN_POINT('',(8.710674952359,2.285021194558));
#1652 = CARTESIAN_POINT('',(8.653054237106,2.278876300164));
#1653 = CARTESIAN_POINT('',(8.59620521506,2.272792613835));
#1654 = CARTESIAN_POINT('',(8.537928205808,2.26662725037));
#1655 = CARTESIAN_POINT('',(8.478945886648,2.260540129828));
#1656 = CARTESIAN_POINT('',(8.419312325135,2.254621161147));
#1657 = CARTESIAN_POINT('',(8.359256244817,2.248979513975));
#1658 = CARTESIAN_POINT('',(8.298941196727,2.243717326247));
#1659 = CARTESIAN_POINT('',(8.238525154374,2.238945602033));
#1660 = CARTESIAN_POINT('',(8.17810500367,2.234745629716));
#1661 = CARTESIAN_POINT('',(8.137925499076,2.232362496148));
#1662 = CARTESIAN_POINT('',(8.117883962002,2.231285383669));
#1663 = ( GEOMETRIC_REPRESENTATION_CONTEXT(2) 
PARAMETRIC_REPRESENTATION_CONTEXT() REPRESENTATION_CONTEXT('2D SPACE',''
  ) );
#1664 = ADVANCED_FACE('',(#1665),#510,.T.);
#1665 = FACE_BOUND('',#1666,.T.);
#1666 = EDGE_LOOP('',(#1667,#1668,#1691,#1713));
#1667 = ORIENTED_EDGE('',*,*,#430,.T.);
#1668 = ORIENTED_EDGE('',*,*,#1669,.T.);
#1669 = EDGE_CURVE('',#431,#1670,#1672,.T.);
#1670 = VERTEX_POINT('',#1671);
#1671 = CARTESIAN_POINT('',(-21.17116716148,-60.,-12.91594677213));
#1672 = SURFACE_CURVE('',#1673,(#1677,#1684),.PCURVE_S1.);
#1673 = LINE('',#1674,#1675);
#1674 = CARTESIAN_POINT('',(-21.17116716148,-77.5,-12.91594677213));
#1675 = VECTOR('',#1676,1.);
#1676 = DIRECTION('',(0.,1.,0.));
#1677 = PCURVE('',#510,#1678);
#1678 = DEFINITIONAL_REPRESENTATION('',(#1679),#1683);
#1679 = LINE('',#1680,#1681);
#1680 = CARTESIAN_POINT('',(7.318285856133,-11.));
#1681 = VECTOR('',#1682,1.);
#1682 = DIRECTION('',(0.,1.));
#1683 = ( GEOMETRIC_REPRESENTATION_CONTEXT(2) 
PARAMETRIC_REPRESENTATION_CONTEXT() REPRESENTATION_CONTEXT('2D SPACE',''
  ) );
#1684 = PCURVE('',#583,#1685);
#1685 = DEFINITIONAL_REPRESENTATION('',(#1686),#1690);
#1686 = LINE('',#1687,#1688);
#1687 = CARTESIAN_POINT('',(2.593799806511,-11.));
#1688 = VECTOR('',#1689,1.);
#1689 = DIRECTION('',(0.,1.));
#1690 = ( GEOMETRIC_REPRESENTATION_CONTEXT(2) 
PARAMETRIC_REPRESENTATION_CONTEXT() REPRESENTATION_CONTEXT('2D SPACE',''
  ) );
#1691 = ORIENTED_EDGE('',*,*,#1692,.F.);
#1692 = EDGE_CURVE('',#1546,#1670,#1693,.T.);
#1693 = SURFACE_CURVE('',#1694,(#1699,#1706),.PCURVE_S1.);
#1694 = CIRCLE('',#1695,0.600000000002);
#1695 = AXIS2_PLACEMENT_3D('',#1696,#1697,#1698);
#1696 = CARTESIAN_POINT('',(-21.47743084457,-60.,-12.39999856114));
#1697 = DIRECTION('',(-0.,1.,0.));
#1698 = DIRECTION('',(1.,0.,0.));
#1699 = PCURVE('',#510,#1700);
#1700 = DEFINITIONAL_REPRESENTATION('',(#1701),#1705);
#1701 = LINE('',#1702,#1703);
#1702 = CARTESIAN_POINT('',(0.,6.5));
#1703 = VECTOR('',#1704,1.);
#1704 = DIRECTION('',(1.,0.));
#1705 = ( GEOMETRIC_REPRESENTATION_CONTEXT(2) 
PARAMETRIC_REPRESENTATION_CONTEXT() REPRESENTATION_CONTEXT('2D SPACE',''
  ) );
#1706 = PCURVE('',#1122,#1707);
#1707 = DEFINITIONAL_REPRESENTATION('',(#1708),#1712);
#1708 = CIRCLE('',#1709,0.600000000002);
#1709 = AXIS2_PLACEMENT_2D('',#1710,#1711);
#1710 = CARTESIAN_POINT('',(-21.47743084457,12.399998561145));
#1711 = DIRECTION('',(1.,-0.));
#1712 = ( GEOMETRIC_REPRESENTATION_CONTEXT(2) 
PARAMETRIC_REPRESENTATION_CONTEXT() REPRESENTATION_CONTEXT('2D SPACE',''
  ) );
#1713 = ORIENTED_EDGE('',*,*,#1569,.F.);
#1714 = ADVANCED_FACE('',(#1715),#583,.F.);
#1715 = FACE_BOUND('',#1716,.F.);
#1716 = EDGE_LOOP('',(#1717,#1718,#1719,#1743));
#1717 = ORIENTED_EDGE('',*,*,#566,.F.);
#1718 = ORIENTED_EDGE('',*,*,#1669,.T.);
#1719 = ORIENTED_EDGE('',*,*,#1720,.F.);
#1720 = EDGE_CURVE('',#1721,#1670,#1723,.T.);
#1721 = VERTEX_POINT('',#1722);
#1722 = CARTESIAN_POINT('',(21.171165430906,-60.,-12.9159496088));
#1723 = SURFACE_CURVE('',#1724,(#1729,#1736),.PCURVE_S1.);
#1724 = CIRCLE('',#1725,24.8);
#1725 = AXIS2_PLACEMENT_3D('',#1726,#1727,#1728);
#1726 = CARTESIAN_POINT('',(0.,-60.,0.));
#1727 = DIRECTION('',(-0.,1.,0.));
#1728 = DIRECTION('',(1.,0.,0.));
#1729 = PCURVE('',#583,#1730);
#1730 = DEFINITIONAL_REPRESENTATION('',(#1731),#1735);
#1731 = LINE('',#1732,#1733);
#1732 = CARTESIAN_POINT('',(0.,6.5));
#1733 = VECTOR('',#1734,1.);
#1734 = DIRECTION('',(1.,0.));
#1735 = ( GEOMETRIC_REPRESENTATION_CONTEXT(2) 
PARAMETRIC_REPRESENTATION_CONTEXT() REPRESENTATION_CONTEXT('2D SPACE',''
  ) );
#1736 = PCURVE('',#1122,#1737);
#1737 = DEFINITIONAL_REPRESENTATION('',(#1738),#1742);
#1738 = CIRCLE('',#1739,24.8);
#1739 = AXIS2_PLACEMENT_2D('',#1740,#1741);
#1740 = CARTESIAN_POINT('',(0.,0.));
#1741 = DIRECTION('',(1.,-0.));
#1742 = ( GEOMETRIC_REPRESENTATION_CONTEXT(2) 
PARAMETRIC_REPRESENTATION_CONTEXT() REPRESENTATION_CONTEXT('2D SPACE',''
  ) );
#1743 = ORIENTED_EDGE('',*,*,#1744,.F.);
#1744 = EDGE_CURVE('',#567,#1721,#1745,.T.);
#1745 = SURFACE_CURVE('',#1746,(#1750,#1757),.PCURVE_S1.);
#1746 = LINE('',#1747,#1748);
#1747 = CARTESIAN_POINT('',(21.171165430906,-77.5,-12.9159496088));
#1748 = VECTOR('',#1749,1.);
#1749 = DIRECTION('',(0.,1.,0.));
#1750 = PCURVE('',#583,#1751);
#1751 = DEFINITIONAL_REPRESENTATION('',(#1752),#1756);
#1752 = LINE('',#1753,#1754);
#1753 = CARTESIAN_POINT('',(0.547792981066,-11.));
#1754 = VECTOR('',#1755,1.);
#1755 = DIRECTION('',(0.,1.));
#1756 = ( GEOMETRIC_REPRESENTATION_CONTEXT(2) 
PARAMETRIC_REPRESENTATION_CONTEXT() REPRESENTATION_CONTEXT('2D SPACE',''
  ) );
#1757 = PCURVE('',#673,#1758);
#1758 = DEFINITIONAL_REPRESENTATION('',(#1759),#1763);
#1759 = LINE('',#1760,#1761);
#1760 = CARTESIAN_POINT('',(-1.558699257558,-11.));
#1761 = VECTOR('',#1762,1.);
#1762 = DIRECTION('',(0.,1.));
#1763 = ( GEOMETRIC_REPRESENTATION_CONTEXT(2) 
PARAMETRIC_REPRESENTATION_CONTEXT() REPRESENTATION_CONTEXT('2D SPACE',''
  ) );
#1764 = ADVANCED_FACE('',(#1765),#673,.T.);
#1765 = FACE_BOUND('',#1766,.T.);
#1766 = EDGE_LOOP('',(#1767,#1768,#1769,#1791));
#1767 = ORIENTED_EDGE('',*,*,#595,.T.);
#1768 = ORIENTED_EDGE('',*,*,#1082,.T.);
#1769 = ORIENTED_EDGE('',*,*,#1770,.F.);
#1770 = EDGE_CURVE('',#1721,#1083,#1771,.T.);
#1771 = SURFACE_CURVE('',#1772,(#1777,#1784),.PCURVE_S1.);
#1772 = CIRCLE('',#1773,0.600000000002);
#1773 = AXIS2_PLACEMENT_3D('',#1774,#1775,#1776);
#1774 = CARTESIAN_POINT('',(21.477429183131,-60.,-12.40000143885));
#1775 = DIRECTION('',(0.,1.,0.));
#1776 = DIRECTION('',(-0.866025370288,0.,0.500000058018));
#1777 = PCURVE('',#673,#1778);
#1778 = DEFINITIONAL_REPRESENTATION('',(#1779),#1783);
#1779 = LINE('',#1780,#1781);
#1780 = CARTESIAN_POINT('',(-6.28318530718,6.5));
#1781 = VECTOR('',#1782,1.);
#1782 = DIRECTION('',(1.,0.));
#1783 = ( GEOMETRIC_REPRESENTATION_CONTEXT(2) 
PARAMETRIC_REPRESENTATION_CONTEXT() REPRESENTATION_CONTEXT('2D SPACE',''
  ) );
#1784 = PCURVE('',#1122,#1785);
#1785 = DEFINITIONAL_REPRESENTATION('',(#1786),#1790);
#1786 = CIRCLE('',#1787,0.600000000002);
#1787 = AXIS2_PLACEMENT_2D('',#1788,#1789);
#1788 = CARTESIAN_POINT('',(21.477429183131,12.400001438854));
#1789 = DIRECTION('',(-0.866025370288,-0.500000058018));
#1790 = ( GEOMETRIC_REPRESENTATION_CONTEXT(2) 
PARAMETRIC_REPRESENTATION_CONTEXT() REPRESENTATION_CONTEXT('2D SPACE',''
  ) );
#1791 = ORIENTED_EDGE('',*,*,#1744,.F.);
#1792 = ADVANCED_FACE('',(#1793),#750,.T.);
#1793 = FACE_BOUND('',#1794,.T.);
#1794 = EDGE_LOOP('',(#1795,#1840,#1841,#1864,#1892,#1918,#1944));
#1795 = ORIENTED_EDGE('',*,*,#1796,.F.);
#1796 = EDGE_CURVE('',#735,#1797,#1799,.T.);
#1797 = VERTEX_POINT('',#1798);
#1798 = CARTESIAN_POINT('',(-5.,-60.,28.130160253902));
#1799 = SURFACE_CURVE('',#1800,(#1804,#1811),.PCURVE_S1.);
#1800 = ( BOUNDED_CURVE() B_SPLINE_CURVE(2,(#1801,#1802,#1803),
.UNSPECIFIED.,.F.,.F.) B_SPLINE_CURVE_WITH_KNOTS((3,3),(0.,
0.427754098554),.PIECEWISE_BEZIER_KNOTS.) CURVE() 
GEOMETRIC_REPRESENTATION_ITEM() RATIONAL_B_SPLINE_CURVE((1.,
1.001485662863,1.)) REPRESENTATION_ITEM('') );
#1801 = CARTESIAN_POINT('',(-5.,-62.07106781186,26.024027359346));
#1802 = CARTESIAN_POINT('',(-5.,-60.65407989483,27.466931614049));
#1803 = CARTESIAN_POINT('',(-5.,-59.07106781186,29.073183520213));
#1804 = PCURVE('',#750,#1805);
#1805 = DEFINITIONAL_REPRESENTATION('',(#1806),#1810);
#1806 = ( BOUNDED_CURVE() B_SPLINE_CURVE(2,(#1807,#1808,#1809),
.UNSPECIFIED.,.F.,.F.) B_SPLINE_CURVE_WITH_KNOTS((3,3),(0.,
0.427754098554),.PIECEWISE_BEZIER_KNOTS.) CURVE() 
GEOMETRIC_REPRESENTATION_ITEM() RATIONAL_B_SPLINE_CURVE((1.,
1.001485662863,1.)) REPRESENTATION_ITEM('') );
#1807 = CARTESIAN_POINT('',(0.,15.428932188135));
#1808 = CARTESIAN_POINT('',(1.442904254703,16.845920105165));
#1809 = CARTESIAN_POINT('',(3.049156160867,18.428932188135));
#1810 = ( GEOMETRIC_REPRESENTATION_CONTEXT(2) 
PARAMETRIC_REPRESENTATION_CONTEXT() REPRESENTATION_CONTEXT('2D SPACE',''
  ) );
#1811 = PCURVE('',#779,#1812);
#1812 = DEFINITIONAL_REPRESENTATION('',(#1813),#1839);
#1813 = B_SPLINE_CURVE_WITH_KNOTS('',3,(#1814,#1815,#1816,#1817,#1818,
    #1819,#1820,#1821,#1822,#1823,#1824,#1825,#1826,#1827,#1828,#1829,
    #1830,#1831,#1832,#1833,#1834,#1835,#1836,#1837,#1838),
  .UNSPECIFIED.,.F.,.F.,(4,1,1,1,1,1,1,1,1,1,1,1,1,1,1,1,1,1,1,1,1,1,4),
  (0.,1.944336811609E-02,3.888673623217E-02,5.833010434826E-02,
    7.777347246434E-02,9.721684058043E-02,0.116660208697,0.136103576813,
    0.155546944929,0.174990313045,0.194433681161,0.213877049277,
    0.233320417393,0.252763785509,0.272207153625,0.291650521741,
    0.311093889857,0.330537257973,0.34998062609,0.369423994206,
    0.388867362322,0.408310730438,0.427754098554),
  .QUASI_UNIFORM_KNOTS.);
#1814 = CARTESIAN_POINT('',(2.951775592245,-1.5));
#1815 = CARTESIAN_POINT('',(2.952087371007,-1.456997175551));
#1816 = CARTESIAN_POINT('',(2.952709368713,-1.370780272722));
#1817 = CARTESIAN_POINT('',(2.953637719993,-1.24081659003));
#1818 = CARTESIAN_POINT('',(2.954561460301,-1.110210029963));
#1819 = CARTESIAN_POINT('',(2.955480623487,-0.978955981524));
#1820 = CARTESIAN_POINT('',(2.956395243109,-0.847049792335));
#1821 = CARTESIAN_POINT('',(2.95730535239,-0.714486762405));
#1822 = CARTESIAN_POINT('',(2.958210984238,-0.581262145087));
#1823 = CARTESIAN_POINT('',(2.959112171246,-0.447371146114));
#1824 = CARTESIAN_POINT('',(2.960008945691,-0.312808923124));
#1825 = CARTESIAN_POINT('',(2.960901339546,-0.17757058505));
#1826 = CARTESIAN_POINT('',(2.961789384477,-4.165119153879E-02));
#1827 = CARTESIAN_POINT('',(2.96267311185,9.495424765859E-02));
#1828 = CARTESIAN_POINT('',(2.963552552732,0.232250773293));
#1829 = CARTESIAN_POINT('',(2.964427737898,0.370243477239));
#1830 = CARTESIAN_POINT('',(2.965298697832,0.508937503122));
#1831 = CARTESIAN_POINT('',(2.96616546273,0.648338046968));
#1832 = CARTESIAN_POINT('',(2.967028062503,0.788450357813));
#1833 = CARTESIAN_POINT('',(2.967886526784,0.929279738502));
#1834 = CARTESIAN_POINT('',(2.968740884929,1.070831545842));
#1835 = CARTESIAN_POINT('',(2.969591166012,1.213111193211));
#1836 = CARTESIAN_POINT('',(2.970437398863,1.35612414403));
#1837 = CARTESIAN_POINT('',(2.970998874252,1.451958674289));
#1838 = CARTESIAN_POINT('',(2.971278946746,1.5));
#1839 = ( GEOMETRIC_REPRESENTATION_CONTEXT(2) 
PARAMETRIC_REPRESENTATION_CONTEXT() REPRESENTATION_CONTEXT('2D SPACE',''
  ) );
#1840 = ORIENTED_EDGE('',*,*,#732,.F.);
#1841 = ORIENTED_EDGE('',*,*,#1842,.F.);
#1842 = EDGE_CURVE('',#1843,#733,#1845,.T.);
#1843 = VERTEX_POINT('',#1844);
#1844 = CARTESIAN_POINT('',(-5.,-74.5,31.024027359346));
#1845 = SURFACE_CURVE('',#1846,(#1850,#1857),.PCURVE_S1.);
#1846 = LINE('',#1847,#1848);
#1847 = CARTESIAN_POINT('',(-5.,-74.5,0.512013679673));
#1848 = VECTOR('',#1849,1.);
#1849 = DIRECTION('',(-2.22044604925E-16,0.,-1.));
#1850 = PCURVE('',#750,#1851);
#1851 = DEFINITIONAL_REPRESENTATION('',(#1852),#1856);
#1852 = LINE('',#1853,#1854);
#1853 = CARTESIAN_POINT('',(-25.51201367967,3.));
#1854 = VECTOR('',#1855,1.);
#1855 = DIRECTION('',(-1.,0.));
#1856 = ( GEOMETRIC_REPRESENTATION_CONTEXT(2) 
PARAMETRIC_REPRESENTATION_CONTEXT() REPRESENTATION_CONTEXT('2D SPACE',''
  ) );
#1857 = PCURVE('',#1021,#1858);
#1858 = DEFINITIONAL_REPRESENTATION('',(#1859),#1863);
#1859 = LINE('',#1860,#1861);
#1860 = CARTESIAN_POINT('',(0.785398163397,0.));
#1861 = VECTOR('',#1862,1.);
#1862 = DIRECTION('',(0.,1.));
#1863 = ( GEOMETRIC_REPRESENTATION_CONTEXT(2) 
PARAMETRIC_REPRESENTATION_CONTEXT() REPRESENTATION_CONTEXT('2D SPACE',''
  ) );
#1864 = ORIENTED_EDGE('',*,*,#1865,.T.);
#1865 = EDGE_CURVE('',#1843,#1866,#1868,.T.);
#1866 = VERTEX_POINT('',#1867);
#1867 = CARTESIAN_POINT('',(-5.,-59.2,31.024027359346));
#1868 = SURFACE_CURVE('',#1869,(#1873,#1880),.PCURVE_S1.);
#1869 = LINE('',#1870,#1871);
#1870 = CARTESIAN_POINT('',(-5.,-77.5,31.024027359346));
#1871 = VECTOR('',#1872,1.);
#1872 = DIRECTION('',(0.,1.,0.));
#1873 = PCURVE('',#750,#1874);
#1874 = DEFINITIONAL_REPRESENTATION('',(#1875),#1879);
#1875 = LINE('',#1876,#1877);
#1876 = CARTESIAN_POINT('',(5.,0.));
#1877 = VECTOR('',#1878,1.);
#1878 = DIRECTION('',(0.,1.));
#1879 = ( GEOMETRIC_REPRESENTATION_CONTEXT(2) 
PARAMETRIC_REPRESENTATION_CONTEXT() REPRESENTATION_CONTEXT('2D SPACE',''
  ) );
#1880 = PCURVE('',#1881,#1886);
#1881 = PLANE('',#1882);
#1882 = AXIS2_PLACEMENT_3D('',#1883,#1884,#1885);
#1883 = CARTESIAN_POINT('',(-5.,-77.5,31.024027359346));
#1884 = DIRECTION('',(0.,0.,1.));
#1885 = DIRECTION('',(1.,0.,-0.));
#1886 = DEFINITIONAL_REPRESENTATION('',(#1887),#1891);
#1887 = LINE('',#1888,#1889);
#1888 = CARTESIAN_POINT('',(0.,0.));
#1889 = VECTOR('',#1890,1.);
#1890 = DIRECTION('',(0.,1.));
#1891 = ( GEOMETRIC_REPRESENTATION_CONTEXT(2) 
PARAMETRIC_REPRESENTATION_CONTEXT() REPRESENTATION_CONTEXT('2D SPACE',''
  ) );
#1892 = ORIENTED_EDGE('',*,*,#1893,.T.);
#1893 = EDGE_CURVE('',#1866,#1894,#1896,.T.);
#1894 = VERTEX_POINT('',#1895);
#1895 = CARTESIAN_POINT('',(-5.,-59.2,29.073183520213));
#1896 = SURFACE_CURVE('',#1897,(#1901,#1907),.PCURVE_S1.);
#1897 = LINE('',#1898,#1899);
#1898 = CARTESIAN_POINT('',(-5.,-59.2,-86.98798632032));
#1899 = VECTOR('',#1900,1.);
#1900 = DIRECTION('',(-2.22044604925E-16,0.,-1.));
#1901 = PCURVE('',#750,#1902);
#1902 = DEFINITIONAL_REPRESENTATION('',(#1903),#1906);
#1903 = B_SPLINE_CURVE_WITH_KNOTS('',1,(#1904,#1905),.UNSPECIFIED.,.F.,
  .F.,(2,2),(-118.0120136796,-113.0120136796),.PIECEWISE_BEZIER_KNOTS.);
#1904 = CARTESIAN_POINT('',(5.,18.3));
#1905 = CARTESIAN_POINT('',(0.,18.3));
#1906 = ( GEOMETRIC_REPRESENTATION_CONTEXT(2) 
PARAMETRIC_REPRESENTATION_CONTEXT() REPRESENTATION_CONTEXT('2D SPACE',''
  ) );
#1907 = PCURVE('',#1908,#1913);
#1908 = PLANE('',#1909);
#1909 = AXIS2_PLACEMENT_3D('',#1910,#1911,#1912);
#1910 = CARTESIAN_POINT('',(-200.,-59.2,-200.));
#1911 = DIRECTION('',(-0.,1.,0.));
#1912 = DIRECTION('',(0.,0.,1.));
#1913 = DEFINITIONAL_REPRESENTATION('',(#1914),#1917);
#1914 = B_SPLINE_CURVE_WITH_KNOTS('',1,(#1915,#1916),.UNSPECIFIED.,.F.,
  .F.,(2,2),(-118.0120136796,-113.0120136796),.PIECEWISE_BEZIER_KNOTS.);
#1915 = CARTESIAN_POINT('',(231.02402735934,195.));
#1916 = CARTESIAN_POINT('',(226.02402735934,195.));
#1917 = ( GEOMETRIC_REPRESENTATION_CONTEXT(2) 
PARAMETRIC_REPRESENTATION_CONTEXT() REPRESENTATION_CONTEXT('2D SPACE',''
  ) );
#1918 = ORIENTED_EDGE('',*,*,#1919,.F.);
#1919 = EDGE_CURVE('',#1920,#1894,#1922,.T.);
#1920 = VERTEX_POINT('',#1921);
#1921 = CARTESIAN_POINT('',(-5.,-60.,29.073183520213));
#1922 = SURFACE_CURVE('',#1923,(#1927,#1933),.PCURVE_S1.);
#1923 = LINE('',#1924,#1925);
#1924 = CARTESIAN_POINT('',(-5.,-60.,29.073183520213));
#1925 = VECTOR('',#1926,1.);
#1926 = DIRECTION('',(0.,1.,0.));
#1927 = PCURVE('',#750,#1928);
#1928 = DEFINITIONAL_REPRESENTATION('',(#1929),#1932);
#1929 = B_SPLINE_CURVE_WITH_KNOTS('',1,(#1930,#1931),.UNSPECIFIED.,.F.,
  .F.,(2,2),(-5.999999999062E-07,2.0000006),.PIECEWISE_BEZIER_KNOTS.);
#1930 = CARTESIAN_POINT('',(3.049156160867,17.4999994));
#1931 = CARTESIAN_POINT('',(3.049156160867,19.5000006));
#1932 = ( GEOMETRIC_REPRESENTATION_CONTEXT(2) 
PARAMETRIC_REPRESENTATION_CONTEXT() REPRESENTATION_CONTEXT('2D SPACE',''
  ) );
#1933 = PCURVE('',#1934,#1939);
#1934 = CYLINDRICAL_SURFACE('',#1935,29.5);
#1935 = AXIS2_PLACEMENT_3D('',#1936,#1937,#1938);
#1936 = CARTESIAN_POINT('',(0.,-60.,0.));
#1937 = DIRECTION('',(0.,1.,0.));
#1938 = DIRECTION('',(1.,0.,0.));
#1939 = DEFINITIONAL_REPRESENTATION('',(#1940),#1943);
#1940 = B_SPLINE_CURVE_WITH_KNOTS('',1,(#1941,#1942),.UNSPECIFIED.,.F.,
  .F.,(2,2),(-5.999999999062E-07,2.0000006),.PIECEWISE_BEZIER_KNOTS.);
#1941 = CARTESIAN_POINT('',(4.542075273541,-5.999999999062E-07));
#1942 = CARTESIAN_POINT('',(4.542075273541,2.0000006));
#1943 = ( GEOMETRIC_REPRESENTATION_CONTEXT(2) 
PARAMETRIC_REPRESENTATION_CONTEXT() REPRESENTATION_CONTEXT('2D SPACE',''
  ) );
#1944 = ORIENTED_EDGE('',*,*,#1945,.F.);
#1945 = EDGE_CURVE('',#1797,#1920,#1946,.T.);
#1946 = SURFACE_CURVE('',#1947,(#1951,#1957),.PCURVE_S1.);
#1947 = LINE('',#1948,#1949);
#1948 = CARTESIAN_POINT('',(-5.,-60.,13.012013679673));
#1949 = VECTOR('',#1950,1.);
#1950 = DIRECTION('',(2.22044604925E-16,-0.,1.));
#1951 = PCURVE('',#750,#1952);
#1952 = DEFINITIONAL_REPRESENTATION('',(#1953),#1956);
#1953 = B_SPLINE_CURVE_WITH_KNOTS('',1,(#1954,#1955),.UNSPECIFIED.,.F.,
  .F.,(2,2),(13.012013679673,16.487986320327),.PIECEWISE_BEZIER_KNOTS.);
#1954 = CARTESIAN_POINT('',(0.,17.5));
#1955 = CARTESIAN_POINT('',(3.475972640654,17.5));
#1956 = ( GEOMETRIC_REPRESENTATION_CONTEXT(2) 
PARAMETRIC_REPRESENTATION_CONTEXT() REPRESENTATION_CONTEXT('2D SPACE',''
  ) );
#1957 = PCURVE('',#1958,#1963);
#1958 = PLANE('',#1959);
#1959 = AXIS2_PLACEMENT_3D('',#1960,#1961,#1962);
#1960 = CARTESIAN_POINT('',(0.,-60.,0.));
#1961 = DIRECTION('',(0.,1.,0.));
#1962 = DIRECTION('',(1.,0.,0.));
#1963 = DEFINITIONAL_REPRESENTATION('',(#1964),#1967);
#1964 = B_SPLINE_CURVE_WITH_KNOTS('',1,(#1965,#1966),.UNSPECIFIED.,.F.,
  .F.,(2,2),(13.012013679673,16.487986320327),.PIECEWISE_BEZIER_KNOTS.);
#1965 = CARTESIAN_POINT('',(-5.,-26.02402735934));
#1966 = CARTESIAN_POINT('',(-5.,-29.5));
#1967 = ( GEOMETRIC_REPRESENTATION_CONTEXT(2) 
PARAMETRIC_REPRESENTATION_CONTEXT() REPRESENTATION_CONTEXT('2D SPACE',''
  ) );
#1968 = ADVANCED_FACE('',(#1969),#779,.T.);
#1969 = FACE_BOUND('',#1970,.T.);
#1970 = EDGE_LOOP('',(#1971,#1972,#1973,#1997,#2040));
#1971 = ORIENTED_EDGE('',*,*,#762,.F.);
#1972 = ORIENTED_EDGE('',*,*,#1796,.T.);
#1973 = ORIENTED_EDGE('',*,*,#1974,.F.);
#1974 = EDGE_CURVE('',#1975,#1797,#1977,.T.);
#1975 = VERTEX_POINT('',#1976);
#1976 = CARTESIAN_POINT('',(5.,-60.,28.130160253902));
#1977 = SURFACE_CURVE('',#1978,(#1983,#1990),.PCURVE_S1.);
#1978 = CIRCLE('',#1979,28.571067811865);
#1979 = AXIS2_PLACEMENT_3D('',#1980,#1981,#1982);
#1980 = CARTESIAN_POINT('',(0.,-60.,0.));
#1981 = DIRECTION('',(0.,1.,0.));
#1982 = DIRECTION('',(-1.836970198721E-16,0.,-1.));
#1983 = PCURVE('',#779,#1984);
#1984 = DEFINITIONAL_REPRESENTATION('',(#1985),#1989);
#1985 = LINE('',#1986,#1987);
#1986 = CARTESIAN_POINT('',(-6.28318530718,0.571067811865));
#1987 = VECTOR('',#1988,1.);
#1988 = DIRECTION('',(1.,0.));
#1989 = ( GEOMETRIC_REPRESENTATION_CONTEXT(2) 
PARAMETRIC_REPRESENTATION_CONTEXT() REPRESENTATION_CONTEXT('2D SPACE',''
  ) );
#1990 = PCURVE('',#1958,#1991);
#1991 = DEFINITIONAL_REPRESENTATION('',(#1992),#1996);
#1992 = CIRCLE('',#1993,28.571067811865);
#1993 = AXIS2_PLACEMENT_2D('',#1994,#1995);
#1994 = CARTESIAN_POINT('',(0.,0.));
#1995 = DIRECTION('',(-1.836970198721E-16,1.));
#1996 = ( GEOMETRIC_REPRESENTATION_CONTEXT(2) 
PARAMETRIC_REPRESENTATION_CONTEXT() REPRESENTATION_CONTEXT('2D SPACE',''
  ) );
#1997 = ORIENTED_EDGE('',*,*,#1998,.T.);
#1998 = EDGE_CURVE('',#1975,#815,#1999,.T.);
#1999 = SURFACE_CURVE('',#2000,(#2004,#2033),.PCURVE_S1.);
#2000 = ( BOUNDED_CURVE() B_SPLINE_CURVE(2,(#2001,#2002,#2003),
.UNSPECIFIED.,.F.,.F.) B_SPLINE_CURVE_WITH_KNOTS((3,3),(0.,
0.427754098554),.PIECEWISE_BEZIER_KNOTS.) CURVE() 
GEOMETRIC_REPRESENTATION_ITEM() RATIONAL_B_SPLINE_CURVE((1.,
1.001485662863,1.)) REPRESENTATION_ITEM('') );
#2001 = CARTESIAN_POINT('',(5.,-59.07106781186,29.073183520213));
#2002 = CARTESIAN_POINT('',(5.,-60.65407989483,27.466931614049));
#2003 = CARTESIAN_POINT('',(5.,-62.07106781186,26.024027359346));
#2004 = PCURVE('',#779,#2005);
#2005 = DEFINITIONAL_REPRESENTATION('',(#2006),#2032);
#2006 = B_SPLINE_CURVE_WITH_KNOTS('',3,(#2007,#2008,#2009,#2010,#2011,
    #2012,#2013,#2014,#2015,#2016,#2017,#2018,#2019,#2020,#2021,#2022,
    #2023,#2024,#2025,#2026,#2027,#2028,#2029,#2030,#2031),
  .UNSPECIFIED.,.F.,.F.,(4,1,1,1,1,1,1,1,1,1,1,1,1,1,1,1,1,1,1,1,1,1,4),
  (0.,1.944336811609E-02,3.888673623217E-02,5.833010434826E-02,
    7.777347246434E-02,9.721684058043E-02,0.116660208697,0.136103576813,
    0.155546944929,0.174990313045,0.194433681161,0.213877049277,
    0.233320417393,0.252763785509,0.272207153625,0.291650521741,
    0.311093889857,0.330537257973,0.34998062609,0.369423994206,
    0.388867362322,0.408310730438,0.427754098554),
  .QUASI_UNIFORM_KNOTS.);
#2007 = CARTESIAN_POINT('',(-2.971278946746,1.5));
#2008 = CARTESIAN_POINT('',(-2.970998874252,1.451958674289));
#2009 = CARTESIAN_POINT('',(-2.970437398863,1.35612414403));
#2010 = CARTESIAN_POINT('',(-2.969591166012,1.213111193211));
#2011 = CARTESIAN_POINT('',(-2.968740884929,1.070831545842));
#2012 = CARTESIAN_POINT('',(-2.967886526784,0.929279738502));
#2013 = CARTESIAN_POINT('',(-2.967028062503,0.788450357813));
#2014 = CARTESIAN_POINT('',(-2.96616546273,0.648338046968));
#2015 = CARTESIAN_POINT('',(-2.965298697832,0.508937503122));
#2016 = CARTESIAN_POINT('',(-2.964427737898,0.370243477239));
#2017 = CARTESIAN_POINT('',(-2.963552552732,0.232250773293));
#2018 = CARTESIAN_POINT('',(-2.96267311185,9.495424765856E-02));
#2019 = CARTESIAN_POINT('',(-2.961789384477,-4.16511915388E-02));
#2020 = CARTESIAN_POINT('',(-2.960901339546,-0.17757058505));
#2021 = CARTESIAN_POINT('',(-2.960008945691,-0.312808923124));
#2022 = CARTESIAN_POINT('',(-2.959112171246,-0.447371146114));
#2023 = CARTESIAN_POINT('',(-2.958210984238,-0.581262145087));
#2024 = CARTESIAN_POINT('',(-2.95730535239,-0.714486762405));
#2025 = CARTESIAN_POINT('',(-2.956395243109,-0.847049792335));
#2026 = CARTESIAN_POINT('',(-2.955480623487,-0.978955981524));
#2027 = CARTESIAN_POINT('',(-2.954561460301,-1.110210029963));
#2028 = CARTESIAN_POINT('',(-2.953637719993,-1.24081659003));
#2029 = CARTESIAN_POINT('',(-2.952709368713,-1.370780272722));
#2030 = CARTESIAN_POINT('',(-2.952087371007,-1.456997175551));
#2031 = CARTESIAN_POINT('',(-2.951775592245,-1.5));
#2032 = ( GEOMETRIC_REPRESENTATION_CONTEXT(2) 
PARAMETRIC_REPRESENTATION_CONTEXT() REPRESENTATION_CONTEXT('2D SPACE',''
  ) );
#2033 = PCURVE('',#854,#2034);
#2034 = DEFINITIONAL_REPRESENTATION('',(#2035),#2039);
#2035 = ( BOUNDED_CURVE() B_SPLINE_CURVE(2,(#2036,#2037,#2038),
.UNSPECIFIED.,.F.,.F.) B_SPLINE_CURVE_WITH_KNOTS((3,3),(0.,
0.427754098554),.PIECEWISE_BEZIER_KNOTS.) CURVE() 
GEOMETRIC_REPRESENTATION_ITEM() RATIONAL_B_SPLINE_CURVE((1.,
1.001485662863,1.)) REPRESENTATION_ITEM('') );
#2036 = CARTESIAN_POINT('',(1.950843839133,18.428932188135));
#2037 = CARTESIAN_POINT('',(3.557095745297,16.845920105165));
#2038 = CARTESIAN_POINT('',(5.,15.428932188135));
#2039 = ( GEOMETRIC_REPRESENTATION_CONTEXT(2) 
PARAMETRIC_REPRESENTATION_CONTEXT() REPRESENTATION_CONTEXT('2D SPACE',''
  ) );
#2040 = ORIENTED_EDGE('',*,*,#814,.F.);
#2041 = ADVANCED_FACE('',(#2042),#854,.T.);
#2042 = FACE_BOUND('',#2043,.T.);
#2043 = EDGE_LOOP('',(#2044,#2067,#2088,#2111,#2132,#2133,#2134));
#2044 = ORIENTED_EDGE('',*,*,#2045,.T.);
#2045 = EDGE_CURVE('',#2046,#2048,#2050,.T.);
#2046 = VERTEX_POINT('',#2047);
#2047 = CARTESIAN_POINT('',(5.,-60.,29.073183520213));
#2048 = VERTEX_POINT('',#2049);
#2049 = CARTESIAN_POINT('',(5.,-59.2,29.073183520213));
#2050 = SURFACE_CURVE('',#2051,(#2055,#2061),.PCURVE_S1.);
#2051 = LINE('',#2052,#2053);
#2052 = CARTESIAN_POINT('',(5.,-60.,29.073183520213));
#2053 = VECTOR('',#2054,1.);
#2054 = DIRECTION('',(0.,1.,0.));
#2055 = PCURVE('',#854,#2056);
#2056 = DEFINITIONAL_REPRESENTATION('',(#2057),#2060);
#2057 = B_SPLINE_CURVE_WITH_KNOTS('',1,(#2058,#2059),.UNSPECIFIED.,.F.,
  .F.,(2,2),(-5.999999999062E-07,2.0000006),.PIECEWISE_BEZIER_KNOTS.);
#2058 = CARTESIAN_POINT('',(1.950843839133,17.4999994));
#2059 = CARTESIAN_POINT('',(1.950843839133,19.5000006));
#2060 = ( GEOMETRIC_REPRESENTATION_CONTEXT(2) 
PARAMETRIC_REPRESENTATION_CONTEXT() REPRESENTATION_CONTEXT('2D SPACE',''
  ) );
#2061 = PCURVE('',#1934,#2062);
#2062 = DEFINITIONAL_REPRESENTATION('',(#2063),#2066);
#2063 = B_SPLINE_CURVE_WITH_KNOTS('',1,(#2064,#2065),.UNSPECIFIED.,.F.,
  .F.,(2,2),(-5.999999999062E-07,2.0000006),.PIECEWISE_BEZIER_KNOTS.);
#2064 = CARTESIAN_POINT('',(4.882702687229,-5.999999999062E-07));
#2065 = CARTESIAN_POINT('',(4.882702687229,2.0000006));
#2066 = ( GEOMETRIC_REPRESENTATION_CONTEXT(2) 
PARAMETRIC_REPRESENTATION_CONTEXT() REPRESENTATION_CONTEXT('2D SPACE',''
  ) );
#2067 = ORIENTED_EDGE('',*,*,#2068,.T.);
#2068 = EDGE_CURVE('',#2048,#2069,#2071,.T.);
#2069 = VERTEX_POINT('',#2070);
#2070 = CARTESIAN_POINT('',(5.,-59.2,31.024027359346));
#2071 = SURFACE_CURVE('',#2072,(#2076,#2082),.PCURVE_S1.);
#2072 = LINE('',#2073,#2074);
#2073 = CARTESIAN_POINT('',(5.,-59.2,-84.48798632032));
#2074 = VECTOR('',#2075,1.);
#2075 = DIRECTION('',(-2.22044604925E-16,-0.,1.));
#2076 = PCURVE('',#854,#2077);
#2077 = DEFINITIONAL_REPRESENTATION('',(#2078),#2081);
#2078 = B_SPLINE_CURVE_WITH_KNOTS('',1,(#2079,#2080),.UNSPECIFIED.,.F.,
  .F.,(2,2),(110.51201367967,115.51201367967),.PIECEWISE_BEZIER_KNOTS.);
#2079 = CARTESIAN_POINT('',(5.,18.3));
#2080 = CARTESIAN_POINT('',(0.,18.3));
#2081 = ( GEOMETRIC_REPRESENTATION_CONTEXT(2) 
PARAMETRIC_REPRESENTATION_CONTEXT() REPRESENTATION_CONTEXT('2D SPACE',''
  ) );
#2082 = PCURVE('',#1908,#2083);
#2083 = DEFINITIONAL_REPRESENTATION('',(#2084),#2087);
#2084 = B_SPLINE_CURVE_WITH_KNOTS('',1,(#2085,#2086),.UNSPECIFIED.,.F.,
  .F.,(2,2),(110.51201367967,115.51201367967),.PIECEWISE_BEZIER_KNOTS.);
#2085 = CARTESIAN_POINT('',(226.02402735934,205.));
#2086 = CARTESIAN_POINT('',(231.02402735934,205.));
#2087 = ( GEOMETRIC_REPRESENTATION_CONTEXT(2) 
PARAMETRIC_REPRESENTATION_CONTEXT() REPRESENTATION_CONTEXT('2D SPACE',''
  ) );
#2088 = ORIENTED_EDGE('',*,*,#2089,.F.);
#2089 = EDGE_CURVE('',#2090,#2069,#2092,.T.);
#2090 = VERTEX_POINT('',#2091);
#2091 = CARTESIAN_POINT('',(5.,-74.5,31.024027359346));
#2092 = SURFACE_CURVE('',#2093,(#2097,#2104),.PCURVE_S1.);
#2093 = LINE('',#2094,#2095);
#2094 = CARTESIAN_POINT('',(5.,-77.5,31.024027359346));
#2095 = VECTOR('',#2096,1.);
#2096 = DIRECTION('',(0.,1.,0.));
#2097 = PCURVE('',#854,#2098);
#2098 = DEFINITIONAL_REPRESENTATION('',(#2099),#2103);
#2099 = LINE('',#2100,#2101);
#2100 = CARTESIAN_POINT('',(0.,0.));
#2101 = VECTOR('',#2102,1.);
#2102 = DIRECTION('',(0.,1.));
#2103 = ( GEOMETRIC_REPRESENTATION_CONTEXT(2) 
PARAMETRIC_REPRESENTATION_CONTEXT() REPRESENTATION_CONTEXT('2D SPACE',''
  ) );
#2104 = PCURVE('',#1881,#2105);
#2105 = DEFINITIONAL_REPRESENTATION('',(#2106),#2110);
#2106 = LINE('',#2107,#2108);
#2107 = CARTESIAN_POINT('',(10.,0.));
#2108 = VECTOR('',#2109,1.);
#2109 = DIRECTION('',(0.,1.));
#2110 = ( GEOMETRIC_REPRESENTATION_CONTEXT(2) 
PARAMETRIC_REPRESENTATION_CONTEXT() REPRESENTATION_CONTEXT('2D SPACE',''
  ) );
#2111 = ORIENTED_EDGE('',*,*,#2112,.F.);
#2112 = EDGE_CURVE('',#839,#2090,#2113,.T.);
#2113 = SURFACE_CURVE('',#2114,(#2118,#2125),.PCURVE_S1.);
#2114 = LINE('',#2115,#2116);
#2115 = CARTESIAN_POINT('',(5.,-74.5,3.012013679673));
#2116 = VECTOR('',#2117,1.);
#2117 = DIRECTION('',(-2.22044604925E-16,0.,1.));
#2118 = PCURVE('',#854,#2119);
#2119 = DEFINITIONAL_REPRESENTATION('',(#2120),#2124);
#2120 = LINE('',#2121,#2122);
#2121 = CARTESIAN_POINT('',(28.012013679673,3.));
#2122 = VECTOR('',#2123,1.);
#2123 = DIRECTION('',(-1.,0.));
#2124 = ( GEOMETRIC_REPRESENTATION_CONTEXT(2) 
PARAMETRIC_REPRESENTATION_CONTEXT() REPRESENTATION_CONTEXT('2D SPACE',''
  ) );
#2125 = PCURVE('',#911,#2126);
#2126 = DEFINITIONAL_REPRESENTATION('',(#2127),#2131);
#2127 = LINE('',#2128,#2129);
#2128 = CARTESIAN_POINT('',(5.497787143782,0.));
#2129 = VECTOR('',#2130,1.);
#2130 = DIRECTION('',(0.,-1.));
#2131 = ( GEOMETRIC_REPRESENTATION_CONTEXT(2) 
PARAMETRIC_REPRESENTATION_CONTEXT() REPRESENTATION_CONTEXT('2D SPACE',''
  ) );
#2132 = ORIENTED_EDGE('',*,*,#838,.F.);
#2133 = ORIENTED_EDGE('',*,*,#1998,.F.);
#2134 = ORIENTED_EDGE('',*,*,#2135,.F.);
#2135 = EDGE_CURVE('',#2046,#1975,#2136,.T.);
#2136 = SURFACE_CURVE('',#2137,(#2141,#2147),.PCURVE_S1.);
#2137 = LINE('',#2138,#2139);
#2138 = CARTESIAN_POINT('',(5.,-60.,15.512013679673));
#2139 = VECTOR('',#2140,1.);
#2140 = DIRECTION('',(2.22044604925E-16,0.,-1.));
#2141 = PCURVE('',#854,#2142);
#2142 = DEFINITIONAL_REPRESENTATION('',(#2143),#2146);
#2143 = B_SPLINE_CURVE_WITH_KNOTS('',1,(#2144,#2145),.UNSPECIFIED.,.F.,
  .F.,(2,2),(-13.98798632032,-10.51201367967),.PIECEWISE_BEZIER_KNOTS.);
#2144 = CARTESIAN_POINT('',(1.524027359346,17.5));
#2145 = CARTESIAN_POINT('',(5.,17.5));
#2146 = ( GEOMETRIC_REPRESENTATION_CONTEXT(2) 
PARAMETRIC_REPRESENTATION_CONTEXT() REPRESENTATION_CONTEXT('2D SPACE',''
  ) );
#2147 = PCURVE('',#1958,#2148);
#2148 = DEFINITIONAL_REPRESENTATION('',(#2149),#2152);
#2149 = B_SPLINE_CURVE_WITH_KNOTS('',1,(#2150,#2151),.UNSPECIFIED.,.F.,
  .F.,(2,2),(-13.98798632032,-10.51201367967),.PIECEWISE_BEZIER_KNOTS.);
#2150 = CARTESIAN_POINT('',(5.,-29.5));
#2151 = CARTESIAN_POINT('',(5.,-26.02402735934));
#2152 = ( GEOMETRIC_REPRESENTATION_CONTEXT(2) 
PARAMETRIC_REPRESENTATION_CONTEXT() REPRESENTATION_CONTEXT('2D SPACE',''
  ) );
#2153 = ADVANCED_FACE('',(#2154),#911,.T.);
#2154 = FACE_BOUND('',#2155,.T.);
#2155 = EDGE_LOOP('',(#2156,#2184,#2205,#2206));
#2156 = ORIENTED_EDGE('',*,*,#2157,.T.);
#2157 = EDGE_CURVE('',#2090,#2158,#2160,.T.);
#2158 = VERTEX_POINT('',#2159);
#2159 = CARTESIAN_POINT('',(2.,-77.5,31.024027359346));
#2160 = SURFACE_CURVE('',#2161,(#2166,#2173),.PCURVE_S1.);
#2161 = CIRCLE('',#2162,3.);
#2162 = AXIS2_PLACEMENT_3D('',#2163,#2164,#2165);
#2163 = CARTESIAN_POINT('',(2.,-74.5,31.024027359346));
#2164 = DIRECTION('',(0.,0.,-1.));
#2165 = DIRECTION('',(0.707106781187,-0.707106781187,0.));
#2166 = PCURVE('',#911,#2167);
#2167 = DEFINITIONAL_REPRESENTATION('',(#2168),#2172);
#2168 = LINE('',#2169,#2170);
#2169 = CARTESIAN_POINT('',(2.6645352591E-15,-28.01201367967));
#2170 = VECTOR('',#2171,1.);
#2171 = DIRECTION('',(1.,0.));
#2172 = ( GEOMETRIC_REPRESENTATION_CONTEXT(2) 
PARAMETRIC_REPRESENTATION_CONTEXT() REPRESENTATION_CONTEXT('2D SPACE',''
  ) );
#2173 = PCURVE('',#1881,#2174);
#2174 = DEFINITIONAL_REPRESENTATION('',(#2175),#2183);
#2175 = ( BOUNDED_CURVE() B_SPLINE_CURVE(2,(#2176,#2177,#2178,#2179,
#2180,#2181,#2182),.UNSPECIFIED.,.T.,.F.) B_SPLINE_CURVE_WITH_KNOTS((1,2
    ,2,2,2,1),(-2.094395102393,0.,2.094395102393,4.188790204786,
6.28318530718,8.377580409573),.UNSPECIFIED.) CURVE() 
GEOMETRIC_REPRESENTATION_ITEM() RATIONAL_B_SPLINE_CURVE((1.,0.5,1.,0.5,
1.,0.5,1.)) REPRESENTATION_ITEM('') );
#2176 = CARTESIAN_POINT('',(9.12132034356,0.87867965644));
#2177 = CARTESIAN_POINT('',(5.447085729385,-2.795554957734));
#2178 = CARTESIAN_POINT('',(4.102222521133,2.223542864692));
#2179 = CARTESIAN_POINT('',(2.757359312881,7.242640687119));
#2180 = CARTESIAN_POINT('',(7.776457135308,5.897777478867));
#2181 = CARTESIAN_POINT('',(12.795554957734,4.552914270615));
#2182 = CARTESIAN_POINT('',(9.12132034356,0.87867965644));
#2183 = ( GEOMETRIC_REPRESENTATION_CONTEXT(2) 
PARAMETRIC_REPRESENTATION_CONTEXT() REPRESENTATION_CONTEXT('2D SPACE',''
  ) );
#2184 = ORIENTED_EDGE('',*,*,#2185,.T.);
#2185 = EDGE_CURVE('',#2158,#867,#2186,.T.);
#2186 = SURFACE_CURVE('',#2187,(#2191,#2198),.PCURVE_S1.);
#2187 = LINE('',#2188,#2189);
#2188 = CARTESIAN_POINT('',(2.,-77.5,3.012013679673));
#2189 = VECTOR('',#2190,1.);
#2190 = DIRECTION('',(2.22044604925E-16,0.,-1.));
#2191 = PCURVE('',#911,#2192);
#2192 = DEFINITIONAL_REPRESENTATION('',(#2193),#2197);
#2193 = LINE('',#2194,#2195);
#2194 = CARTESIAN_POINT('',(7.068583470577,0.));
#2195 = VECTOR('',#2196,1.);
#2196 = DIRECTION('',(0.,1.));
#2197 = ( GEOMETRIC_REPRESENTATION_CONTEXT(2) 
PARAMETRIC_REPRESENTATION_CONTEXT() REPRESENTATION_CONTEXT('2D SPACE',''
  ) );
#2198 = PCURVE('',#962,#2199);
#2199 = DEFINITIONAL_REPRESENTATION('',(#2200),#2204);
#2200 = LINE('',#2201,#2202);
#2201 = CARTESIAN_POINT('',(-28.01201367967,2.));
#2202 = VECTOR('',#2203,1.);
#2203 = DIRECTION('',(1.,2.22044604925E-16));
#2204 = ( GEOMETRIC_REPRESENTATION_CONTEXT(2) 
PARAMETRIC_REPRESENTATION_CONTEXT() REPRESENTATION_CONTEXT('2D SPACE',''
  ) );
#2205 = ORIENTED_EDGE('',*,*,#866,.F.);
#2206 = ORIENTED_EDGE('',*,*,#2112,.T.);
#2207 = ADVANCED_FACE('',(#2208),#962,.T.);
#2208 = FACE_BOUND('',#2209,.T.);
#2209 = EDGE_LOOP('',(#2210,#2211,#2212,#2235));
#2210 = ORIENTED_EDGE('',*,*,#945,.T.);
#2211 = ORIENTED_EDGE('',*,*,#2185,.F.);
#2212 = ORIENTED_EDGE('',*,*,#2213,.T.);
#2213 = EDGE_CURVE('',#2158,#2214,#2216,.T.);
#2214 = VERTEX_POINT('',#2215);
#2215 = CARTESIAN_POINT('',(-2.,-77.5,31.024027359346));
#2216 = SURFACE_CURVE('',#2217,(#2221,#2228),.PCURVE_S1.);
#2217 = LINE('',#2218,#2219);
#2218 = CARTESIAN_POINT('',(0.,-77.5,31.024027359346));
#2219 = VECTOR('',#2220,1.);
#2220 = DIRECTION('',(-1.,0.,0.));
#2221 = PCURVE('',#962,#2222);
#2222 = DEFINITIONAL_REPRESENTATION('',(#2223),#2227);
#2223 = LINE('',#2224,#2225);
#2224 = CARTESIAN_POINT('',(-56.02402735934,0.));
#2225 = VECTOR('',#2226,1.);
#2226 = DIRECTION('',(0.,-1.));
#2227 = ( GEOMETRIC_REPRESENTATION_CONTEXT(2) 
PARAMETRIC_REPRESENTATION_CONTEXT() REPRESENTATION_CONTEXT('2D SPACE',''
  ) );
#2228 = PCURVE('',#1881,#2229);
#2229 = DEFINITIONAL_REPRESENTATION('',(#2230),#2234);
#2230 = LINE('',#2231,#2232);
#2231 = CARTESIAN_POINT('',(5.,0.));
#2232 = VECTOR('',#2233,1.);
#2233 = DIRECTION('',(-1.,0.));
#2234 = ( GEOMETRIC_REPRESENTATION_CONTEXT(2) 
PARAMETRIC_REPRESENTATION_CONTEXT() REPRESENTATION_CONTEXT('2D SPACE',''
  ) );
#2235 = ORIENTED_EDGE('',*,*,#2236,.F.);
#2236 = EDGE_CURVE('',#946,#2214,#2237,.T.);
#2237 = SURFACE_CURVE('',#2238,(#2242,#2249),.PCURVE_S1.);
#2238 = LINE('',#2239,#2240);
#2239 = CARTESIAN_POINT('',(-2.,-77.5,0.512013679673));
#2240 = VECTOR('',#2241,1.);
#2241 = DIRECTION('',(2.22044604925E-16,0.,1.));
#2242 = PCURVE('',#962,#2243);
#2243 = DEFINITIONAL_REPRESENTATION('',(#2244),#2248);
#2244 = LINE('',#2245,#2246);
#2245 = CARTESIAN_POINT('',(-25.51201367967,-2.));
#2246 = VECTOR('',#2247,1.);
#2247 = DIRECTION('',(-1.,2.22044604925E-16));
#2248 = ( GEOMETRIC_REPRESENTATION_CONTEXT(2) 
PARAMETRIC_REPRESENTATION_CONTEXT() REPRESENTATION_CONTEXT('2D SPACE',''
  ) );
#2249 = PCURVE('',#1021,#2250);
#2250 = DEFINITIONAL_REPRESENTATION('',(#2251),#2255);
#2251 = LINE('',#2252,#2253);
#2252 = CARTESIAN_POINT('',(-0.785398163397,0.));
#2253 = VECTOR('',#2254,1.);
#2254 = DIRECTION('',(0.,-1.));
#2255 = ( GEOMETRIC_REPRESENTATION_CONTEXT(2) 
PARAMETRIC_REPRESENTATION_CONTEXT() REPRESENTATION_CONTEXT('2D SPACE',''
  ) );
#2256 = ADVANCED_FACE('',(#2257),#1021,.T.);
#2257 = FACE_BOUND('',#2258,.T.);
#2258 = EDGE_LOOP('',(#2259,#2285,#2286,#2287));
#2259 = ORIENTED_EDGE('',*,*,#2260,.T.);
#2260 = EDGE_CURVE('',#2214,#1843,#2261,.T.);
#2261 = SURFACE_CURVE('',#2262,(#2267,#2274),.PCURVE_S1.);
#2262 = CIRCLE('',#2263,3.);
#2263 = AXIS2_PLACEMENT_3D('',#2264,#2265,#2266);
#2264 = CARTESIAN_POINT('',(-2.,-74.5,31.024027359346));
#2265 = DIRECTION('',(0.,0.,-1.));
#2266 = DIRECTION('',(-0.707106781187,-0.707106781187,-0.));
#2267 = PCURVE('',#1021,#2268);
#2268 = DEFINITIONAL_REPRESENTATION('',(#2269),#2273);
#2269 = LINE('',#2270,#2271);
#2270 = CARTESIAN_POINT('',(-6.28318530718,-30.51201367967));
#2271 = VECTOR('',#2272,1.);
#2272 = DIRECTION('',(1.,0.));
#2273 = ( GEOMETRIC_REPRESENTATION_CONTEXT(2) 
PARAMETRIC_REPRESENTATION_CONTEXT() REPRESENTATION_CONTEXT('2D SPACE',''
  ) );
#2274 = PCURVE('',#1881,#2275);
#2275 = DEFINITIONAL_REPRESENTATION('',(#2276),#2284);
#2276 = ( BOUNDED_CURVE() B_SPLINE_CURVE(2,(#2277,#2278,#2279,#2280,
#2281,#2282,#2283),.UNSPECIFIED.,.T.,.F.) B_SPLINE_CURVE_WITH_KNOTS((1,2
    ,2,2,2,1),(-2.094395102393,0.,2.094395102393,4.188790204786,
6.28318530718,8.377580409573),.UNSPECIFIED.) CURVE() 
GEOMETRIC_REPRESENTATION_ITEM() RATIONAL_B_SPLINE_CURVE((1.,0.5,1.,0.5,
1.,0.5,1.)) REPRESENTATION_ITEM('') );
#2277 = CARTESIAN_POINT('',(0.87867965644,0.87867965644));
#2278 = CARTESIAN_POINT('',(-2.795554957734,4.552914270615));
#2279 = CARTESIAN_POINT('',(2.223542864692,5.897777478867));
#2280 = CARTESIAN_POINT('',(7.242640687119,7.242640687119));
#2281 = CARTESIAN_POINT('',(5.897777478867,2.223542864692));
#2282 = CARTESIAN_POINT('',(4.552914270615,-2.795554957734));
#2283 = CARTESIAN_POINT('',(0.87867965644,0.87867965644));
#2284 = ( GEOMETRIC_REPRESENTATION_CONTEXT(2) 
PARAMETRIC_REPRESENTATION_CONTEXT() REPRESENTATION_CONTEXT('2D SPACE',''
  ) );
#2285 = ORIENTED_EDGE('',*,*,#1842,.T.);
#2286 = ORIENTED_EDGE('',*,*,#978,.F.);
#2287 = ORIENTED_EDGE('',*,*,#2236,.T.);
#2288 = ADVANCED_FACE('',(#2289),#1235,.F.);
#2289 = FACE_BOUND('',#2290,.F.);
#2290 = EDGE_LOOP('',(#2291,#2314,#2315,#2316,#2317,#2441,#2442,#2443));
#2291 = ORIENTED_EDGE('',*,*,#2292,.T.);
#2292 = EDGE_CURVE('',#2293,#1449,#2295,.T.);
#2293 = VERTEX_POINT('',#2294);
#2294 = CARTESIAN_POINT('',(-2.3,-71.2,27.024027359346));
#2295 = SEAM_CURVE('',#2296,(#2300,#2307),.PCURVE_S1.);
#2296 = LINE('',#2297,#2298);
#2297 = CARTESIAN_POINT('',(-2.3,-71.2,27.024027359346));
#2298 = VECTOR('',#2299,1.);
#2299 = DIRECTION('',(0.,0.,-1.));
#2300 = PCURVE('',#1235,#2301);
#2301 = DEFINITIONAL_REPRESENTATION('',(#2302),#2306);
#2302 = LINE('',#2303,#2304);
#2303 = CARTESIAN_POINT('',(9.424777960769,0.));
#2304 = VECTOR('',#2305,1.);
#2305 = DIRECTION('',(0.,1.));
#2306 = ( GEOMETRIC_REPRESENTATION_CONTEXT(2) 
PARAMETRIC_REPRESENTATION_CONTEXT() REPRESENTATION_CONTEXT('2D SPACE',''
  ) );
#2307 = PCURVE('',#1235,#2308);
#2308 = DEFINITIONAL_REPRESENTATION('',(#2309),#2313);
#2309 = LINE('',#2310,#2311);
#2310 = CARTESIAN_POINT('',(3.14159265359,0.));
#2311 = VECTOR('',#2312,1.);
#2312 = DIRECTION('',(0.,1.));
#2313 = ( GEOMETRIC_REPRESENTATION_CONTEXT(2) 
PARAMETRIC_REPRESENTATION_CONTEXT() REPRESENTATION_CONTEXT('2D SPACE',''
  ) );
#2314 = ORIENTED_EDGE('',*,*,#1593,.T.);
#2315 = ORIENTED_EDGE('',*,*,#1294,.T.);
#2316 = ORIENTED_EDGE('',*,*,#1162,.T.);
#2317 = ORIENTED_EDGE('',*,*,#2318,.T.);
#2318 = EDGE_CURVE('',#1135,#1447,#2319,.T.);
#2319 = SURFACE_CURVE('',#2320,(#2339,#2390),.PCURVE_S1.);
#2320 = B_SPLINE_CURVE_WITH_KNOTS('',3,(#2321,#2322,#2323,#2324,#2325,
    #2326,#2327,#2328,#2329,#2330,#2331,#2332,#2333,#2334,#2335,#2336,
    #2337,#2338),.UNSPECIFIED.,.F.,.F.,(4,2,2,2,2,2,2,2,4),(
    7.243817746767E-04,2.271676978238E-02,4.543353956475E-02,
    6.814652462232E-02,9.085950967988E-02,0.113572491337,0.136285472994,
    0.159002242328,0.180994637895),.UNSPECIFIED.);
#2321 = CARTESIAN_POINT('',(0.599957759772,-68.97962825488,
    24.792741895291));
#2322 = CARTESIAN_POINT('',(0.599067447815,-68.97938768725,
    24.719148566235));
#2323 = CARTESIAN_POINT('',(0.583818536107,-68.9751198239,
    24.641406203825));
#2324 = CARTESIAN_POINT('',(0.523458959106,-68.9601363354,
    24.496046056456));
#2325 = CARTESIAN_POINT('',(0.477344289772,-68.94943140447,
    24.428814492889));
#2326 = CARTESIAN_POINT('',(0.371196029598,-68.92950905969,
    24.322666228735));
#2327 = CARTESIAN_POINT('',(0.303960797872,-68.91896538663,
    24.276544667289));
#2328 = CARTESIAN_POINT('',(0.156232442018,-68.90411182813,
    24.215202094365));
#2329 = CARTESIAN_POINT('',(7.571161163786E-02,-68.90000005469,
    24.199999999998));
#2330 = CARTESIAN_POINT('',(-7.570827741144E-02,-68.89999994531,
    24.199999999998));
#2331 = CARTESIAN_POINT('',(-0.156229102527,-68.90411160128,
    24.215202090289));
#2332 = CARTESIAN_POINT('',(-0.303957455534,-68.91896494165,
    24.276544656397));
#2333 = CARTESIAN_POINT('',(-0.371192689308,-68.92950851392,
    24.322666215316));
#2334 = CARTESIAN_POINT('',(-0.477340959366,-68.94943069825,
    24.428814481396));
#2335 = CARTESIAN_POINT('',(-0.523455633166,-68.96013555827,
    24.496046050218));
#2336 = CARTESIAN_POINT('',(-0.583815224569,-68.97511895492,
    24.641406230102));
#2337 = CARTESIAN_POINT('',(-0.599064135486,-68.97938679368,
    24.719148624192));
#2338 = CARTESIAN_POINT('',(-0.599954437853,-68.97962735728,
    24.792741975677));
#2339 = PCURVE('',#1235,#2340);
#2340 = DEFINITIONAL_REPRESENTATION('',(#2341),#2389);
#2341 = B_SPLINE_CURVE_WITH_KNOTS('',3,(#2342,#2343,#2344,#2345,#2346,
    #2347,#2348,#2349,#2350,#2351,#2352,#2353,#2354,#2355,#2356,#2357,
    #2358,#2359,#2360,#2361,#2362,#2363,#2364,#2365,#2366,#2367,#2368,
    #2369,#2370,#2371,#2372,#2373,#2374,#2375,#2376,#2377,#2378,#2379,
    #2380,#2381,#2382,#2383,#2384,#2385,#2386,#2387,#2388),
  .UNSPECIFIED.,.F.,.F.,(4,1,1,1,1,1,1,1,1,1,1,1,1,1,1,1,1,1,1,1,1,1,1,1
    ,1,1,1,1,1,1,1,1,1,1,1,1,1,1,1,1,1,1,1,1,4),(7.243817746767E-04,
    4.821433050143E-03,8.91848432561E-03,1.301553560108E-02,
    1.711258687654E-02,2.120963815201E-02,2.530668942748E-02,
    2.940374070294E-02,3.350079197841E-02,3.759784325388E-02,
    4.169489452934E-02,4.579194580481E-02,4.988899708028E-02,
    5.398604835574E-02,5.808309963121E-02,6.218015090668E-02,
    6.627720218214E-02,7.037425345761E-02,7.447130473308E-02,
    7.856835600854E-02,8.266540728401E-02,8.676245855948E-02,
    9.085950983494E-02,9.495656111041E-02,9.905361238588E-02,
    0.103150663661,0.107247714937,0.111344766212,0.115441817488,
    0.119538868763,0.123635920039,0.127732971314,0.13183002259,
    0.135927073865,0.140024125141,0.144121176416,0.148218227691,
    0.152315278967,0.156412330242,0.160509381518,0.164606432793,
    0.168703484069,0.172800535344,0.17689758662,0.180994637895),
  .QUASI_UNIFORM_KNOTS.);
#2342 = CARTESIAN_POINT('',(4.976292804522,2.231285464056));
#2343 = CARTESIAN_POINT('',(4.976218098521,2.244995464196));
#2344 = CARTESIAN_POINT('',(4.975618695078,2.272703463282));
#2345 = CARTESIAN_POINT('',(4.973372173,2.31472635283));
#2346 = CARTESIAN_POINT('',(4.969781235163,2.356807403648));
#2347 = CARTESIAN_POINT('',(4.964847329627,2.398542570621));
#2348 = CARTESIAN_POINT('',(4.958576824594,2.439532694649));
#2349 = CARTESIAN_POINT('',(4.950957032281,2.479360388042));
#2350 = CARTESIAN_POINT('',(4.942082359906,2.517718563872));
#2351 = CARTESIAN_POINT('',(4.932100026352,2.554357686165));
#2352 = CARTESIAN_POINT('',(4.92115532394,2.588988990798));
#2353 = CARTESIAN_POINT('',(4.909351997157,2.621427444492));
#2354 = CARTESIAN_POINT('',(4.896958520896,2.651112318737));
#2355 = CARTESIAN_POINT('',(4.883607292175,2.678914183328));
#2356 = CARTESIAN_POINT('',(4.869137157794,2.705167901436));
#2357 = CARTESIAN_POINT('',(4.853743990273,2.729404679023));
#2358 = CARTESIAN_POINT('',(4.837526305408,2.751368352379));
#2359 = CARTESIAN_POINT('',(4.82060904824,2.770755893694));
#2360 = CARTESIAN_POINT('',(4.803101180812,2.787239101229));
#2361 = CARTESIAN_POINT('',(4.785147735897,2.800683702508));
#2362 = CARTESIAN_POINT('',(4.766921256551,2.811129124966));
#2363 = CARTESIAN_POINT('',(4.748601013104,2.818576729865));
#2364 = CARTESIAN_POINT('',(4.730320890809,2.823038081765));
#2365 = CARTESIAN_POINT('',(4.712389702097,2.824521998203));
#2366 = CARTESIAN_POINT('',(4.694458513271,2.823038081513));
#2367 = CARTESIAN_POINT('',(4.676178390866,2.818576729071));
#2368 = CARTESIAN_POINT('',(4.657858147372,2.811129123202));
#2369 = CARTESIAN_POINT('',(4.639631668148,2.800683699161));
#2370 = CARTESIAN_POINT('',(4.621678223613,2.787239095534));
#2371 = CARTESIAN_POINT('',(4.604170356932,2.770755884649));
#2372 = CARTESIAN_POINT('',(4.587253100896,2.751368339249));
#2373 = CARTESIAN_POINT('',(4.571035417572,2.729404661227));
#2374 = CARTESIAN_POINT('',(4.555642252073,2.705167878643));
#2375 = CARTESIAN_POINT('',(4.541172120085,2.678914155035));
#2376 = CARTESIAN_POINT('',(4.527820894706,2.651112285869));
#2377 = CARTESIAN_POINT('',(4.515427420737,2.621427403414));
#2378 = CARTESIAN_POINT('',(4.503624097179,2.588988942476));
#2379 = CARTESIAN_POINT('',(4.49267939842,2.554357630823));
#2380 = CARTESIAN_POINT('',(4.482697068957,2.517718502072));
#2381 = CARTESIAN_POINT('',(4.473822400971,2.479360320414));
#2382 = CARTESIAN_POINT('',(4.466202613302,2.439532621895));
#2383 = CARTESIAN_POINT('',(4.459932112782,2.398542493867));
#2384 = CARTESIAN_POINT('',(4.454998211516,2.35680732407));
#2385 = CARTESIAN_POINT('',(4.451407277604,2.314726271642));
#2386 = CARTESIAN_POINT('',(4.449160758998,2.272703381737));
#2387 = CARTESIAN_POINT('',(4.448561357497,2.244995383275));
#2388 = CARTESIAN_POINT('',(4.448486652357,2.231285383669));
#2389 = ( GEOMETRIC_REPRESENTATION_CONTEXT(2) 
PARAMETRIC_REPRESENTATION_CONTEXT() REPRESENTATION_CONTEXT('2D SPACE',''
  ) );
#2390 = PCURVE('',#1150,#2391);
#2391 = DEFINITIONAL_REPRESENTATION('',(#2392),#2440);
#2392 = B_SPLINE_CURVE_WITH_KNOTS('',3,(#2393,#2394,#2395,#2396,#2397,
    #2398,#2399,#2400,#2401,#2402,#2403,#2404,#2405,#2406,#2407,#2408,
    #2409,#2410,#2411,#2412,#2413,#2414,#2415,#2416,#2417,#2418,#2419,
    #2420,#2421,#2422,#2423,#2424,#2425,#2426,#2427,#2428,#2429,#2430,
    #2431,#2432,#2433,#2434,#2435,#2436,#2437,#2438,#2439),
  .UNSPECIFIED.,.F.,.F.,(4,1,1,1,1,1,1,1,1,1,1,1,1,1,1,1,1,1,1,1,1,1,1,1
    ,1,1,1,1,1,1,1,1,1,1,1,1,1,1,1,1,1,1,1,1,4),(7.243817746767E-04,
    4.821433050143E-03,8.91848432561E-03,1.301553560108E-02,
    1.711258687654E-02,2.120963815201E-02,2.530668942748E-02,
    2.940374070294E-02,3.350079197841E-02,3.759784325388E-02,
    4.169489452934E-02,4.579194580481E-02,4.988899708028E-02,
    5.398604835574E-02,5.808309963121E-02,6.218015090668E-02,
    6.627720218214E-02,7.037425345761E-02,7.447130473308E-02,
    7.856835600854E-02,8.266540728401E-02,8.676245855948E-02,
    9.085950983494E-02,9.495656111041E-02,9.905361238588E-02,
    0.103150663661,0.107247714937,0.111344766212,0.115441817488,
    0.119538868763,0.123635920039,0.127732971314,0.13183002259,
    0.135927073865,0.140024125141,0.144121176416,0.148218227691,
    0.152315278967,0.156412330242,0.160509381518,0.164606432793,
    0.168703484069,0.172800535344,0.17689758662,0.180994637895),
  .QUASI_UNIFORM_KNOTS.);
#2393 = CARTESIAN_POINT('',(1.209713623087E-02,-2.479628254889));
#2394 = CARTESIAN_POINT('',(3.494769812696E-02,-2.479583438568));
#2395 = CARTESIAN_POINT('',(8.115360919038E-02,-2.479214274845));
#2396 = CARTESIAN_POINT('',(0.151651153748,-2.47785774501));
#2397 = CARTESIAN_POINT('',(0.223011890271,-2.475734504824));
#2398 = CARTESIAN_POINT('',(0.294909640277,-2.472879701014));
#2399 = CARTESIAN_POINT('',(0.367045489551,-2.469331924085));
#2400 = CARTESIAN_POINT('',(0.439173942835,-2.465116916616));
#2401 = CARTESIAN_POINT('',(0.511121923654,-2.460384510236));
#2402 = CARTESIAN_POINT('',(0.582654491087,-2.455268042144));
#2403 = CARTESIAN_POINT('',(0.653425547431,-2.449906569525));
#2404 = CARTESIAN_POINT('',(0.723299626728,-2.444420390546));
#2405 = CARTESIAN_POINT('',(0.791250726083,-2.43899911946));
#2406 = CARTESIAN_POINT('',(0.859653367499,-2.433567918832));
#2407 = CARTESIAN_POINT('',(0.929694191582,-2.42813977105));
#2408 = CARTESIAN_POINT('',(1.000641264889,-2.422876284087));
#2409 = CARTESIAN_POINT('',(1.072281741049,-2.417899891262));
#2410 = CARTESIAN_POINT('',(1.144295073139,-2.413341098931));
#2411 = CARTESIAN_POINT('',(1.216455902575,-2.409337295956));
#2412 = CARTESIAN_POINT('',(1.288581178444,-2.406008135668));
#2413 = CARTESIAN_POINT('',(1.360425740673,-2.403366206637));
#2414 = CARTESIAN_POINT('',(1.431647496371,-2.401443711294));
#2415 = CARTESIAN_POINT('',(1.502059455175,-2.400267594677));
#2416 = CARTESIAN_POINT('',(1.570796329143,-2.399866217542));
#2417 = CARTESIAN_POINT('',(1.639533204527,-2.400267535159));
#2418 = CARTESIAN_POINT('',(1.70994516666,-2.401443591127));
#2419 = CARTESIAN_POINT('',(1.781166927375,-2.403366025712));
#2420 = CARTESIAN_POINT('',(1.853011495951,-2.406007894324));
#2421 = CARTESIAN_POINT('',(1.925136779239,-2.409336995128));
#2422 = CARTESIAN_POINT('',(1.997297617046,-2.413340740129));
#2423 = CARTESIAN_POINT('',(2.069310958151,-2.417899476312));
#2424 = CARTESIAN_POINT('',(2.140951443577,-2.422875815184));
#2425 = CARTESIAN_POINT('',(2.211898525764,-2.428139250738));
#2426 = CARTESIAN_POINT('',(2.28193935873,-2.433567350002));
#2427 = CARTESIAN_POINT('',(2.350342005662,-2.438998505381));
#2428 = CARTESIAN_POINT('',(2.418293118072,-2.444419734732));
#2429 = CARTESIAN_POINT('',(2.488167207502,-2.449905873404));
#2430 = CARTESIAN_POINT('',(2.558938273032,-2.455267308251));
#2431 = CARTESIAN_POINT('',(2.630470848176,-2.460383741431));
#2432 = CARTESIAN_POINT('',(2.70241883538,-2.465116116307));
#2433 = CARTESIAN_POINT('',(2.774547293785,-2.469331096121));
#2434 = CARTESIAN_POINT('',(2.846683146812,-2.472878849769));
#2435 = CARTESIAN_POINT('',(2.91858089916,-2.475733634811));
#2436 = CARTESIAN_POINT('',(2.989941636611,-2.477856860819));
#2437 = CARTESIAN_POINT('',(3.060439180653,-2.479213381159));
#2438 = CARTESIAN_POINT('',(3.106645090376,-2.479582541732));
#2439 = CARTESIAN_POINT('',(3.129495651346,-2.479627357289));
#2440 = ( GEOMETRIC_REPRESENTATION_CONTEXT(2) 
PARAMETRIC_REPRESENTATION_CONTEXT() REPRESENTATION_CONTEXT('2D SPACE',''
  ) );
#2441 = ORIENTED_EDGE('',*,*,#1446,.T.);
#2442 = ORIENTED_EDGE('',*,*,#2292,.F.);
#2443 = ORIENTED_EDGE('',*,*,#2444,.T.);
#2444 = EDGE_CURVE('',#2293,#2293,#2445,.T.);
#2445 = SURFACE_CURVE('',#2446,(#2451,#2458),.PCURVE_S1.);
#2446 = CIRCLE('',#2447,2.3);
#2447 = AXIS2_PLACEMENT_3D('',#2448,#2449,#2450);
#2448 = CARTESIAN_POINT('',(1.165885886667E-15,-71.2,27.024027359346));
#2449 = DIRECTION('',(0.,0.,-1.));
#2450 = DIRECTION('',(1.,0.,0.));
#2451 = PCURVE('',#1235,#2452);
#2452 = DEFINITIONAL_REPRESENTATION('',(#2453),#2457);
#2453 = LINE('',#2454,#2455);
#2454 = CARTESIAN_POINT('',(0.,0.));
#2455 = VECTOR('',#2456,1.);
#2456 = DIRECTION('',(1.,0.));
#2457 = ( GEOMETRIC_REPRESENTATION_CONTEXT(2) 
PARAMETRIC_REPRESENTATION_CONTEXT() REPRESENTATION_CONTEXT('2D SPACE',''
  ) );
#2458 = PCURVE('',#2459,#2464);
#2459 = PLANE('',#2460);
#2460 = AXIS2_PLACEMENT_3D('',#2461,#2462,#2463);
#2461 = CARTESIAN_POINT('',(1.110223024625E-15,-71.2,27.024027359346));
#2462 = DIRECTION('',(0.,0.,1.));
#2463 = DIRECTION('',(1.,0.,-0.));
#2464 = DEFINITIONAL_REPRESENTATION('',(#2465),#2473);
#2465 = ( BOUNDED_CURVE() B_SPLINE_CURVE(2,(#2466,#2467,#2468,#2469,
#2470,#2471,#2472),.UNSPECIFIED.,.T.,.F.) B_SPLINE_CURVE_WITH_KNOTS((1,2
    ,2,2,2,1),(-2.094395102393,0.,2.094395102393,4.188790204786,
6.28318530718,8.377580409573),.UNSPECIFIED.) CURVE() 
GEOMETRIC_REPRESENTATION_ITEM() RATIONAL_B_SPLINE_CURVE((1.,0.5,1.,0.5,
1.,0.5,1.)) REPRESENTATION_ITEM('') );
#2466 = CARTESIAN_POINT('',(2.3,0.));
#2467 = CARTESIAN_POINT('',(2.3,-3.983716857408));
#2468 = CARTESIAN_POINT('',(-1.15,-1.991858428704));
#2469 = CARTESIAN_POINT('',(-4.6,-5.633375276078E-16));
#2470 = CARTESIAN_POINT('',(-1.15,1.991858428704));
#2471 = CARTESIAN_POINT('',(2.3,3.983716857408));
#2472 = CARTESIAN_POINT('',(2.3,0.));
#2473 = ( GEOMETRIC_REPRESENTATION_CONTEXT(2) 
PARAMETRIC_REPRESENTATION_CONTEXT() REPRESENTATION_CONTEXT('2D SPACE',''
  ) );
#2474 = ADVANCED_FACE('',(#2475),#1150,.T.);
#2475 = FACE_BOUND('',#2476,.T.);
#2476 = EDGE_LOOP('',(#2477,#2478,#2479,#2480));
#2477 = ORIENTED_EDGE('',*,*,#1134,.F.);
#2478 = ORIENTED_EDGE('',*,*,#2318,.T.);
#2479 = ORIENTED_EDGE('',*,*,#1522,.T.);
#2480 = ORIENTED_EDGE('',*,*,#2481,.F.);
#2481 = EDGE_CURVE('',#1106,#1523,#2482,.T.);
#2482 = SURFACE_CURVE('',#2483,(#2488,#2495),.PCURVE_S1.);
#2483 = CIRCLE('',#2484,0.600000000002);
#2484 = AXIS2_PLACEMENT_3D('',#2485,#2486,#2487);
#2485 = CARTESIAN_POINT('',(1.661446000178E-06,-60.,24.8));
#2486 = DIRECTION('',(-0.,1.,0.));
#2487 = DIRECTION('',(1.,0.,0.));
#2488 = PCURVE('',#1150,#2489);
#2489 = DEFINITIONAL_REPRESENTATION('',(#2490),#2494);
#2490 = LINE('',#2491,#2492);
#2491 = CARTESIAN_POINT('',(0.,6.5));
#2492 = VECTOR('',#2493,1.);
#2493 = DIRECTION('',(1.,0.));
#2494 = ( GEOMETRIC_REPRESENTATION_CONTEXT(2) 
PARAMETRIC_REPRESENTATION_CONTEXT() REPRESENTATION_CONTEXT('2D SPACE',''
  ) );
#2495 = PCURVE('',#1122,#2496);
#2496 = DEFINITIONAL_REPRESENTATION('',(#2497),#2501);
#2497 = CIRCLE('',#2498,0.600000000002);
#2498 = AXIS2_PLACEMENT_2D('',#2499,#2500);
#2499 = CARTESIAN_POINT('',(1.661446000178E-06,-24.8));
#2500 = DIRECTION('',(1.,-0.));
#2501 = ( GEOMETRIC_REPRESENTATION_CONTEXT(2) 
PARAMETRIC_REPRESENTATION_CONTEXT() REPRESENTATION_CONTEXT('2D SPACE',''
  ) );
#2502 = ADVANCED_FACE('',(#2503,#2511),#1122,.F.);
#2503 = FACE_BOUND('',#2504,.T.);
#2504 = EDGE_LOOP('',(#2505,#2506,#2507,#2508,#2509,#2510));
#2505 = ORIENTED_EDGE('',*,*,#1105,.F.);
#2506 = ORIENTED_EDGE('',*,*,#2481,.T.);
#2507 = ORIENTED_EDGE('',*,*,#1545,.F.);
#2508 = ORIENTED_EDGE('',*,*,#1692,.T.);
#2509 = ORIENTED_EDGE('',*,*,#1720,.F.);
#2510 = ORIENTED_EDGE('',*,*,#1770,.T.);
#2511 = FACE_BOUND('',#2512,.T.);
#2512 = EDGE_LOOP('',(#2513));
#2513 = ORIENTED_EDGE('',*,*,#2514,.T.);
#2514 = EDGE_CURVE('',#2515,#2515,#2517,.T.);
#2515 = VERTEX_POINT('',#2516);
#2516 = CARTESIAN_POINT('',(23.45,-60.,0.));
#2517 = SURFACE_CURVE('',#2518,(#2523,#2530),.PCURVE_S1.);
#2518 = CIRCLE('',#2519,23.45);
#2519 = AXIS2_PLACEMENT_3D('',#2520,#2521,#2522);
#2520 = CARTESIAN_POINT('',(0.,-60.,0.));
#2521 = DIRECTION('',(-0.,1.,0.));
#2522 = DIRECTION('',(1.,0.,0.));
#2523 = PCURVE('',#1122,#2524);
#2524 = DEFINITIONAL_REPRESENTATION('',(#2525),#2529);
#2525 = CIRCLE('',#2526,23.45);
#2526 = AXIS2_PLACEMENT_2D('',#2527,#2528);
#2527 = CARTESIAN_POINT('',(0.,0.));
#2528 = DIRECTION('',(1.,-0.));
#2529 = ( GEOMETRIC_REPRESENTATION_CONTEXT(2) 
PARAMETRIC_REPRESENTATION_CONTEXT() REPRESENTATION_CONTEXT('2D SPACE',''
  ) );
#2530 = PCURVE('',#2531,#2536);
#2531 = CONICAL_SURFACE('',#2532,20.,0.407152520942);
#2532 = AXIS2_PLACEMENT_3D('',#2533,#2534,#2535);
#2533 = CARTESIAN_POINT('',(0.,-52.,0.));
#2534 = DIRECTION('',(-0.,-1.,-0.));
#2535 = DIRECTION('',(1.,-0.,0.));
#2536 = DEFINITIONAL_REPRESENTATION('',(#2537),#2541);
#2537 = LINE('',#2538,#2539);
#2538 = CARTESIAN_POINT('',(-0.,8.));
#2539 = VECTOR('',#2540,1.);
#2540 = DIRECTION('',(-1.,0.));
#2541 = ( GEOMETRIC_REPRESENTATION_CONTEXT(2) 
PARAMETRIC_REPRESENTATION_CONTEXT() REPRESENTATION_CONTEXT('2D SPACE',''
  ) );
#2542 = ADVANCED_FACE('',(#2543),#1958,.F.);
#2543 = FACE_BOUND('',#2544,.T.);
#2544 = EDGE_LOOP('',(#2545,#2569,#2591,#2592,#2593));
#2545 = ORIENTED_EDGE('',*,*,#2546,.F.);
#2546 = EDGE_CURVE('',#2547,#1920,#2549,.T.);
#2547 = VERTEX_POINT('',#2548);
#2548 = CARTESIAN_POINT('',(29.5,-60.,0.));
#2549 = SURFACE_CURVE('',#2550,(#2555,#2562),.PCURVE_S1.);
#2550 = CIRCLE('',#2551,29.5);
#2551 = AXIS2_PLACEMENT_3D('',#2552,#2553,#2554);
#2552 = CARTESIAN_POINT('',(0.,-60.,0.));
#2553 = DIRECTION('',(-0.,1.,0.));
#2554 = DIRECTION('',(1.,0.,0.));
#2555 = PCURVE('',#1958,#2556);
#2556 = DEFINITIONAL_REPRESENTATION('',(#2557),#2561);
#2557 = CIRCLE('',#2558,29.5);
#2558 = AXIS2_PLACEMENT_2D('',#2559,#2560);
#2559 = CARTESIAN_POINT('',(0.,0.));
#2560 = DIRECTION('',(1.,-0.));
#2561 = ( GEOMETRIC_REPRESENTATION_CONTEXT(2) 
PARAMETRIC_REPRESENTATION_CONTEXT() REPRESENTATION_CONTEXT('2D SPACE',''
  ) );
#2562 = PCURVE('',#1934,#2563);
#2563 = DEFINITIONAL_REPRESENTATION('',(#2564),#2568);
#2564 = LINE('',#2565,#2566);
#2565 = CARTESIAN_POINT('',(0.,0.));
#2566 = VECTOR('',#2567,1.);
#2567 = DIRECTION('',(1.,0.));
#2568 = ( GEOMETRIC_REPRESENTATION_CONTEXT(2) 
PARAMETRIC_REPRESENTATION_CONTEXT() REPRESENTATION_CONTEXT('2D SPACE',''
  ) );
#2569 = ORIENTED_EDGE('',*,*,#2570,.F.);
#2570 = EDGE_CURVE('',#2046,#2547,#2571,.T.);
#2571 = SURFACE_CURVE('',#2572,(#2577,#2584),.PCURVE_S1.);
#2572 = CIRCLE('',#2573,29.5);
#2573 = AXIS2_PLACEMENT_3D('',#2574,#2575,#2576);
#2574 = CARTESIAN_POINT('',(0.,-60.,0.));
#2575 = DIRECTION('',(-0.,1.,0.));
#2576 = DIRECTION('',(1.,0.,0.));
#2577 = PCURVE('',#1958,#2578);
#2578 = DEFINITIONAL_REPRESENTATION('',(#2579),#2583);
#2579 = CIRCLE('',#2580,29.5);
#2580 = AXIS2_PLACEMENT_2D('',#2581,#2582);
#2581 = CARTESIAN_POINT('',(0.,0.));
#2582 = DIRECTION('',(1.,-0.));
#2583 = ( GEOMETRIC_REPRESENTATION_CONTEXT(2) 
PARAMETRIC_REPRESENTATION_CONTEXT() REPRESENTATION_CONTEXT('2D SPACE',''
  ) );
#2584 = PCURVE('',#1934,#2585);
#2585 = DEFINITIONAL_REPRESENTATION('',(#2586),#2590);
#2586 = LINE('',#2587,#2588);
#2587 = CARTESIAN_POINT('',(0.,0.));
#2588 = VECTOR('',#2589,1.);
#2589 = DIRECTION('',(1.,0.));
#2590 = ( GEOMETRIC_REPRESENTATION_CONTEXT(2) 
PARAMETRIC_REPRESENTATION_CONTEXT() REPRESENTATION_CONTEXT('2D SPACE',''
  ) );
#2591 = ORIENTED_EDGE('',*,*,#2135,.T.);
#2592 = ORIENTED_EDGE('',*,*,#1974,.T.);
#2593 = ORIENTED_EDGE('',*,*,#1945,.T.);
#2594 = ADVANCED_FACE('',(#2595),#1934,.T.);
#2595 = FACE_BOUND('',#2596,.T.);
#2596 = EDGE_LOOP('',(#2597,#2620,#2621,#2622,#2644,#2645,#2646,#2647));
#2597 = ORIENTED_EDGE('',*,*,#2598,.F.);
#2598 = EDGE_CURVE('',#2547,#2599,#2601,.T.);
#2599 = VERTEX_POINT('',#2600);
#2600 = CARTESIAN_POINT('',(29.5,-58.,0.));
#2601 = SEAM_CURVE('',#2602,(#2606,#2613),.PCURVE_S1.);
#2602 = LINE('',#2603,#2604);
#2603 = CARTESIAN_POINT('',(29.5,-60.,0.));
#2604 = VECTOR('',#2605,1.);
#2605 = DIRECTION('',(0.,1.,0.));
#2606 = PCURVE('',#1934,#2607);
#2607 = DEFINITIONAL_REPRESENTATION('',(#2608),#2612);
#2608 = LINE('',#2609,#2610);
#2609 = CARTESIAN_POINT('',(0.,0.));
#2610 = VECTOR('',#2611,1.);
#2611 = DIRECTION('',(0.,1.));
#2612 = ( GEOMETRIC_REPRESENTATION_CONTEXT(2) 
PARAMETRIC_REPRESENTATION_CONTEXT() REPRESENTATION_CONTEXT('2D SPACE',''
  ) );
#2613 = PCURVE('',#1934,#2614);
#2614 = DEFINITIONAL_REPRESENTATION('',(#2615),#2619);
#2615 = LINE('',#2616,#2617);
#2616 = CARTESIAN_POINT('',(6.28318530718,0.));
#2617 = VECTOR('',#2618,1.);
#2618 = DIRECTION('',(0.,1.));
#2619 = ( GEOMETRIC_REPRESENTATION_CONTEXT(2) 
PARAMETRIC_REPRESENTATION_CONTEXT() REPRESENTATION_CONTEXT('2D SPACE',''
  ) );
#2620 = ORIENTED_EDGE('',*,*,#2546,.T.);
#2621 = ORIENTED_EDGE('',*,*,#1919,.T.);
#2622 = ORIENTED_EDGE('',*,*,#2623,.T.);
#2623 = EDGE_CURVE('',#1894,#2048,#2624,.T.);
#2624 = SURFACE_CURVE('',#2625,(#2630,#2637),.PCURVE_S1.);
#2625 = CIRCLE('',#2626,29.5);
#2626 = AXIS2_PLACEMENT_3D('',#2627,#2628,#2629);
#2627 = CARTESIAN_POINT('',(0.,-59.2,0.));
#2628 = DIRECTION('',(-0.,1.,0.));
#2629 = DIRECTION('',(1.,0.,0.));
#2630 = PCURVE('',#1934,#2631);
#2631 = DEFINITIONAL_REPRESENTATION('',(#2632),#2636);
#2632 = LINE('',#2633,#2634);
#2633 = CARTESIAN_POINT('',(0.,0.8));
#2634 = VECTOR('',#2635,1.);
#2635 = DIRECTION('',(1.,0.));
#2636 = ( GEOMETRIC_REPRESENTATION_CONTEXT(2) 
PARAMETRIC_REPRESENTATION_CONTEXT() REPRESENTATION_CONTEXT('2D SPACE',''
  ) );
#2637 = PCURVE('',#1908,#2638);
#2638 = DEFINITIONAL_REPRESENTATION('',(#2639),#2643);
#2639 = CIRCLE('',#2640,29.5);
#2640 = AXIS2_PLACEMENT_2D('',#2641,#2642);
#2641 = CARTESIAN_POINT('',(200.,200.));
#2642 = DIRECTION('',(0.,1.));
#2643 = ( GEOMETRIC_REPRESENTATION_CONTEXT(2) 
PARAMETRIC_REPRESENTATION_CONTEXT() REPRESENTATION_CONTEXT('2D SPACE',''
  ) );
#2644 = ORIENTED_EDGE('',*,*,#2045,.F.);
#2645 = ORIENTED_EDGE('',*,*,#2570,.T.);
#2646 = ORIENTED_EDGE('',*,*,#2598,.T.);
#2647 = ORIENTED_EDGE('',*,*,#2648,.F.);
#2648 = EDGE_CURVE('',#2599,#2599,#2649,.T.);
#2649 = SURFACE_CURVE('',#2650,(#2655,#2662),.PCURVE_S1.);
#2650 = CIRCLE('',#2651,29.5);
#2651 = AXIS2_PLACEMENT_3D('',#2652,#2653,#2654);
#2652 = CARTESIAN_POINT('',(0.,-58.,0.));
#2653 = DIRECTION('',(-0.,1.,0.));
#2654 = DIRECTION('',(1.,0.,0.));
#2655 = PCURVE('',#1934,#2656);
#2656 = DEFINITIONAL_REPRESENTATION('',(#2657),#2661);
#2657 = LINE('',#2658,#2659);
#2658 = CARTESIAN_POINT('',(0.,2.));
#2659 = VECTOR('',#2660,1.);
#2660 = DIRECTION('',(1.,0.));
#2661 = ( GEOMETRIC_REPRESENTATION_CONTEXT(2) 
PARAMETRIC_REPRESENTATION_CONTEXT() REPRESENTATION_CONTEXT('2D SPACE',''
  ) );
#2662 = PCURVE('',#2663,#2668);
#2663 = CONICAL_SURFACE('',#2664,29.5,1.030376826524);
#2664 = AXIS2_PLACEMENT_3D('',#2665,#2666,#2667);
#2665 = CARTESIAN_POINT('',(0.,-58.,0.));
#2666 = DIRECTION('',(-0.,-1.,-0.));
#2667 = DIRECTION('',(1.,0.,0.));
#2668 = DEFINITIONAL_REPRESENTATION('',(#2669),#2673);
#2669 = LINE('',#2670,#2671);
#2670 = CARTESIAN_POINT('',(-0.,-0.));
#2671 = VECTOR('',#2672,1.);
#2672 = DIRECTION('',(-1.,-0.));
#2673 = ( GEOMETRIC_REPRESENTATION_CONTEXT(2) 
PARAMETRIC_REPRESENTATION_CONTEXT() REPRESENTATION_CONTEXT('2D SPACE',''
  ) );
#2674 = ADVANCED_FACE('',(#2675),#1908,.T.);
#2675 = FACE_BOUND('',#2676,.T.);
#2676 = EDGE_LOOP('',(#2677,#2678,#2679,#2680));
#2677 = ORIENTED_EDGE('',*,*,#2068,.F.);
#2678 = ORIENTED_EDGE('',*,*,#2623,.F.);
#2679 = ORIENTED_EDGE('',*,*,#1893,.F.);
#2680 = ORIENTED_EDGE('',*,*,#2681,.F.);
#2681 = EDGE_CURVE('',#2069,#1866,#2682,.T.);
#2682 = SURFACE_CURVE('',#2683,(#2687,#2693),.PCURVE_S1.);
#2683 = LINE('',#2684,#2685);
#2684 = CARTESIAN_POINT('',(-102.5,-59.2,31.024027359346));
#2685 = VECTOR('',#2686,1.);
#2686 = DIRECTION('',(-1.,-0.,0.));
#2687 = PCURVE('',#1908,#2688);
#2688 = DEFINITIONAL_REPRESENTATION('',(#2689),#2692);
#2689 = B_SPLINE_CURVE_WITH_KNOTS('',1,(#2690,#2691),.UNSPECIFIED.,.F.,
  .F.,(2,2),(-107.5,-97.5),.PIECEWISE_BEZIER_KNOTS.);
#2690 = CARTESIAN_POINT('',(231.02402735934,205.));
#2691 = CARTESIAN_POINT('',(231.02402735934,195.));
#2692 = ( GEOMETRIC_REPRESENTATION_CONTEXT(2) 
PARAMETRIC_REPRESENTATION_CONTEXT() REPRESENTATION_CONTEXT('2D SPACE',''
  ) );
#2693 = PCURVE('',#1881,#2694);
#2694 = DEFINITIONAL_REPRESENTATION('',(#2695),#2698);
#2695 = B_SPLINE_CURVE_WITH_KNOTS('',1,(#2696,#2697),.UNSPECIFIED.,.F.,
  .F.,(2,2),(-107.5,-97.5),.PIECEWISE_BEZIER_KNOTS.);
#2696 = CARTESIAN_POINT('',(10.,18.3));
#2697 = CARTESIAN_POINT('',(0.,18.3));
#2698 = ( GEOMETRIC_REPRESENTATION_CONTEXT(2) 
PARAMETRIC_REPRESENTATION_CONTEXT() REPRESENTATION_CONTEXT('2D SPACE',''
  ) );
#2699 = ADVANCED_FACE('',(#2700,#2708),#1881,.T.);
#2700 = FACE_BOUND('',#2701,.T.);
#2701 = EDGE_LOOP('',(#2702,#2703,#2704,#2705,#2706,#2707));
#2702 = ORIENTED_EDGE('',*,*,#2157,.F.);
#2703 = ORIENTED_EDGE('',*,*,#2089,.T.);
#2704 = ORIENTED_EDGE('',*,*,#2681,.T.);
#2705 = ORIENTED_EDGE('',*,*,#1865,.F.);
#2706 = ORIENTED_EDGE('',*,*,#2260,.F.);
#2707 = ORIENTED_EDGE('',*,*,#2213,.F.);
#2708 = FACE_BOUND('',#2709,.T.);
#2709 = EDGE_LOOP('',(#2710));
#2710 = ORIENTED_EDGE('',*,*,#2711,.T.);
#2711 = EDGE_CURVE('',#2712,#2712,#2714,.T.);
#2712 = VERTEX_POINT('',#2713);
#2713 = CARTESIAN_POINT('',(-4.,-71.2,31.024027359346));
#2714 = SURFACE_CURVE('',#2715,(#2720,#2731),.PCURVE_S1.);
#2715 = CIRCLE('',#2716,4.);
#2716 = AXIS2_PLACEMENT_3D('',#2717,#2718,#2719);
#2717 = CARTESIAN_POINT('',(1.165885886667E-15,-71.2,31.024027359346));
#2718 = DIRECTION('',(0.,0.,-1.));
#2719 = DIRECTION('',(1.,0.,0.));
#2720 = PCURVE('',#1881,#2721);
#2721 = DEFINITIONAL_REPRESENTATION('',(#2722),#2730);
#2722 = ( BOUNDED_CURVE() B_SPLINE_CURVE(2,(#2723,#2724,#2725,#2726,
#2727,#2728,#2729),.UNSPECIFIED.,.T.,.F.) B_SPLINE_CURVE_WITH_KNOTS((1,2
    ,2,2,2,1),(-2.094395102393,0.,2.094395102393,4.188790204786,
6.28318530718,8.377580409573),.UNSPECIFIED.) CURVE() 
GEOMETRIC_REPRESENTATION_ITEM() RATIONAL_B_SPLINE_CURVE((1.,0.5,1.,0.5,
1.,0.5,1.)) REPRESENTATION_ITEM('') );
#2723 = CARTESIAN_POINT('',(9.,6.3));
#2724 = CARTESIAN_POINT('',(9.,-0.628203230276));
#2725 = CARTESIAN_POINT('',(3.,2.835898384862));
#2726 = CARTESIAN_POINT('',(-3.,6.3));
#2727 = CARTESIAN_POINT('',(3.,9.764101615138));
#2728 = CARTESIAN_POINT('',(9.,13.228203230276));
#2729 = CARTESIAN_POINT('',(9.,6.3));
#2730 = ( GEOMETRIC_REPRESENTATION_CONTEXT(2) 
PARAMETRIC_REPRESENTATION_CONTEXT() REPRESENTATION_CONTEXT('2D SPACE',''
  ) );
#2731 = PCURVE('',#2732,#2737);
#2732 = CYLINDRICAL_SURFACE('',#2733,4.);
#2733 = AXIS2_PLACEMENT_3D('',#2734,#2735,#2736);
#2734 = CARTESIAN_POINT('',(1.165885886667E-15,-71.2,31.024027359346));
#2735 = DIRECTION('',(0.,0.,-1.));
#2736 = DIRECTION('',(1.,0.,0.));
#2737 = DEFINITIONAL_REPRESENTATION('',(#2738),#2742);
#2738 = LINE('',#2739,#2740);
#2739 = CARTESIAN_POINT('',(0.,0.));
#2740 = VECTOR('',#2741,1.);
#2741 = DIRECTION('',(1.,0.));
#2742 = ( GEOMETRIC_REPRESENTATION_CONTEXT(2) 
PARAMETRIC_REPRESENTATION_CONTEXT() REPRESENTATION_CONTEXT('2D SPACE',''
  ) );
#2743 = ADVANCED_FACE('',(#2744,#2774),#2459,.T.);
#2744 = FACE_BOUND('',#2745,.T.);
#2745 = EDGE_LOOP('',(#2746));
#2746 = ORIENTED_EDGE('',*,*,#2747,.F.);
#2747 = EDGE_CURVE('',#2748,#2748,#2750,.T.);
#2748 = VERTEX_POINT('',#2749);
#2749 = CARTESIAN_POINT('',(-4.,-71.2,27.024027359346));
#2750 = SURFACE_CURVE('',#2751,(#2756,#2767),.PCURVE_S1.);
#2751 = CIRCLE('',#2752,4.);
#2752 = AXIS2_PLACEMENT_3D('',#2753,#2754,#2755);
#2753 = CARTESIAN_POINT('',(1.165885886667E-15,-71.2,27.024027359346));
#2754 = DIRECTION('',(0.,0.,-1.));
#2755 = DIRECTION('',(1.,0.,0.));
#2756 = PCURVE('',#2459,#2757);
#2757 = DEFINITIONAL_REPRESENTATION('',(#2758),#2766);
#2758 = ( BOUNDED_CURVE() B_SPLINE_CURVE(2,(#2759,#2760,#2761,#2762,
#2763,#2764,#2765),.UNSPECIFIED.,.T.,.F.) B_SPLINE_CURVE_WITH_KNOTS((1,2
    ,2,2,2,1),(-2.094395102393,0.,2.094395102393,4.188790204786,
6.28318530718,8.377580409573),.UNSPECIFIED.) CURVE() 
GEOMETRIC_REPRESENTATION_ITEM() RATIONAL_B_SPLINE_CURVE((1.,0.5,1.,0.5,
1.,0.5,1.)) REPRESENTATION_ITEM('') );
#2759 = CARTESIAN_POINT('',(4.,0.));
#2760 = CARTESIAN_POINT('',(4.,-6.928203230276));
#2761 = CARTESIAN_POINT('',(-2.,-3.464101615138));
#2762 = CARTESIAN_POINT('',(-8.,-9.797174393179E-16));
#2763 = CARTESIAN_POINT('',(-2.,3.464101615138));
#2764 = CARTESIAN_POINT('',(4.,6.928203230276));
#2765 = CARTESIAN_POINT('',(4.,0.));
#2766 = ( GEOMETRIC_REPRESENTATION_CONTEXT(2) 
PARAMETRIC_REPRESENTATION_CONTEXT() REPRESENTATION_CONTEXT('2D SPACE',''
  ) );
#2767 = PCURVE('',#2732,#2768);
#2768 = DEFINITIONAL_REPRESENTATION('',(#2769),#2773);
#2769 = LINE('',#2770,#2771);
#2770 = CARTESIAN_POINT('',(0.,4.));
#2771 = VECTOR('',#2772,1.);
#2772 = DIRECTION('',(1.,0.));
#2773 = ( GEOMETRIC_REPRESENTATION_CONTEXT(2) 
PARAMETRIC_REPRESENTATION_CONTEXT() REPRESENTATION_CONTEXT('2D SPACE',''
  ) );
#2774 = FACE_BOUND('',#2775,.T.);
#2775 = EDGE_LOOP('',(#2776));
#2776 = ORIENTED_EDGE('',*,*,#2444,.T.);
#2777 = ADVANCED_FACE('',(#2778),#2531,.F.);
#2778 = FACE_BOUND('',#2779,.T.);
#2779 = EDGE_LOOP('',(#2780,#2809,#2830,#2831));
#2780 = ORIENTED_EDGE('',*,*,#2781,.T.);
#2781 = EDGE_CURVE('',#2782,#2782,#2784,.T.);
#2782 = VERTEX_POINT('',#2783);
#2783 = CARTESIAN_POINT('',(20.,-52.,0.));
#2784 = SURFACE_CURVE('',#2785,(#2790,#2797),.PCURVE_S1.);
#2785 = CIRCLE('',#2786,20.);
#2786 = AXIS2_PLACEMENT_3D('',#2787,#2788,#2789);
#2787 = CARTESIAN_POINT('',(0.,-52.,0.));
#2788 = DIRECTION('',(-0.,1.,0.));
#2789 = DIRECTION('',(1.,0.,0.));
#2790 = PCURVE('',#2531,#2791);
#2791 = DEFINITIONAL_REPRESENTATION('',(#2792),#2796);
#2792 = LINE('',#2793,#2794);
#2793 = CARTESIAN_POINT('',(-0.,0.));
#2794 = VECTOR('',#2795,1.);
#2795 = DIRECTION('',(-1.,0.));
#2796 = ( GEOMETRIC_REPRESENTATION_CONTEXT(2) 
PARAMETRIC_REPRESENTATION_CONTEXT() REPRESENTATION_CONTEXT('2D SPACE',''
  ) );
#2797 = PCURVE('',#2798,#2803);
#2798 = CYLINDRICAL_SURFACE('',#2799,20.);
#2799 = AXIS2_PLACEMENT_3D('',#2800,#2801,#2802);
#2800 = CARTESIAN_POINT('',(0.,-31.,0.));
#2801 = DIRECTION('',(-0.,-1.,-0.));
#2802 = DIRECTION('',(1.,-0.,0.));
#2803 = DEFINITIONAL_REPRESENTATION('',(#2804),#2808);
#2804 = LINE('',#2805,#2806);
#2805 = CARTESIAN_POINT('',(-0.,21.));
#2806 = VECTOR('',#2807,1.);
#2807 = DIRECTION('',(-1.,0.));
#2808 = ( GEOMETRIC_REPRESENTATION_CONTEXT(2) 
PARAMETRIC_REPRESENTATION_CONTEXT() REPRESENTATION_CONTEXT('2D SPACE',''
  ) );
#2809 = ORIENTED_EDGE('',*,*,#2810,.T.);
#2810 = EDGE_CURVE('',#2782,#2515,#2811,.T.);
#2811 = SEAM_CURVE('',#2812,(#2816,#2823),.PCURVE_S1.);
#2812 = LINE('',#2813,#2814);
#2813 = CARTESIAN_POINT('',(20.,-52.,0.));
#2814 = VECTOR('',#2815,1.);
#2815 = DIRECTION('',(0.395996233188,-0.918252134929,0.));
#2816 = PCURVE('',#2531,#2817);
#2817 = DEFINITIONAL_REPRESENTATION('',(#2818),#2822);
#2818 = LINE('',#2819,#2820);
#2819 = CARTESIAN_POINT('',(-0.,0.));
#2820 = VECTOR('',#2821,1.);
#2821 = DIRECTION('',(-0.,1.));
#2822 = ( GEOMETRIC_REPRESENTATION_CONTEXT(2) 
PARAMETRIC_REPRESENTATION_CONTEXT() REPRESENTATION_CONTEXT('2D SPACE',''
  ) );
#2823 = PCURVE('',#2531,#2824);
#2824 = DEFINITIONAL_REPRESENTATION('',(#2825),#2829);
#2825 = LINE('',#2826,#2827);
#2826 = CARTESIAN_POINT('',(-6.28318530718,0.));
#2827 = VECTOR('',#2828,1.);
#2828 = DIRECTION('',(-0.,1.));
#2829 = ( GEOMETRIC_REPRESENTATION_CONTEXT(2) 
PARAMETRIC_REPRESENTATION_CONTEXT() REPRESENTATION_CONTEXT('2D SPACE',''
  ) );
#2830 = ORIENTED_EDGE('',*,*,#2514,.F.);
#2831 = ORIENTED_EDGE('',*,*,#2810,.F.);
#2832 = ADVANCED_FACE('',(#2833),#2663,.T.);
#2833 = FACE_BOUND('',#2834,.T.);
#2834 = EDGE_LOOP('',(#2835,#2836,#2859,#2886));
#2835 = ORIENTED_EDGE('',*,*,#2648,.T.);
#2836 = ORIENTED_EDGE('',*,*,#2837,.T.);
#2837 = EDGE_CURVE('',#2599,#2838,#2840,.T.);
#2838 = VERTEX_POINT('',#2839);
#2839 = CARTESIAN_POINT('',(24.5,-55.,0.));
#2840 = SEAM_CURVE('',#2841,(#2845,#2852),.PCURVE_S1.);
#2841 = LINE('',#2842,#2843);
#2842 = CARTESIAN_POINT('',(29.5,-58.,0.));
#2843 = VECTOR('',#2844,1.);
#2844 = DIRECTION('',(-0.857492925713,0.514495755428,0.));
#2845 = PCURVE('',#2663,#2846);
#2846 = DEFINITIONAL_REPRESENTATION('',(#2847),#2851);
#2847 = LINE('',#2848,#2849);
#2848 = CARTESIAN_POINT('',(-0.,-0.));
#2849 = VECTOR('',#2850,1.);
#2850 = DIRECTION('',(-0.,-1.));
#2851 = ( GEOMETRIC_REPRESENTATION_CONTEXT(2) 
PARAMETRIC_REPRESENTATION_CONTEXT() REPRESENTATION_CONTEXT('2D SPACE',''
  ) );
#2852 = PCURVE('',#2663,#2853);
#2853 = DEFINITIONAL_REPRESENTATION('',(#2854),#2858);
#2854 = LINE('',#2855,#2856);
#2855 = CARTESIAN_POINT('',(-6.28318530718,-0.));
#2856 = VECTOR('',#2857,1.);
#2857 = DIRECTION('',(-0.,-1.));
#2858 = ( GEOMETRIC_REPRESENTATION_CONTEXT(2) 
PARAMETRIC_REPRESENTATION_CONTEXT() REPRESENTATION_CONTEXT('2D SPACE',''
  ) );
#2859 = ORIENTED_EDGE('',*,*,#2860,.F.);
#2860 = EDGE_CURVE('',#2838,#2838,#2861,.T.);
#2861 = SURFACE_CURVE('',#2862,(#2867,#2874),.PCURVE_S1.);
#2862 = CIRCLE('',#2863,24.5);
#2863 = AXIS2_PLACEMENT_3D('',#2864,#2865,#2866);
#2864 = CARTESIAN_POINT('',(0.,-55.,0.));
#2865 = DIRECTION('',(-0.,1.,0.));
#2866 = DIRECTION('',(1.,0.,0.));
#2867 = PCURVE('',#2663,#2868);
#2868 = DEFINITIONAL_REPRESENTATION('',(#2869),#2873);
#2869 = LINE('',#2870,#2871);
#2870 = CARTESIAN_POINT('',(-0.,-3.));
#2871 = VECTOR('',#2872,1.);
#2872 = DIRECTION('',(-1.,-0.));
#2873 = ( GEOMETRIC_REPRESENTATION_CONTEXT(2) 
PARAMETRIC_REPRESENTATION_CONTEXT() REPRESENTATION_CONTEXT('2D SPACE',''
  ) );
#2874 = PCURVE('',#2875,#2880);
#2875 = CONICAL_SURFACE('',#2876,24.5,0.97632132172);
#2876 = AXIS2_PLACEMENT_3D('',#2877,#2878,#2879);
#2877 = CARTESIAN_POINT('',(0.,-55.,0.));
#2878 = DIRECTION('',(0.,1.,0.));
#2879 = DIRECTION('',(1.,0.,0.));
#2880 = DEFINITIONAL_REPRESENTATION('',(#2881),#2885);
#2881 = LINE('',#2882,#2883);
#2882 = CARTESIAN_POINT('',(0.,0.));
#2883 = VECTOR('',#2884,1.);
#2884 = DIRECTION('',(1.,0.));
#2885 = ( GEOMETRIC_REPRESENTATION_CONTEXT(2) 
PARAMETRIC_REPRESENTATION_CONTEXT() REPRESENTATION_CONTEXT('2D SPACE',''
  ) );
#2886 = ORIENTED_EDGE('',*,*,#2837,.F.);
#2887 = ADVANCED_FACE('',(#2888),#2732,.F.);
#2888 = FACE_BOUND('',#2889,.F.);
#2889 = EDGE_LOOP('',(#2890,#2911,#2912,#2913));
#2890 = ORIENTED_EDGE('',*,*,#2891,.T.);
#2891 = EDGE_CURVE('',#2712,#2748,#2892,.T.);
#2892 = SEAM_CURVE('',#2893,(#2897,#2904),.PCURVE_S1.);
#2893 = LINE('',#2894,#2895);
#2894 = CARTESIAN_POINT('',(-4.,-71.2,31.024027359346));
#2895 = VECTOR('',#2896,1.);
#2896 = DIRECTION('',(0.,0.,-1.));
#2897 = PCURVE('',#2732,#2898);
#2898 = DEFINITIONAL_REPRESENTATION('',(#2899),#2903);
#2899 = LINE('',#2900,#2901);
#2900 = CARTESIAN_POINT('',(9.424777960769,0.));
#2901 = VECTOR('',#2902,1.);
#2902 = DIRECTION('',(0.,1.));
#2903 = ( GEOMETRIC_REPRESENTATION_CONTEXT(2) 
PARAMETRIC_REPRESENTATION_CONTEXT() REPRESENTATION_CONTEXT('2D SPACE',''
  ) );
#2904 = PCURVE('',#2732,#2905);
#2905 = DEFINITIONAL_REPRESENTATION('',(#2906),#2910);
#2906 = LINE('',#2907,#2908);
#2907 = CARTESIAN_POINT('',(3.14159265359,0.));
#2908 = VECTOR('',#2909,1.);
#2909 = DIRECTION('',(0.,1.));
#2910 = ( GEOMETRIC_REPRESENTATION_CONTEXT(2) 
PARAMETRIC_REPRESENTATION_CONTEXT() REPRESENTATION_CONTEXT('2D SPACE',''
  ) );
#2911 = ORIENTED_EDGE('',*,*,#2747,.F.);
#2912 = ORIENTED_EDGE('',*,*,#2891,.F.);
#2913 = ORIENTED_EDGE('',*,*,#2711,.T.);
#2914 = ADVANCED_FACE('',(#2915),#2798,.F.);
#2915 = FACE_BOUND('',#2916,.T.);
#2916 = EDGE_LOOP('',(#2917,#2946,#2967,#2968));
#2917 = ORIENTED_EDGE('',*,*,#2918,.T.);
#2918 = EDGE_CURVE('',#2919,#2919,#2921,.T.);
#2919 = VERTEX_POINT('',#2920);
#2920 = CARTESIAN_POINT('',(20.,-31.,0.));
#2921 = SURFACE_CURVE('',#2922,(#2927,#2934),.PCURVE_S1.);
#2922 = CIRCLE('',#2923,20.);
#2923 = AXIS2_PLACEMENT_3D('',#2924,#2925,#2926);
#2924 = CARTESIAN_POINT('',(0.,-31.,0.));
#2925 = DIRECTION('',(-0.,1.,0.));
#2926 = DIRECTION('',(1.,0.,0.));
#2927 = PCURVE('',#2798,#2928);
#2928 = DEFINITIONAL_REPRESENTATION('',(#2929),#2933);
#2929 = LINE('',#2930,#2931);
#2930 = CARTESIAN_POINT('',(-0.,0.));
#2931 = VECTOR('',#2932,1.);
#2932 = DIRECTION('',(-1.,0.));
#2933 = ( GEOMETRIC_REPRESENTATION_CONTEXT(2) 
PARAMETRIC_REPRESENTATION_CONTEXT() REPRESENTATION_CONTEXT('2D SPACE',''
  ) );
#2934 = PCURVE('',#2935,#2940);
#2935 = CONICAL_SURFACE('',#2936,19.,9.966865249116E-02);
#2936 = AXIS2_PLACEMENT_3D('',#2937,#2938,#2939);
#2937 = CARTESIAN_POINT('',(0.,-21.,0.));
#2938 = DIRECTION('',(-0.,-1.,-0.));
#2939 = DIRECTION('',(1.,-0.,0.));
#2940 = DEFINITIONAL_REPRESENTATION('',(#2941),#2945);
#2941 = LINE('',#2942,#2943);
#2942 = CARTESIAN_POINT('',(-0.,10.));
#2943 = VECTOR('',#2944,1.);
#2944 = DIRECTION('',(-1.,0.));
#2945 = ( GEOMETRIC_REPRESENTATION_CONTEXT(2) 
PARAMETRIC_REPRESENTATION_CONTEXT() REPRESENTATION_CONTEXT('2D SPACE',''
  ) );
#2946 = ORIENTED_EDGE('',*,*,#2947,.T.);
#2947 = EDGE_CURVE('',#2919,#2782,#2948,.T.);
#2948 = SEAM_CURVE('',#2949,(#2953,#2960),.PCURVE_S1.);
#2949 = LINE('',#2950,#2951);
#2950 = CARTESIAN_POINT('',(20.,-31.,0.));
#2951 = VECTOR('',#2952,1.);
#2952 = DIRECTION('',(0.,-1.,0.));
#2953 = PCURVE('',#2798,#2954);
#2954 = DEFINITIONAL_REPRESENTATION('',(#2955),#2959);
#2955 = LINE('',#2956,#2957);
#2956 = CARTESIAN_POINT('',(-0.,0.));
#2957 = VECTOR('',#2958,1.);
#2958 = DIRECTION('',(-0.,1.));
#2959 = ( GEOMETRIC_REPRESENTATION_CONTEXT(2) 
PARAMETRIC_REPRESENTATION_CONTEXT() REPRESENTATION_CONTEXT('2D SPACE',''
  ) );
#2960 = PCURVE('',#2798,#2961);
#2961 = DEFINITIONAL_REPRESENTATION('',(#2962),#2966);
#2962 = LINE('',#2963,#2964);
#2963 = CARTESIAN_POINT('',(-6.28318530718,0.));
#2964 = VECTOR('',#2965,1.);
#2965 = DIRECTION('',(-0.,1.));
#2966 = ( GEOMETRIC_REPRESENTATION_CONTEXT(2) 
PARAMETRIC_REPRESENTATION_CONTEXT() REPRESENTATION_CONTEXT('2D SPACE',''
  ) );
#2967 = ORIENTED_EDGE('',*,*,#2781,.F.);
#2968 = ORIENTED_EDGE('',*,*,#2947,.F.);
#2969 = ADVANCED_FACE('',(#2970),#2875,.T.);
#2970 = FACE_BOUND('',#2971,.T.);
#2971 = EDGE_LOOP('',(#2972,#2973,#2996,#3023));
#2972 = ORIENTED_EDGE('',*,*,#2860,.T.);
#2973 = ORIENTED_EDGE('',*,*,#2974,.T.);
#2974 = EDGE_CURVE('',#2838,#2975,#2977,.T.);
#2975 = VERTEX_POINT('',#2976);
#2976 = CARTESIAN_POINT('',(28.9375,-52.,0.));
#2977 = SEAM_CURVE('',#2978,(#2982,#2989),.PCURVE_S1.);
#2978 = LINE('',#2979,#2980);
#2979 = CARTESIAN_POINT('',(24.5,-55.,0.));
#2980 = VECTOR('',#2981,1.);
#2981 = DIRECTION('',(0.828442648951,0.560073903516,0.));
#2982 = PCURVE('',#2875,#2983);
#2983 = DEFINITIONAL_REPRESENTATION('',(#2984),#2988);
#2984 = LINE('',#2985,#2986);
#2985 = CARTESIAN_POINT('',(0.,0.));
#2986 = VECTOR('',#2987,1.);
#2987 = DIRECTION('',(0.,1.));
#2988 = ( GEOMETRIC_REPRESENTATION_CONTEXT(2) 
PARAMETRIC_REPRESENTATION_CONTEXT() REPRESENTATION_CONTEXT('2D SPACE',''
  ) );
#2989 = PCURVE('',#2875,#2990);
#2990 = DEFINITIONAL_REPRESENTATION('',(#2991),#2995);
#2991 = LINE('',#2992,#2993);
#2992 = CARTESIAN_POINT('',(6.28318530718,0.));
#2993 = VECTOR('',#2994,1.);
#2994 = DIRECTION('',(0.,1.));
#2995 = ( GEOMETRIC_REPRESENTATION_CONTEXT(2) 
PARAMETRIC_REPRESENTATION_CONTEXT() REPRESENTATION_CONTEXT('2D SPACE',''
  ) );
#2996 = ORIENTED_EDGE('',*,*,#2997,.F.);
#2997 = EDGE_CURVE('',#2975,#2975,#2998,.T.);
#2998 = SURFACE_CURVE('',#2999,(#3004,#3011),.PCURVE_S1.);
#2999 = CIRCLE('',#3000,28.9375);
#3000 = AXIS2_PLACEMENT_3D('',#3001,#3002,#3003);
#3001 = CARTESIAN_POINT('',(0.,-52.,0.));
#3002 = DIRECTION('',(-0.,1.,0.));
#3003 = DIRECTION('',(1.,0.,0.));
#3004 = PCURVE('',#2875,#3005);
#3005 = DEFINITIONAL_REPRESENTATION('',(#3006),#3010);
#3006 = LINE('',#3007,#3008);
#3007 = CARTESIAN_POINT('',(0.,3.));
#3008 = VECTOR('',#3009,1.);
#3009 = DIRECTION('',(1.,0.));
#3010 = ( GEOMETRIC_REPRESENTATION_CONTEXT(2) 
PARAMETRIC_REPRESENTATION_CONTEXT() REPRESENTATION_CONTEXT('2D SPACE',''
  ) );
#3011 = PCURVE('',#3012,#3017);
#3012 = CONICAL_SURFACE('',#3013,28.9375,0.97632132172);
#3013 = AXIS2_PLACEMENT_3D('',#3014,#3015,#3016);
#3014 = CARTESIAN_POINT('',(0.,-52.,0.));
#3015 = DIRECTION('',(-0.,-1.,-0.));
#3016 = DIRECTION('',(1.,0.,0.));
#3017 = DEFINITIONAL_REPRESENTATION('',(#3018),#3022);
#3018 = LINE('',#3019,#3020);
#3019 = CARTESIAN_POINT('',(-0.,-0.));
#3020 = VECTOR('',#3021,1.);
#3021 = DIRECTION('',(-1.,-0.));
#3022 = ( GEOMETRIC_REPRESENTATION_CONTEXT(2) 
PARAMETRIC_REPRESENTATION_CONTEXT() REPRESENTATION_CONTEXT('2D SPACE',''
  ) );
#3023 = ORIENTED_EDGE('',*,*,#2974,.F.);
#3024 = ADVANCED_FACE('',(#3025),#2935,.F.);
#3025 = FACE_BOUND('',#3026,.T.);
#3026 = EDGE_LOOP('',(#3027,#3056,#3077,#3078));
#3027 = ORIENTED_EDGE('',*,*,#3028,.T.);
#3028 = EDGE_CURVE('',#3029,#3029,#3031,.T.);
#3029 = VERTEX_POINT('',#3030);
#3030 = CARTESIAN_POINT('',(19.,-21.,0.));
#3031 = SURFACE_CURVE('',#3032,(#3037,#3044),.PCURVE_S1.);
#3032 = CIRCLE('',#3033,19.);
#3033 = AXIS2_PLACEMENT_3D('',#3034,#3035,#3036);
#3034 = CARTESIAN_POINT('',(0.,-21.,0.));
#3035 = DIRECTION('',(-0.,1.,0.));
#3036 = DIRECTION('',(1.,0.,0.));
#3037 = PCURVE('',#2935,#3038);
#3038 = DEFINITIONAL_REPRESENTATION('',(#3039),#3043);
#3039 = LINE('',#3040,#3041);
#3040 = CARTESIAN_POINT('',(-0.,0.));
#3041 = VECTOR('',#3042,1.);
#3042 = DIRECTION('',(-1.,0.));
#3043 = ( GEOMETRIC_REPRESENTATION_CONTEXT(2) 
PARAMETRIC_REPRESENTATION_CONTEXT() REPRESENTATION_CONTEXT('2D SPACE',''
  ) );
#3044 = PCURVE('',#3045,#3050);
#3045 = PLANE('',#3046);
#3046 = AXIS2_PLACEMENT_3D('',#3047,#3048,#3049);
#3047 = CARTESIAN_POINT('',(0.,-21.,0.));
#3048 = DIRECTION('',(0.,1.,0.));
#3049 = DIRECTION('',(1.,0.,0.));
#3050 = DEFINITIONAL_REPRESENTATION('',(#3051),#3055);
#3051 = CIRCLE('',#3052,19.);
#3052 = AXIS2_PLACEMENT_2D('',#3053,#3054);
#3053 = CARTESIAN_POINT('',(0.,0.));
#3054 = DIRECTION('',(1.,-0.));
#3055 = ( GEOMETRIC_REPRESENTATION_CONTEXT(2) 
PARAMETRIC_REPRESENTATION_CONTEXT() REPRESENTATION_CONTEXT('2D SPACE',''
  ) );
#3056 = ORIENTED_EDGE('',*,*,#3057,.T.);
#3057 = EDGE_CURVE('',#3029,#2919,#3058,.T.);
#3058 = SEAM_CURVE('',#3059,(#3063,#3070),.PCURVE_S1.);
#3059 = LINE('',#3060,#3061);
#3060 = CARTESIAN_POINT('',(19.,-21.,0.));
#3061 = VECTOR('',#3062,1.);
#3062 = DIRECTION('',(9.9503719021E-02,-0.99503719021,0.));
#3063 = PCURVE('',#2935,#3064);
#3064 = DEFINITIONAL_REPRESENTATION('',(#3065),#3069);
#3065 = LINE('',#3066,#3067);
#3066 = CARTESIAN_POINT('',(-0.,0.));
#3067 = VECTOR('',#3068,1.);
#3068 = DIRECTION('',(-0.,1.));
#3069 = ( GEOMETRIC_REPRESENTATION_CONTEXT(2) 
PARAMETRIC_REPRESENTATION_CONTEXT() REPRESENTATION_CONTEXT('2D SPACE',''
  ) );
#3070 = PCURVE('',#2935,#3071);
#3071 = DEFINITIONAL_REPRESENTATION('',(#3072),#3076);
#3072 = LINE('',#3073,#3074);
#3073 = CARTESIAN_POINT('',(-6.28318530718,0.));
#3074 = VECTOR('',#3075,1.);
#3075 = DIRECTION('',(-0.,1.));
#3076 = ( GEOMETRIC_REPRESENTATION_CONTEXT(2) 
PARAMETRIC_REPRESENTATION_CONTEXT() REPRESENTATION_CONTEXT('2D SPACE',''
  ) );
#3077 = ORIENTED_EDGE('',*,*,#2918,.F.);
#3078 = ORIENTED_EDGE('',*,*,#3057,.F.);
#3079 = ADVANCED_FACE('',(#3080),#3012,.T.);
#3080 = FACE_BOUND('',#3081,.T.);
#3081 = EDGE_LOOP('',(#3082,#3083,#3106,#3133));
#3082 = ORIENTED_EDGE('',*,*,#2997,.T.);
#3083 = ORIENTED_EDGE('',*,*,#3084,.T.);
#3084 = EDGE_CURVE('',#2975,#3085,#3087,.T.);
#3085 = VERTEX_POINT('',#3086);
#3086 = CARTESIAN_POINT('',(24.5,-49.,0.));
#3087 = SEAM_CURVE('',#3088,(#3092,#3099),.PCURVE_S1.);
#3088 = LINE('',#3089,#3090);
#3089 = CARTESIAN_POINT('',(28.9375,-52.,0.));
#3090 = VECTOR('',#3091,1.);
#3091 = DIRECTION('',(-0.828442648951,0.560073903516,0.));
#3092 = PCURVE('',#3012,#3093);
#3093 = DEFINITIONAL_REPRESENTATION('',(#3094),#3098);
#3094 = LINE('',#3095,#3096);
#3095 = CARTESIAN_POINT('',(-0.,-0.));
#3096 = VECTOR('',#3097,1.);
#3097 = DIRECTION('',(-0.,-1.));
#3098 = ( GEOMETRIC_REPRESENTATION_CONTEXT(2) 
PARAMETRIC_REPRESENTATION_CONTEXT() REPRESENTATION_CONTEXT('2D SPACE',''
  ) );
#3099 = PCURVE('',#3012,#3100);
#3100 = DEFINITIONAL_REPRESENTATION('',(#3101),#3105);
#3101 = LINE('',#3102,#3103);
#3102 = CARTESIAN_POINT('',(-6.28318530718,-0.));
#3103 = VECTOR('',#3104,1.);
#3104 = DIRECTION('',(-0.,-1.));
#3105 = ( GEOMETRIC_REPRESENTATION_CONTEXT(2) 
PARAMETRIC_REPRESENTATION_CONTEXT() REPRESENTATION_CONTEXT('2D SPACE',''
  ) );
#3106 = ORIENTED_EDGE('',*,*,#3107,.F.);
#3107 = EDGE_CURVE('',#3085,#3085,#3108,.T.);
#3108 = SURFACE_CURVE('',#3109,(#3114,#3121),.PCURVE_S1.);
#3109 = CIRCLE('',#3110,24.5);
#3110 = AXIS2_PLACEMENT_3D('',#3111,#3112,#3113);
#3111 = CARTESIAN_POINT('',(0.,-49.,0.));
#3112 = DIRECTION('',(-0.,1.,0.));
#3113 = DIRECTION('',(1.,0.,0.));
#3114 = PCURVE('',#3012,#3115);
#3115 = DEFINITIONAL_REPRESENTATION('',(#3116),#3120);
#3116 = LINE('',#3117,#3118);
#3117 = CARTESIAN_POINT('',(-0.,-3.));
#3118 = VECTOR('',#3119,1.);
#3119 = DIRECTION('',(-1.,-0.));
#3120 = ( GEOMETRIC_REPRESENTATION_CONTEXT(2) 
PARAMETRIC_REPRESENTATION_CONTEXT() REPRESENTATION_CONTEXT('2D SPACE',''
  ) );
#3121 = PCURVE('',#3122,#3127);
#3122 = CONICAL_SURFACE('',#3123,24.5,0.911990290677);
#3123 = AXIS2_PLACEMENT_3D('',#3124,#3125,#3126);
#3124 = CARTESIAN_POINT('',(0.,-49.,0.));
#3125 = DIRECTION('',(0.,1.,0.));
#3126 = DIRECTION('',(1.,0.,0.));
#3127 = DEFINITIONAL_REPRESENTATION('',(#3128),#3132);
#3128 = LINE('',#3129,#3130);
#3129 = CARTESIAN_POINT('',(0.,0.));
#3130 = VECTOR('',#3131,1.);
#3131 = DIRECTION('',(1.,0.));
#3132 = ( GEOMETRIC_REPRESENTATION_CONTEXT(2) 
PARAMETRIC_REPRESENTATION_CONTEXT() REPRESENTATION_CONTEXT('2D SPACE',''
  ) );
#3133 = ORIENTED_EDGE('',*,*,#3084,.F.);
#3134 = ADVANCED_FACE('',(#3135,#3166),#3045,.F.);
#3135 = FACE_BOUND('',#3136,.T.);
#3136 = EDGE_LOOP('',(#3137));
#3137 = ORIENTED_EDGE('',*,*,#3138,.T.);
#3138 = EDGE_CURVE('',#3139,#3139,#3141,.T.);
#3139 = VERTEX_POINT('',#3140);
#3140 = CARTESIAN_POINT('',(18.5,-21.,0.));
#3141 = SURFACE_CURVE('',#3142,(#3147,#3154),.PCURVE_S1.);
#3142 = CIRCLE('',#3143,18.5);
#3143 = AXIS2_PLACEMENT_3D('',#3144,#3145,#3146);
#3144 = CARTESIAN_POINT('',(0.,-21.,0.));
#3145 = DIRECTION('',(-0.,1.,0.));
#3146 = DIRECTION('',(1.,0.,0.));
#3147 = PCURVE('',#3045,#3148);
#3148 = DEFINITIONAL_REPRESENTATION('',(#3149),#3153);
#3149 = CIRCLE('',#3150,18.5);
#3150 = AXIS2_PLACEMENT_2D('',#3151,#3152);
#3151 = CARTESIAN_POINT('',(0.,0.));
#3152 = DIRECTION('',(1.,-0.));
#3153 = ( GEOMETRIC_REPRESENTATION_CONTEXT(2) 
PARAMETRIC_REPRESENTATION_CONTEXT() REPRESENTATION_CONTEXT('2D SPACE',''
  ) );
#3154 = PCURVE('',#3155,#3160);
#3155 = CONICAL_SURFACE('',#3156,24.5,0.540419500271);
#3156 = AXIS2_PLACEMENT_3D('',#3157,#3158,#3159);
#3157 = CARTESIAN_POINT('',(0.,-31.,0.));
#3158 = DIRECTION('',(-0.,-1.,-0.));
#3159 = DIRECTION('',(1.,0.,0.));
#3160 = DEFINITIONAL_REPRESENTATION('',(#3161),#3165);
#3161 = LINE('',#3162,#3163);
#3162 = CARTESIAN_POINT('',(-0.,-10.));
#3163 = VECTOR('',#3164,1.);
#3164 = DIRECTION('',(-1.,-0.));
#3165 = ( GEOMETRIC_REPRESENTATION_CONTEXT(2) 
PARAMETRIC_REPRESENTATION_CONTEXT() REPRESENTATION_CONTEXT('2D SPACE',''
  ) );
#3166 = FACE_BOUND('',#3167,.T.);
#3167 = EDGE_LOOP('',(#3168));
#3168 = ORIENTED_EDGE('',*,*,#3028,.F.);
#3169 = ADVANCED_FACE('',(#3170),#3122,.T.);
#3170 = FACE_BOUND('',#3171,.T.);
#3171 = EDGE_LOOP('',(#3172,#3173,#3196,#3223));
#3172 = ORIENTED_EDGE('',*,*,#3107,.T.);
#3173 = ORIENTED_EDGE('',*,*,#3174,.T.);
#3174 = EDGE_CURVE('',#3085,#3175,#3177,.T.);
#3175 = VERTEX_POINT('',#3176);
#3176 = CARTESIAN_POINT('',(28.375,-46.,0.));
#3177 = SEAM_CURVE('',#3178,(#3182,#3189),.PCURVE_S1.);
#3178 = LINE('',#3179,#3180);
#3179 = CARTESIAN_POINT('',(24.5,-49.,0.));
#3180 = VECTOR('',#3181,1.);
#3181 = DIRECTION('',(0.790723707614,0.612173192991,0.));
#3182 = PCURVE('',#3122,#3183);
#3183 = DEFINITIONAL_REPRESENTATION('',(#3184),#3188);
#3184 = LINE('',#3185,#3186);
#3185 = CARTESIAN_POINT('',(0.,0.));
#3186 = VECTOR('',#3187,1.);
#3187 = DIRECTION('',(0.,1.));
#3188 = ( GEOMETRIC_REPRESENTATION_CONTEXT(2) 
PARAMETRIC_REPRESENTATION_CONTEXT() REPRESENTATION_CONTEXT('2D SPACE',''
  ) );
#3189 = PCURVE('',#3122,#3190);
#3190 = DEFINITIONAL_REPRESENTATION('',(#3191),#3195);
#3191 = LINE('',#3192,#3193);
#3192 = CARTESIAN_POINT('',(6.28318530718,0.));
#3193 = VECTOR('',#3194,1.);
#3194 = DIRECTION('',(0.,1.));
#3195 = ( GEOMETRIC_REPRESENTATION_CONTEXT(2) 
PARAMETRIC_REPRESENTATION_CONTEXT() REPRESENTATION_CONTEXT('2D SPACE',''
  ) );
#3196 = ORIENTED_EDGE('',*,*,#3197,.F.);
#3197 = EDGE_CURVE('',#3175,#3175,#3198,.T.);
#3198 = SURFACE_CURVE('',#3199,(#3204,#3211),.PCURVE_S1.);
#3199 = CIRCLE('',#3200,28.375);
#3200 = AXIS2_PLACEMENT_3D('',#3201,#3202,#3203);
#3201 = CARTESIAN_POINT('',(0.,-46.,0.));
#3202 = DIRECTION('',(-0.,1.,0.));
#3203 = DIRECTION('',(1.,0.,0.));
#3204 = PCURVE('',#3122,#3205);
#3205 = DEFINITIONAL_REPRESENTATION('',(#3206),#3210);
#3206 = LINE('',#3207,#3208);
#3207 = CARTESIAN_POINT('',(0.,3.));
#3208 = VECTOR('',#3209,1.);
#3209 = DIRECTION('',(1.,0.));
#3210 = ( GEOMETRIC_REPRESENTATION_CONTEXT(2) 
PARAMETRIC_REPRESENTATION_CONTEXT() REPRESENTATION_CONTEXT('2D SPACE',''
  ) );
#3211 = PCURVE('',#3212,#3217);
#3212 = CONICAL_SURFACE('',#3213,28.375,0.911990290677);
#3213 = AXIS2_PLACEMENT_3D('',#3214,#3215,#3216);
#3214 = CARTESIAN_POINT('',(0.,-46.,0.));
#3215 = DIRECTION('',(-0.,-1.,-0.));
#3216 = DIRECTION('',(1.,0.,0.));
#3217 = DEFINITIONAL_REPRESENTATION('',(#3218),#3222);
#3218 = LINE('',#3219,#3220);
#3219 = CARTESIAN_POINT('',(-0.,-0.));
#3220 = VECTOR('',#3221,1.);
#3221 = DIRECTION('',(-1.,-0.));
#3222 = ( GEOMETRIC_REPRESENTATION_CONTEXT(2) 
PARAMETRIC_REPRESENTATION_CONTEXT() REPRESENTATION_CONTEXT('2D SPACE',''
  ) );
#3223 = ORIENTED_EDGE('',*,*,#3174,.F.);
#3224 = ADVANCED_FACE('',(#3225),#3155,.T.);
#3225 = FACE_BOUND('',#3226,.T.);
#3226 = EDGE_LOOP('',(#3227,#3256,#3277,#3278));
#3227 = ORIENTED_EDGE('',*,*,#3228,.T.);
#3228 = EDGE_CURVE('',#3229,#3229,#3231,.T.);
#3229 = VERTEX_POINT('',#3230);
#3230 = CARTESIAN_POINT('',(24.5,-31.,0.));
#3231 = SURFACE_CURVE('',#3232,(#3237,#3244),.PCURVE_S1.);
#3232 = CIRCLE('',#3233,24.5);
#3233 = AXIS2_PLACEMENT_3D('',#3234,#3235,#3236);
#3234 = CARTESIAN_POINT('',(0.,-31.,0.));
#3235 = DIRECTION('',(-0.,1.,0.));
#3236 = DIRECTION('',(1.,0.,0.));
#3237 = PCURVE('',#3155,#3238);
#3238 = DEFINITIONAL_REPRESENTATION('',(#3239),#3243);
#3239 = LINE('',#3240,#3241);
#3240 = CARTESIAN_POINT('',(-0.,-0.));
#3241 = VECTOR('',#3242,1.);
#3242 = DIRECTION('',(-1.,-0.));
#3243 = ( GEOMETRIC_REPRESENTATION_CONTEXT(2) 
PARAMETRIC_REPRESENTATION_CONTEXT() REPRESENTATION_CONTEXT('2D SPACE',''
  ) );
#3244 = PCURVE('',#3245,#3250);
#3245 = CONICAL_SURFACE('',#3246,27.25,0.741947268006);
#3246 = AXIS2_PLACEMENT_3D('',#3247,#3248,#3249);
#3247 = CARTESIAN_POINT('',(0.,-34.,0.));
#3248 = DIRECTION('',(-0.,-1.,-0.));
#3249 = DIRECTION('',(1.,0.,0.));
#3250 = DEFINITIONAL_REPRESENTATION('',(#3251),#3255);
#3251 = LINE('',#3252,#3253);
#3252 = CARTESIAN_POINT('',(-0.,-3.));
#3253 = VECTOR('',#3254,1.);
#3254 = DIRECTION('',(-1.,-0.));
#3255 = ( GEOMETRIC_REPRESENTATION_CONTEXT(2) 
PARAMETRIC_REPRESENTATION_CONTEXT() REPRESENTATION_CONTEXT('2D SPACE',''
  ) );
#3256 = ORIENTED_EDGE('',*,*,#3257,.T.);
#3257 = EDGE_CURVE('',#3229,#3139,#3258,.T.);
#3258 = SEAM_CURVE('',#3259,(#3263,#3270),.PCURVE_S1.);
#3259 = LINE('',#3260,#3261);
#3260 = CARTESIAN_POINT('',(24.5,-31.,0.));
#3261 = VECTOR('',#3262,1.);
#3262 = DIRECTION('',(-0.514495755428,0.857492925713,0.));
#3263 = PCURVE('',#3155,#3264);
#3264 = DEFINITIONAL_REPRESENTATION('',(#3265),#3269);
#3265 = LINE('',#3266,#3267);
#3266 = CARTESIAN_POINT('',(-0.,-0.));
#3267 = VECTOR('',#3268,1.);
#3268 = DIRECTION('',(-0.,-1.));
#3269 = ( GEOMETRIC_REPRESENTATION_CONTEXT(2) 
PARAMETRIC_REPRESENTATION_CONTEXT() REPRESENTATION_CONTEXT('2D SPACE',''
  ) );
#3270 = PCURVE('',#3155,#3271);
#3271 = DEFINITIONAL_REPRESENTATION('',(#3272),#3276);
#3272 = LINE('',#3273,#3274);
#3273 = CARTESIAN_POINT('',(-6.28318530718,-0.));
#3274 = VECTOR('',#3275,1.);
#3275 = DIRECTION('',(-0.,-1.));
#3276 = ( GEOMETRIC_REPRESENTATION_CONTEXT(2) 
PARAMETRIC_REPRESENTATION_CONTEXT() REPRESENTATION_CONTEXT('2D SPACE',''
  ) );
#3277 = ORIENTED_EDGE('',*,*,#3138,.F.);
#3278 = ORIENTED_EDGE('',*,*,#3257,.F.);
#3279 = ADVANCED_FACE('',(#3280),#3212,.T.);
#3280 = FACE_BOUND('',#3281,.T.);
#3281 = EDGE_LOOP('',(#3282,#3283,#3306,#3333));
#3282 = ORIENTED_EDGE('',*,*,#3197,.T.);
#3283 = ORIENTED_EDGE('',*,*,#3284,.T.);
#3284 = EDGE_CURVE('',#3175,#3285,#3287,.T.);
#3285 = VERTEX_POINT('',#3286);
#3286 = CARTESIAN_POINT('',(24.5,-43.,0.));
#3287 = SEAM_CURVE('',#3288,(#3292,#3299),.PCURVE_S1.);
#3288 = LINE('',#3289,#3290);
#3289 = CARTESIAN_POINT('',(28.375,-46.,0.));
#3290 = VECTOR('',#3291,1.);
#3291 = DIRECTION('',(-0.790723707614,0.612173192991,0.));
#3292 = PCURVE('',#3212,#3293);
#3293 = DEFINITIONAL_REPRESENTATION('',(#3294),#3298);
#3294 = LINE('',#3295,#3296);
#3295 = CARTESIAN_POINT('',(-0.,-0.));
#3296 = VECTOR('',#3297,1.);
#3297 = DIRECTION('',(-0.,-1.));
#3298 = ( GEOMETRIC_REPRESENTATION_CONTEXT(2) 
PARAMETRIC_REPRESENTATION_CONTEXT() REPRESENTATION_CONTEXT('2D SPACE',''
  ) );
#3299 = PCURVE('',#3212,#3300);
#3300 = DEFINITIONAL_REPRESENTATION('',(#3301),#3305);
#3301 = LINE('',#3302,#3303);
#3302 = CARTESIAN_POINT('',(-6.28318530718,-0.));
#3303 = VECTOR('',#3304,1.);
#3304 = DIRECTION('',(-0.,-1.));
#3305 = ( GEOMETRIC_REPRESENTATION_CONTEXT(2) 
PARAMETRIC_REPRESENTATION_CONTEXT() REPRESENTATION_CONTEXT('2D SPACE',''
  ) );
#3306 = ORIENTED_EDGE('',*,*,#3307,.F.);
#3307 = EDGE_CURVE('',#3285,#3285,#3308,.T.);
#3308 = SURFACE_CURVE('',#3309,(#3314,#3321),.PCURVE_S1.);
#3309 = CIRCLE('',#3310,24.5);
#3310 = AXIS2_PLACEMENT_3D('',#3311,#3312,#3313);
#3311 = CARTESIAN_POINT('',(0.,-43.,0.));
#3312 = DIRECTION('',(-0.,1.,0.));
#3313 = DIRECTION('',(1.,0.,0.));
#3314 = PCURVE('',#3212,#3315);
#3315 = DEFINITIONAL_REPRESENTATION('',(#3316),#3320);
#3316 = LINE('',#3317,#3318);
#3317 = CARTESIAN_POINT('',(-0.,-3.));
#3318 = VECTOR('',#3319,1.);
#3319 = DIRECTION('',(-1.,-0.));
#3320 = ( GEOMETRIC_REPRESENTATION_CONTEXT(2) 
PARAMETRIC_REPRESENTATION_CONTEXT() REPRESENTATION_CONTEXT('2D SPACE',''
  ) );
#3321 = PCURVE('',#3322,#3327);
#3322 = CONICAL_SURFACE('',#3323,24.5,0.834862731999);
#3323 = AXIS2_PLACEMENT_3D('',#3324,#3325,#3326);
#3324 = CARTESIAN_POINT('',(0.,-43.,0.));
#3325 = DIRECTION('',(0.,1.,0.));
#3326 = DIRECTION('',(1.,0.,0.));
#3327 = DEFINITIONAL_REPRESENTATION('',(#3328),#3332);
#3328 = LINE('',#3329,#3330);
#3329 = CARTESIAN_POINT('',(0.,0.));
#3330 = VECTOR('',#3331,1.);
#3331 = DIRECTION('',(1.,0.));
#3332 = ( GEOMETRIC_REPRESENTATION_CONTEXT(2) 
PARAMETRIC_REPRESENTATION_CONTEXT() REPRESENTATION_CONTEXT('2D SPACE',''
  ) );
#3333 = ORIENTED_EDGE('',*,*,#3284,.F.);
#3334 = ADVANCED_FACE('',(#3335),#3245,.T.);
#3335 = FACE_BOUND('',#3336,.T.);
#3336 = EDGE_LOOP('',(#3337,#3366,#3387,#3388));
#3337 = ORIENTED_EDGE('',*,*,#3338,.T.);
#3338 = EDGE_CURVE('',#3339,#3339,#3341,.T.);
#3339 = VERTEX_POINT('',#3340);
#3340 = CARTESIAN_POINT('',(27.25,-34.,0.));
#3341 = SURFACE_CURVE('',#3342,(#3347,#3354),.PCURVE_S1.);
#3342 = CIRCLE('',#3343,27.25);
#3343 = AXIS2_PLACEMENT_3D('',#3344,#3345,#3346);
#3344 = CARTESIAN_POINT('',(0.,-34.,0.));
#3345 = DIRECTION('',(-0.,1.,0.));
#3346 = DIRECTION('',(1.,0.,0.));
#3347 = PCURVE('',#3245,#3348);
#3348 = DEFINITIONAL_REPRESENTATION('',(#3349),#3353);
#3349 = LINE('',#3350,#3351);
#3350 = CARTESIAN_POINT('',(-0.,-0.));
#3351 = VECTOR('',#3352,1.);
#3352 = DIRECTION('',(-1.,-0.));
#3353 = ( GEOMETRIC_REPRESENTATION_CONTEXT(2) 
PARAMETRIC_REPRESENTATION_CONTEXT() REPRESENTATION_CONTEXT('2D SPACE',''
  ) );
#3354 = PCURVE('',#3355,#3360);
#3355 = CONICAL_SURFACE('',#3356,24.5,0.741947268006);
#3356 = AXIS2_PLACEMENT_3D('',#3357,#3358,#3359);
#3357 = CARTESIAN_POINT('',(0.,-37.,0.));
#3358 = DIRECTION('',(0.,1.,0.));
#3359 = DIRECTION('',(1.,0.,0.));
#3360 = DEFINITIONAL_REPRESENTATION('',(#3361),#3365);
#3361 = LINE('',#3362,#3363);
#3362 = CARTESIAN_POINT('',(0.,3.));
#3363 = VECTOR('',#3364,1.);
#3364 = DIRECTION('',(1.,0.));
#3365 = ( GEOMETRIC_REPRESENTATION_CONTEXT(2) 
PARAMETRIC_REPRESENTATION_CONTEXT() REPRESENTATION_CONTEXT('2D SPACE',''
  ) );
#3366 = ORIENTED_EDGE('',*,*,#3367,.T.);
#3367 = EDGE_CURVE('',#3339,#3229,#3368,.T.);
#3368 = SEAM_CURVE('',#3369,(#3373,#3380),.PCURVE_S1.);
#3369 = LINE('',#3370,#3371);
#3370 = CARTESIAN_POINT('',(27.25,-34.,0.));
#3371 = VECTOR('',#3372,1.);
#3372 = DIRECTION('',(-0.675724628517,0.737154140201,0.));
#3373 = PCURVE('',#3245,#3374);
#3374 = DEFINITIONAL_REPRESENTATION('',(#3375),#3379);
#3375 = LINE('',#3376,#3377);
#3376 = CARTESIAN_POINT('',(-0.,-0.));
#3377 = VECTOR('',#3378,1.);
#3378 = DIRECTION('',(-0.,-1.));
#3379 = ( GEOMETRIC_REPRESENTATION_CONTEXT(2) 
PARAMETRIC_REPRESENTATION_CONTEXT() REPRESENTATION_CONTEXT('2D SPACE',''
  ) );
#3380 = PCURVE('',#3245,#3381);
#3381 = DEFINITIONAL_REPRESENTATION('',(#3382),#3386);
#3382 = LINE('',#3383,#3384);
#3383 = CARTESIAN_POINT('',(-6.28318530718,-0.));
#3384 = VECTOR('',#3385,1.);
#3385 = DIRECTION('',(-0.,-1.));
#3386 = ( GEOMETRIC_REPRESENTATION_CONTEXT(2) 
PARAMETRIC_REPRESENTATION_CONTEXT() REPRESENTATION_CONTEXT('2D SPACE',''
  ) );
#3387 = ORIENTED_EDGE('',*,*,#3228,.F.);
#3388 = ORIENTED_EDGE('',*,*,#3367,.F.);
#3389 = ADVANCED_FACE('',(#3390),#3322,.T.);
#3390 = FACE_BOUND('',#3391,.T.);
#3391 = EDGE_LOOP('',(#3392,#3393,#3416,#3443));
#3392 = ORIENTED_EDGE('',*,*,#3307,.T.);
#3393 = ORIENTED_EDGE('',*,*,#3394,.T.);
#3394 = EDGE_CURVE('',#3285,#3395,#3397,.T.);
#3395 = VERTEX_POINT('',#3396);
#3396 = CARTESIAN_POINT('',(27.8125,-40.,0.));
#3397 = SEAM_CURVE('',#3398,(#3402,#3409),.PCURVE_S1.);
#3398 = LINE('',#3399,#3400);
#3399 = CARTESIAN_POINT('',(24.5,-43.,0.));
#3400 = VECTOR('',#3401,1.);
#3401 = DIRECTION('',(0.741204373525,0.671279432626,0.));
#3402 = PCURVE('',#3322,#3403);
#3403 = DEFINITIONAL_REPRESENTATION('',(#3404),#3408);
#3404 = LINE('',#3405,#3406);
#3405 = CARTESIAN_POINT('',(0.,0.));
#3406 = VECTOR('',#3407,1.);
#3407 = DIRECTION('',(0.,1.));
#3408 = ( GEOMETRIC_REPRESENTATION_CONTEXT(2) 
PARAMETRIC_REPRESENTATION_CONTEXT() REPRESENTATION_CONTEXT('2D SPACE',''
  ) );
#3409 = PCURVE('',#3322,#3410);
#3410 = DEFINITIONAL_REPRESENTATION('',(#3411),#3415);
#3411 = LINE('',#3412,#3413);
#3412 = CARTESIAN_POINT('',(6.28318530718,0.));
#3413 = VECTOR('',#3414,1.);
#3414 = DIRECTION('',(0.,1.));
#3415 = ( GEOMETRIC_REPRESENTATION_CONTEXT(2) 
PARAMETRIC_REPRESENTATION_CONTEXT() REPRESENTATION_CONTEXT('2D SPACE',''
  ) );
#3416 = ORIENTED_EDGE('',*,*,#3417,.F.);
#3417 = EDGE_CURVE('',#3395,#3395,#3418,.T.);
#3418 = SURFACE_CURVE('',#3419,(#3424,#3431),.PCURVE_S1.);
#3419 = CIRCLE('',#3420,27.8125);
#3420 = AXIS2_PLACEMENT_3D('',#3421,#3422,#3423);
#3421 = CARTESIAN_POINT('',(0.,-40.,0.));
#3422 = DIRECTION('',(-0.,1.,0.));
#3423 = DIRECTION('',(1.,0.,0.));
#3424 = PCURVE('',#3322,#3425);
#3425 = DEFINITIONAL_REPRESENTATION('',(#3426),#3430);
#3426 = LINE('',#3427,#3428);
#3427 = CARTESIAN_POINT('',(0.,3.));
#3428 = VECTOR('',#3429,1.);
#3429 = DIRECTION('',(1.,0.));
#3430 = ( GEOMETRIC_REPRESENTATION_CONTEXT(2) 
PARAMETRIC_REPRESENTATION_CONTEXT() REPRESENTATION_CONTEXT('2D SPACE',''
  ) );
#3431 = PCURVE('',#3432,#3437);
#3432 = CONICAL_SURFACE('',#3433,27.8125,0.834862731999);
#3433 = AXIS2_PLACEMENT_3D('',#3434,#3435,#3436);
#3434 = CARTESIAN_POINT('',(0.,-40.,0.));
#3435 = DIRECTION('',(-0.,-1.,-0.));
#3436 = DIRECTION('',(1.,0.,0.));
#3437 = DEFINITIONAL_REPRESENTATION('',(#3438),#3442);
#3438 = LINE('',#3439,#3440);
#3439 = CARTESIAN_POINT('',(-0.,-0.));
#3440 = VECTOR('',#3441,1.);
#3441 = DIRECTION('',(-1.,-0.));
#3442 = ( GEOMETRIC_REPRESENTATION_CONTEXT(2) 
PARAMETRIC_REPRESENTATION_CONTEXT() REPRESENTATION_CONTEXT('2D SPACE',''
  ) );
#3443 = ORIENTED_EDGE('',*,*,#3394,.F.);
#3444 = ADVANCED_FACE('',(#3445),#3355,.T.);
#3445 = FACE_BOUND('',#3446,.T.);
#3446 = EDGE_LOOP('',(#3447,#3471,#3492,#3493));
#3447 = ORIENTED_EDGE('',*,*,#3448,.T.);
#3448 = EDGE_CURVE('',#3449,#3449,#3451,.T.);
#3449 = VERTEX_POINT('',#3450);
#3450 = CARTESIAN_POINT('',(24.5,-37.,0.));
#3451 = SURFACE_CURVE('',#3452,(#3457,#3464),.PCURVE_S1.);
#3452 = CIRCLE('',#3453,24.5);
#3453 = AXIS2_PLACEMENT_3D('',#3454,#3455,#3456);
#3454 = CARTESIAN_POINT('',(0.,-37.,0.));
#3455 = DIRECTION('',(-0.,1.,0.));
#3456 = DIRECTION('',(1.,0.,0.));
#3457 = PCURVE('',#3355,#3458);
#3458 = DEFINITIONAL_REPRESENTATION('',(#3459),#3463);
#3459 = LINE('',#3460,#3461);
#3460 = CARTESIAN_POINT('',(0.,0.));
#3461 = VECTOR('',#3462,1.);
#3462 = DIRECTION('',(1.,0.));
#3463 = ( GEOMETRIC_REPRESENTATION_CONTEXT(2) 
PARAMETRIC_REPRESENTATION_CONTEXT() REPRESENTATION_CONTEXT('2D SPACE',''
  ) );
#3464 = PCURVE('',#3432,#3465);
#3465 = DEFINITIONAL_REPRESENTATION('',(#3466),#3470);
#3466 = LINE('',#3467,#3468);
#3467 = CARTESIAN_POINT('',(-0.,-3.));
#3468 = VECTOR('',#3469,1.);
#3469 = DIRECTION('',(-1.,-0.));
#3470 = ( GEOMETRIC_REPRESENTATION_CONTEXT(2) 
PARAMETRIC_REPRESENTATION_CONTEXT() REPRESENTATION_CONTEXT('2D SPACE',''
  ) );
#3471 = ORIENTED_EDGE('',*,*,#3472,.T.);
#3472 = EDGE_CURVE('',#3449,#3339,#3473,.T.);
#3473 = SEAM_CURVE('',#3474,(#3478,#3485),.PCURVE_S1.);
#3474 = LINE('',#3475,#3476);
#3475 = CARTESIAN_POINT('',(24.5,-37.,0.));
#3476 = VECTOR('',#3477,1.);
#3477 = DIRECTION('',(0.675724628517,0.737154140201,0.));
#3478 = PCURVE('',#3355,#3479);
#3479 = DEFINITIONAL_REPRESENTATION('',(#3480),#3484);
#3480 = LINE('',#3481,#3482);
#3481 = CARTESIAN_POINT('',(0.,0.));
#3482 = VECTOR('',#3483,1.);
#3483 = DIRECTION('',(0.,1.));
#3484 = ( GEOMETRIC_REPRESENTATION_CONTEXT(2) 
PARAMETRIC_REPRESENTATION_CONTEXT() REPRESENTATION_CONTEXT('2D SPACE',''
  ) );
#3485 = PCURVE('',#3355,#3486);
#3486 = DEFINITIONAL_REPRESENTATION('',(#3487),#3491);
#3487 = LINE('',#3488,#3489);
#3488 = CARTESIAN_POINT('',(6.28318530718,0.));
#3489 = VECTOR('',#3490,1.);
#3490 = DIRECTION('',(0.,1.));
#3491 = ( GEOMETRIC_REPRESENTATION_CONTEXT(2) 
PARAMETRIC_REPRESENTATION_CONTEXT() REPRESENTATION_CONTEXT('2D SPACE',''
  ) );
#3492 = ORIENTED_EDGE('',*,*,#3338,.F.);
#3493 = ORIENTED_EDGE('',*,*,#3472,.F.);
#3494 = ADVANCED_FACE('',(#3495),#3432,.T.);
#3495 = FACE_BOUND('',#3496,.T.);
#3496 = EDGE_LOOP('',(#3497,#3498,#3519,#3520));
#3497 = ORIENTED_EDGE('',*,*,#3417,.T.);
#3498 = ORIENTED_EDGE('',*,*,#3499,.T.);
#3499 = EDGE_CURVE('',#3395,#3449,#3500,.T.);
#3500 = SEAM_CURVE('',#3501,(#3505,#3512),.PCURVE_S1.);
#3501 = LINE('',#3502,#3503);
#3502 = CARTESIAN_POINT('',(27.8125,-40.,0.));
#3503 = VECTOR('',#3504,1.);
#3504 = DIRECTION('',(-0.741204373525,0.671279432626,0.));
#3505 = PCURVE('',#3432,#3506);
#3506 = DEFINITIONAL_REPRESENTATION('',(#3507),#3511);
#3507 = LINE('',#3508,#3509);
#3508 = CARTESIAN_POINT('',(-0.,-0.));
#3509 = VECTOR('',#3510,1.);
#3510 = DIRECTION('',(-0.,-1.));
#3511 = ( GEOMETRIC_REPRESENTATION_CONTEXT(2) 
PARAMETRIC_REPRESENTATION_CONTEXT() REPRESENTATION_CONTEXT('2D SPACE',''
  ) );
#3512 = PCURVE('',#3432,#3513);
#3513 = DEFINITIONAL_REPRESENTATION('',(#3514),#3518);
#3514 = LINE('',#3515,#3516);
#3515 = CARTESIAN_POINT('',(-6.28318530718,-0.));
#3516 = VECTOR('',#3517,1.);
#3517 = DIRECTION('',(-0.,-1.));
#3518 = ( GEOMETRIC_REPRESENTATION_CONTEXT(2) 
PARAMETRIC_REPRESENTATION_CONTEXT() REPRESENTATION_CONTEXT('2D SPACE',''
  ) );
#3519 = ORIENTED_EDGE('',*,*,#3448,.F.);
#3520 = ORIENTED_EDGE('',*,*,#3499,.F.);
#3521 = ( GEOMETRIC_REPRESENTATION_CONTEXT(3) 
GLOBAL_UNCERTAINTY_ASSIGNED_CONTEXT((#3525)) 
GLOBAL_UNIT_ASSIGNED_CONTEXT((#3522,#3523,#3524)) REPRESENTATION_CONTEXT
('Context #1','3D Context with UNIT and UNCERTAINTY') );
#3522 = ( LENGTH_UNIT() NAMED_UNIT(*) SI_UNIT(.MILLI.,.METRE.) );
#3523 = ( NAMED_UNIT(*) PLANE_ANGLE_UNIT() SI_UNIT($,.RADIAN.) );
#3524 = ( NAMED_UNIT(*) SI_UNIT($,.STERADIAN.) SOLID_ANGLE_UNIT() );
#3525 = UNCERTAINTY_MEASURE_WITH_UNIT(LENGTH_MEASURE(2.E-04),#3522,
  'distance_accuracy_value','confusion accuracy');
#3526 = PRODUCT_RELATED_PRODUCT_CATEGORY('part',$,(#7));
ENDSEC;
END-ISO-10303-21;
