ISO-10303-21;
HEADER;
FILE_DESCRIPTION(('Open CASCADE Model'),'2;1');
FILE_NAME('Open CASCADE Shape Model','2026-06-14T11:13:52',('Author'),(
    'Open CASCADE'),'Open CASCADE STEP processor 7.8','Open CASCADE 7.8'
  ,'Unknown');
FILE_SCHEMA(('AUTOMOTIVE_DESIGN { 1 0 10303 214 1 1 1 1 }'));
ENDSEC;
DATA;
#1 = APPLICATION_PROTOCOL_DEFINITION('international standard',
  'automotive_design',2000,#2);
#2 = APPLICATION_CONTEXT(
  'core data for automotive mechanical design processes');
#3 = SHAPE_DEFINITION_REPRESENTATION(#4,#10);
#4 = PRODUCT_DEFINITION_SHAPE('','',#5);
#5 = PRODUCT_DEFINITION('design','',#6,#9);
#6 = PRODUCT_DEFINITION_FORMATION('','',#7);
#7 = PRODUCT('Open CASCADE STEP translator 7.8 1',
  'Open CASCADE STEP translator 7.8 1','',(#8));
#8 = PRODUCT_CONTEXT('',#2,'mechanical');
#9 = PRODUCT_DEFINITION_CONTEXT('part definition',#2,'design');
#10 = ADVANCED_BREP_SHAPE_REPRESENTATION('',(#11,#15),#8452);
#11 = AXIS2_PLACEMENT_3D('',#12,#13,#14);
#12 = CARTESIAN_POINT('',(0.,0.,0.));
#13 = DIRECTION('',(0.,0.,1.));
#14 = DIRECTION('',(1.,0.,-0.));
#15 = MANIFOLD_SOLID_BREP('',#16);
#16 = CLOSED_SHELL('',(#17,#178,#213,#269,#324,#379,#438,#497,#532,#995,
    #1050,#1225,#1352,#1402,#1457,#1511,#1566,#1620,#1675,#1729,#1784,
    #1911,#2023,#2078,#2133,#2188,#2227,#2281,#2490,#2890,#2917,#2944,
    #2971,#2998,#3025,#3052,#3079,#3086,#3113,#3231,#3613,#3995,#4377,
    #4436,#4463,#4490,#4497,#4681,#4902,#5184,#5400,#5503,#5638,#5713,
    #5761,#6030,#6078,#6127,#6154,#6202,#6251,#6278,#6305,#6380,#6428,
    #6673,#6721,#6770,#6797,#6845,#6894,#6921,#6948,#7023,#7071,#7316,
    #7364,#7413,#7440,#7488,#7537,#7564,#7591,#7626,#7653,#7700,#7892,
    #7927,#7952,#8001,#8049,#8076,#8083,#8118,#8153,#8160,#8167,#8174,
    #8202,#8209,#8216,#8223,#8250,#8257,#8264,#8271,#8298,#8353,#8391,
    #8425));
#17 = ADVANCED_FACE('',(#18),#31,.F.);
#18 = FACE_BOUND('',#19,.F.);
#19 = EDGE_LOOP('',(#20,#54,#77,#101,#124,#153,#175,#176,#177));
#20 = ORIENTED_EDGE('',*,*,#21,.T.);
#21 = EDGE_CURVE('',#22,#22,#24,.T.);
#22 = VERTEX_POINT('',#23);
#23 = CARTESIAN_POINT('',(23.45,-84.2,0.));
#24 = SURFACE_CURVE('',#25,(#30,#42),.PCURVE_S1.);
#25 = CIRCLE('',#26,23.45);
#26 = AXIS2_PLACEMENT_3D('',#27,#28,#29);
#27 = CARTESIAN_POINT('',(0.,-84.2,0.));
#28 = DIRECTION('',(-0.,1.,0.));
#29 = DIRECTION('',(1.,0.,0.));
#30 = PCURVE('',#31,#36);
#31 = CYLINDRICAL_SURFACE('',#32,23.45);
#32 = AXIS2_PLACEMENT_3D('',#33,#34,#35);
#33 = CARTESIAN_POINT('',(3.802406489119E-12,-58.25,6.459472041225E-25)
  );
#34 = DIRECTION('',(1.692610984585E-13,1.,2.875382567036E-26));
#35 = DIRECTION('',(-1.716961350511E-13,3.076507494676E-28,1.));
#36 = DEFINITIONAL_REPRESENTATION('',(#37),#41);
#37 = LINE('',#38,#39);
#38 = CARTESIAN_POINT('',(1.570796326795,-25.95));
#39 = VECTOR('',#40,1.);
#40 = DIRECTION('',(1.,0.));
#41 = ( GEOMETRIC_REPRESENTATION_CONTEXT(2) 
PARAMETRIC_REPRESENTATION_CONTEXT() REPRESENTATION_CONTEXT('2D SPACE',''
  ) );
#42 = PCURVE('',#43,#48);
#43 = PLANE('',#44);
#44 = AXIS2_PLACEMENT_3D('',#45,#46,#47);
#45 = CARTESIAN_POINT('',(0.,-84.2,0.));
#46 = DIRECTION('',(0.,1.,0.));
#47 = DIRECTION('',(1.,0.,0.));
#48 = DEFINITIONAL_REPRESENTATION('',(#49),#53);
#49 = CIRCLE('',#50,23.45);
#50 = AXIS2_PLACEMENT_2D('',#51,#52);
#51 = CARTESIAN_POINT('',(0.,0.));
#52 = DIRECTION('',(1.,0.));
#53 = ( GEOMETRIC_REPRESENTATION_CONTEXT(2) 
PARAMETRIC_REPRESENTATION_CONTEXT() REPRESENTATION_CONTEXT('2D SPACE',''
  ) );
#54 = ORIENTED_EDGE('',*,*,#55,.T.);
#55 = EDGE_CURVE('',#22,#56,#58,.T.);
#56 = VERTEX_POINT('',#57);
#57 = CARTESIAN_POINT('',(23.450000000002,-59.2,8.862830030501E-13));
#58 = SEAM_CURVE('',#59,(#63,#70),.PCURVE_S1.);
#59 = LINE('',#60,#61);
#60 = CARTESIAN_POINT('',(23.45,-84.2,0.));
#61 = VECTOR('',#62,1.);
#62 = DIRECTION('',(0.,1.,0.));
#63 = PCURVE('',#31,#64);
#64 = DEFINITIONAL_REPRESENTATION('',(#65),#69);
#65 = LINE('',#66,#67);
#66 = CARTESIAN_POINT('',(7.853981633975,-25.95));
#67 = VECTOR('',#68,1.);
#68 = DIRECTION('',(0.,1.));
#69 = ( GEOMETRIC_REPRESENTATION_CONTEXT(2) 
PARAMETRIC_REPRESENTATION_CONTEXT() REPRESENTATION_CONTEXT('2D SPACE',''
  ) );
#70 = PCURVE('',#31,#71);
#71 = DEFINITIONAL_REPRESENTATION('',(#72),#76);
#72 = LINE('',#73,#74);
#73 = CARTESIAN_POINT('',(1.570796326795,-25.95));
#74 = VECTOR('',#75,1.);
#75 = DIRECTION('',(0.,1.));
#76 = ( GEOMETRIC_REPRESENTATION_CONTEXT(2) 
PARAMETRIC_REPRESENTATION_CONTEXT() REPRESENTATION_CONTEXT('2D SPACE',''
  ) );
#77 = ORIENTED_EDGE('',*,*,#78,.T.);
#78 = EDGE_CURVE('',#56,#79,#81,.T.);
#79 = VERTEX_POINT('',#80);
#80 = CARTESIAN_POINT('',(7.665011015787E-12,-59.2,-23.45));
#81 = SEAM_CURVE('',#82,(#87,#94),.PCURVE_S1.);
#82 = CIRCLE('',#83,23.45);
#83 = AXIS2_PLACEMENT_3D('',#84,#85,#86);
#84 = CARTESIAN_POINT('',(3.641608445583E-12,-59.2,6.186310697356E-25));
#85 = DIRECTION('',(-1.692610984585E-13,-1.,-2.875382567036E-26));
#86 = DIRECTION('',(-1.716961350511E-13,3.076507494676E-28,1.));
#87 = PCURVE('',#31,#88);
#88 = DEFINITIONAL_REPRESENTATION('',(#89),#93);
#89 = LINE('',#90,#91);
#90 = CARTESIAN_POINT('',(12.566370614359,-0.95));
#91 = VECTOR('',#92,1.);
#92 = DIRECTION('',(-1.,0.));
#93 = ( GEOMETRIC_REPRESENTATION_CONTEXT(2) 
PARAMETRIC_REPRESENTATION_CONTEXT() REPRESENTATION_CONTEXT('2D SPACE',''
  ) );
#94 = PCURVE('',#31,#95);
#95 = DEFINITIONAL_REPRESENTATION('',(#96),#100);
#96 = LINE('',#97,#98);
#97 = CARTESIAN_POINT('',(6.28318530718,-0.95));
#98 = VECTOR('',#99,1.);
#99 = DIRECTION('',(-1.,0.));
#100 = ( GEOMETRIC_REPRESENTATION_CONTEXT(2) 
PARAMETRIC_REPRESENTATION_CONTEXT() REPRESENTATION_CONTEXT('2D SPACE',''
  ) );
#101 = ORIENTED_EDGE('',*,*,#102,.F.);
#102 = EDGE_CURVE('',#103,#79,#105,.T.);
#103 = VERTEX_POINT('',#104);
#104 = CARTESIAN_POINT('',(7.859661279015E-12,-58.05,-23.45));
#105 = SEAM_CURVE('',#106,(#110,#117),.PCURVE_S1.);
#106 = LINE('',#107,#108);
#107 = CARTESIAN_POINT('',(7.859661279015E-12,-58.05,-23.45));
#108 = VECTOR('',#109,1.);
#109 = DIRECTION('',(-1.692610984585E-13,-1.,0.));
#110 = PCURVE('',#31,#111);
#111 = DEFINITIONAL_REPRESENTATION('',(#112),#116);
#112 = LINE('',#113,#114);
#113 = CARTESIAN_POINT('',(3.14159265359,0.2));
#114 = VECTOR('',#115,1.);
#115 = DIRECTION('',(0.,-1.));
#116 = ( GEOMETRIC_REPRESENTATION_CONTEXT(2) 
PARAMETRIC_REPRESENTATION_CONTEXT() REPRESENTATION_CONTEXT('2D SPACE',''
  ) );
#117 = PCURVE('',#31,#118);
#118 = DEFINITIONAL_REPRESENTATION('',(#119),#123);
#119 = LINE('',#120,#121);
#120 = CARTESIAN_POINT('',(-3.14159265359,0.2));
#121 = VECTOR('',#122,1.);
#122 = DIRECTION('',(0.,-1.));
#123 = ( GEOMETRIC_REPRESENTATION_CONTEXT(2) 
PARAMETRIC_REPRESENTATION_CONTEXT() REPRESENTATION_CONTEXT('2D SPACE',''
  ) );
#124 = ORIENTED_EDGE('',*,*,#125,.F.);
#125 = EDGE_CURVE('',#126,#103,#128,.T.);
#126 = VERTEX_POINT('',#127);
#127 = CARTESIAN_POINT('',(-2.871796744001E-15,-58.05,23.45));
#128 = SURFACE_CURVE('',#129,(#134,#141),.PCURVE_S1.);
#129 = CIRCLE('',#130,23.45);
#130 = AXIS2_PLACEMENT_3D('',#131,#132,#133);
#131 = CARTESIAN_POINT('',(3.83625870881E-12,-58.05,6.516979692565E-25)
  );
#132 = DIRECTION('',(1.692610984585E-13,1.,2.875382567036E-26));
#133 = DIRECTION('',(-1.716961350511E-13,3.076507494676E-28,1.));
#134 = PCURVE('',#31,#135);
#135 = DEFINITIONAL_REPRESENTATION('',(#136),#140);
#136 = LINE('',#137,#138);
#137 = CARTESIAN_POINT('',(0.,0.2));
#138 = VECTOR('',#139,1.);
#139 = DIRECTION('',(1.,0.));
#140 = ( GEOMETRIC_REPRESENTATION_CONTEXT(2) 
PARAMETRIC_REPRESENTATION_CONTEXT() REPRESENTATION_CONTEXT('2D SPACE',''
  ) );
#141 = PCURVE('',#142,#147);
#142 = CONICAL_SURFACE('',#143,27.5,0.785398163397);
#143 = AXIS2_PLACEMENT_3D('',#144,#145,#146);
#144 = CARTESIAN_POINT('',(0.,-54.,0.));
#145 = DIRECTION('',(0.,1.,0.));
#146 = DIRECTION('',(0.,0.,-1.));
#147 = DEFINITIONAL_REPRESENTATION('',(#148),#152);
#148 = LINE('',#149,#150);
#149 = CARTESIAN_POINT('',(3.14159265359,-4.05));
#150 = VECTOR('',#151,1.);
#151 = DIRECTION('',(1.,0.));
#152 = ( GEOMETRIC_REPRESENTATION_CONTEXT(2) 
PARAMETRIC_REPRESENTATION_CONTEXT() REPRESENTATION_CONTEXT('2D SPACE',''
  ) );
#153 = ORIENTED_EDGE('',*,*,#154,.F.);
#154 = EDGE_CURVE('',#103,#126,#155,.T.);
#155 = SURFACE_CURVE('',#156,(#161,#168),.PCURVE_S1.);
#156 = CIRCLE('',#157,23.45);
#157 = AXIS2_PLACEMENT_3D('',#158,#159,#160);
#158 = CARTESIAN_POINT('',(3.83625870881E-12,-58.05,6.516979692565E-25)
  );
#159 = DIRECTION('',(1.692610984585E-13,1.,2.875382567036E-26));
#160 = DIRECTION('',(-1.716961350511E-13,3.076507494676E-28,1.));
#161 = PCURVE('',#31,#162);
#162 = DEFINITIONAL_REPRESENTATION('',(#163),#167);
#163 = LINE('',#164,#165);
#164 = CARTESIAN_POINT('',(-6.28318530718,0.2));
#165 = VECTOR('',#166,1.);
#166 = DIRECTION('',(1.,0.));
#167 = ( GEOMETRIC_REPRESENTATION_CONTEXT(2) 
PARAMETRIC_REPRESENTATION_CONTEXT() REPRESENTATION_CONTEXT('2D SPACE',''
  ) );
#168 = PCURVE('',#142,#169);
#169 = DEFINITIONAL_REPRESENTATION('',(#170),#174);
#170 = LINE('',#171,#172);
#171 = CARTESIAN_POINT('',(3.14159265359,-4.05));
#172 = VECTOR('',#173,1.);
#173 = DIRECTION('',(1.,0.));
#174 = ( GEOMETRIC_REPRESENTATION_CONTEXT(2) 
PARAMETRIC_REPRESENTATION_CONTEXT() REPRESENTATION_CONTEXT('2D SPACE',''
  ) );
#175 = ORIENTED_EDGE('',*,*,#102,.T.);
#176 = ORIENTED_EDGE('',*,*,#78,.F.);
#177 = ORIENTED_EDGE('',*,*,#55,.F.);
#178 = ADVANCED_FACE('',(#179,#210),#43,.F.);
#179 = FACE_BOUND('',#180,.F.);
#180 = EDGE_LOOP('',(#181));
#181 = ORIENTED_EDGE('',*,*,#182,.T.);
#182 = EDGE_CURVE('',#183,#183,#185,.T.);
#183 = VERTEX_POINT('',#184);
#184 = CARTESIAN_POINT('',(27.2,-84.2,0.));
#185 = SURFACE_CURVE('',#186,(#191,#198),.PCURVE_S1.);
#186 = CIRCLE('',#187,27.2);
#187 = AXIS2_PLACEMENT_3D('',#188,#189,#190);
#188 = CARTESIAN_POINT('',(0.,-84.2,0.));
#189 = DIRECTION('',(-0.,1.,0.));
#190 = DIRECTION('',(1.,0.,0.));
#191 = PCURVE('',#43,#192);
#192 = DEFINITIONAL_REPRESENTATION('',(#193),#197);
#193 = CIRCLE('',#194,27.2);
#194 = AXIS2_PLACEMENT_2D('',#195,#196);
#195 = CARTESIAN_POINT('',(0.,0.));
#196 = DIRECTION('',(1.,0.));
#197 = ( GEOMETRIC_REPRESENTATION_CONTEXT(2) 
PARAMETRIC_REPRESENTATION_CONTEXT() REPRESENTATION_CONTEXT('2D SPACE',''
  ) );
#198 = PCURVE('',#199,#204);
#199 = CONICAL_SURFACE('',#200,29.2,0.785398163397);
#200 = AXIS2_PLACEMENT_3D('',#201,#202,#203);
#201 = CARTESIAN_POINT('',(0.,-82.2,0.));
#202 = DIRECTION('',(0.,1.,0.));
#203 = DIRECTION('',(1.,-0.,0.));
#204 = DEFINITIONAL_REPRESENTATION('',(#205),#209);
#205 = LINE('',#206,#207);
#206 = CARTESIAN_POINT('',(0.,-2.));
#207 = VECTOR('',#208,1.);
#208 = DIRECTION('',(1.,-0.));
#209 = ( GEOMETRIC_REPRESENTATION_CONTEXT(2) 
PARAMETRIC_REPRESENTATION_CONTEXT() REPRESENTATION_CONTEXT('2D SPACE',''
  ) );
#210 = FACE_BOUND('',#211,.F.);
#211 = EDGE_LOOP('',(#212));
#212 = ORIENTED_EDGE('',*,*,#21,.F.);
#213 = ADVANCED_FACE('',(#214),#142,.F.);
#214 = FACE_BOUND('',#215,.F.);
#215 = EDGE_LOOP('',(#216,#239,#266,#267,#268));
#216 = ORIENTED_EDGE('',*,*,#217,.T.);
#217 = EDGE_CURVE('',#126,#218,#220,.T.);
#218 = VERTEX_POINT('',#219);
#219 = CARTESIAN_POINT('',(-3.551475717527E-15,-52.5,29.));
#220 = SEAM_CURVE('',#221,(#225,#232),.PCURVE_S1.);
#221 = LINE('',#222,#223);
#222 = CARTESIAN_POINT('',(-3.367778697655E-15,-54.,27.5));
#223 = VECTOR('',#224,1.);
#224 = DIRECTION('',(-8.659560562355E-17,0.707106781187,0.707106781187)
  );
#225 = PCURVE('',#142,#226);
#226 = DEFINITIONAL_REPRESENTATION('',(#227),#231);
#227 = LINE('',#228,#229);
#228 = CARTESIAN_POINT('',(9.424777960769,-1.884110950421E-15));
#229 = VECTOR('',#230,1.);
#230 = DIRECTION('',(0.,1.));
#231 = ( GEOMETRIC_REPRESENTATION_CONTEXT(2) 
PARAMETRIC_REPRESENTATION_CONTEXT() REPRESENTATION_CONTEXT('2D SPACE',''
  ) );
#232 = PCURVE('',#142,#233);
#233 = DEFINITIONAL_REPRESENTATION('',(#234),#238);
#234 = LINE('',#235,#236);
#235 = CARTESIAN_POINT('',(3.14159265359,-1.884110950421E-15));
#236 = VECTOR('',#237,1.);
#237 = DIRECTION('',(0.,1.));
#238 = ( GEOMETRIC_REPRESENTATION_CONTEXT(2) 
PARAMETRIC_REPRESENTATION_CONTEXT() REPRESENTATION_CONTEXT('2D SPACE',''
  ) );
#239 = ORIENTED_EDGE('',*,*,#240,.F.);
#240 = EDGE_CURVE('',#218,#218,#241,.T.);
#241 = SURFACE_CURVE('',#242,(#247,#254),.PCURVE_S1.);
#242 = CIRCLE('',#243,29.);
#243 = AXIS2_PLACEMENT_3D('',#244,#245,#246);
#244 = CARTESIAN_POINT('',(0.,-52.5,0.));
#245 = DIRECTION('',(0.,1.,0.));
#246 = DIRECTION('',(0.,0.,-1.));
#247 = PCURVE('',#142,#248);
#248 = DEFINITIONAL_REPRESENTATION('',(#249),#253);
#249 = LINE('',#250,#251);
#250 = CARTESIAN_POINT('',(0.,1.5));
#251 = VECTOR('',#252,1.);
#252 = DIRECTION('',(1.,0.));
#253 = ( GEOMETRIC_REPRESENTATION_CONTEXT(2) 
PARAMETRIC_REPRESENTATION_CONTEXT() REPRESENTATION_CONTEXT('2D SPACE',''
  ) );
#254 = PCURVE('',#255,#260);
#255 = CYLINDRICAL_SURFACE('',#256,29.);
#256 = AXIS2_PLACEMENT_3D('',#257,#258,#259);
#257 = CARTESIAN_POINT('',(0.,-50.,0.));
#258 = DIRECTION('',(0.,-1.,0.));
#259 = DIRECTION('',(0.,0.,-1.));
#260 = DEFINITIONAL_REPRESENTATION('',(#261),#265);
#261 = LINE('',#262,#263);
#262 = CARTESIAN_POINT('',(6.28318530718,2.5));
#263 = VECTOR('',#264,1.);
#264 = DIRECTION('',(-1.,0.));
#265 = ( GEOMETRIC_REPRESENTATION_CONTEXT(2) 
PARAMETRIC_REPRESENTATION_CONTEXT() REPRESENTATION_CONTEXT('2D SPACE',''
  ) );
#266 = ORIENTED_EDGE('',*,*,#217,.F.);
#267 = ORIENTED_EDGE('',*,*,#125,.T.);
#268 = ORIENTED_EDGE('',*,*,#154,.T.);
#269 = ADVANCED_FACE('',(#270),#199,.T.);
#270 = FACE_BOUND('',#271,.F.);
#271 = EDGE_LOOP('',(#272,#301,#322,#323));
#272 = ORIENTED_EDGE('',*,*,#273,.T.);
#273 = EDGE_CURVE('',#274,#274,#276,.T.);
#274 = VERTEX_POINT('',#275);
#275 = CARTESIAN_POINT('',(29.2,-82.2,0.));
#276 = SURFACE_CURVE('',#277,(#282,#289),.PCURVE_S1.);
#277 = CIRCLE('',#278,29.2);
#278 = AXIS2_PLACEMENT_3D('',#279,#280,#281);
#279 = CARTESIAN_POINT('',(0.,-82.2,0.));
#280 = DIRECTION('',(-0.,1.,0.));
#281 = DIRECTION('',(1.,0.,0.));
#282 = PCURVE('',#199,#283);
#283 = DEFINITIONAL_REPRESENTATION('',(#284),#288);
#284 = LINE('',#285,#286);
#285 = CARTESIAN_POINT('',(0.,-0.));
#286 = VECTOR('',#287,1.);
#287 = DIRECTION('',(1.,-0.));
#288 = ( GEOMETRIC_REPRESENTATION_CONTEXT(2) 
PARAMETRIC_REPRESENTATION_CONTEXT() REPRESENTATION_CONTEXT('2D SPACE',''
  ) );
#289 = PCURVE('',#290,#295);
#290 = CYLINDRICAL_SURFACE('',#291,29.2);
#291 = AXIS2_PLACEMENT_3D('',#292,#293,#294);
#292 = CARTESIAN_POINT('',(0.,-59.2,0.));
#293 = DIRECTION('',(-0.,-1.,-0.));
#294 = DIRECTION('',(1.,-0.,0.));
#295 = DEFINITIONAL_REPRESENTATION('',(#296),#300);
#296 = LINE('',#297,#298);
#297 = CARTESIAN_POINT('',(-0.,23.));
#298 = VECTOR('',#299,1.);
#299 = DIRECTION('',(-1.,0.));
#300 = ( GEOMETRIC_REPRESENTATION_CONTEXT(2) 
PARAMETRIC_REPRESENTATION_CONTEXT() REPRESENTATION_CONTEXT('2D SPACE',''
  ) );
#301 = ORIENTED_EDGE('',*,*,#302,.T.);
#302 = EDGE_CURVE('',#274,#183,#303,.T.);
#303 = SEAM_CURVE('',#304,(#308,#315),.PCURVE_S1.);
#304 = LINE('',#305,#306);
#305 = CARTESIAN_POINT('',(29.2,-82.2,0.));
#306 = VECTOR('',#307,1.);
#307 = DIRECTION('',(-0.707106781187,-0.707106781187,0.));
#308 = PCURVE('',#199,#309);
#309 = DEFINITIONAL_REPRESENTATION('',(#310),#314);
#310 = LINE('',#311,#312);
#311 = CARTESIAN_POINT('',(0.,-0.));
#312 = VECTOR('',#313,1.);
#313 = DIRECTION('',(0.,-1.));
#314 = ( GEOMETRIC_REPRESENTATION_CONTEXT(2) 
PARAMETRIC_REPRESENTATION_CONTEXT() REPRESENTATION_CONTEXT('2D SPACE',''
  ) );
#315 = PCURVE('',#199,#316);
#316 = DEFINITIONAL_REPRESENTATION('',(#317),#321);
#317 = LINE('',#318,#319);
#318 = CARTESIAN_POINT('',(6.28318530718,-0.));
#319 = VECTOR('',#320,1.);
#320 = DIRECTION('',(0.,-1.));
#321 = ( GEOMETRIC_REPRESENTATION_CONTEXT(2) 
PARAMETRIC_REPRESENTATION_CONTEXT() REPRESENTATION_CONTEXT('2D SPACE',''
  ) );
#322 = ORIENTED_EDGE('',*,*,#182,.F.);
#323 = ORIENTED_EDGE('',*,*,#302,.F.);
#324 = ADVANCED_FACE('',(#325),#255,.F.);
#325 = FACE_BOUND('',#326,.F.);
#326 = EDGE_LOOP('',(#327,#350,#377,#378));
#327 = ORIENTED_EDGE('',*,*,#328,.T.);
#328 = EDGE_CURVE('',#218,#329,#331,.T.);
#329 = VERTEX_POINT('',#330);
#330 = CARTESIAN_POINT('',(-3.551475717527E-15,-49.5,29.));
#331 = SEAM_CURVE('',#332,(#336,#343),.PCURVE_S1.);
#332 = LINE('',#333,#334);
#333 = CARTESIAN_POINT('',(-3.551475717527E-15,-50.,29.));
#334 = VECTOR('',#335,1.);
#335 = DIRECTION('',(0.,1.,0.));
#336 = PCURVE('',#255,#337);
#337 = DEFINITIONAL_REPRESENTATION('',(#338),#342);
#338 = LINE('',#339,#340);
#339 = CARTESIAN_POINT('',(-3.14159265359,0.));
#340 = VECTOR('',#341,1.);
#341 = DIRECTION('',(0.,-1.));
#342 = ( GEOMETRIC_REPRESENTATION_CONTEXT(2) 
PARAMETRIC_REPRESENTATION_CONTEXT() REPRESENTATION_CONTEXT('2D SPACE',''
  ) );
#343 = PCURVE('',#255,#344);
#344 = DEFINITIONAL_REPRESENTATION('',(#345),#349);
#345 = LINE('',#346,#347);
#346 = CARTESIAN_POINT('',(3.14159265359,0.));
#347 = VECTOR('',#348,1.);
#348 = DIRECTION('',(0.,-1.));
#349 = ( GEOMETRIC_REPRESENTATION_CONTEXT(2) 
PARAMETRIC_REPRESENTATION_CONTEXT() REPRESENTATION_CONTEXT('2D SPACE',''
  ) );
#350 = ORIENTED_EDGE('',*,*,#351,.T.);
#351 = EDGE_CURVE('',#329,#329,#352,.T.);
#352 = SURFACE_CURVE('',#353,(#358,#365),.PCURVE_S1.);
#353 = CIRCLE('',#354,29.);
#354 = AXIS2_PLACEMENT_3D('',#355,#356,#357);
#355 = CARTESIAN_POINT('',(0.,-49.5,0.));
#356 = DIRECTION('',(0.,-1.,0.));
#357 = DIRECTION('',(0.,0.,-1.));
#358 = PCURVE('',#255,#359);
#359 = DEFINITIONAL_REPRESENTATION('',(#360),#364);
#360 = LINE('',#361,#362);
#361 = CARTESIAN_POINT('',(-6.28318530718,-0.5));
#362 = VECTOR('',#363,1.);
#363 = DIRECTION('',(1.,0.));
#364 = ( GEOMETRIC_REPRESENTATION_CONTEXT(2) 
PARAMETRIC_REPRESENTATION_CONTEXT() REPRESENTATION_CONTEXT('2D SPACE',''
  ) );
#365 = PCURVE('',#366,#371);
#366 = CONICAL_SURFACE('',#367,29.25,0.463647609001);
#367 = AXIS2_PLACEMENT_3D('',#368,#369,#370);
#368 = CARTESIAN_POINT('',(0.,-49.,0.));
#369 = DIRECTION('',(0.,1.,0.));
#370 = DIRECTION('',(0.,0.,-1.));
#371 = DEFINITIONAL_REPRESENTATION('',(#372),#376);
#372 = LINE('',#373,#374);
#373 = CARTESIAN_POINT('',(12.566370614359,-0.5));
#374 = VECTOR('',#375,1.);
#375 = DIRECTION('',(-1.,0.));
#376 = ( GEOMETRIC_REPRESENTATION_CONTEXT(2) 
PARAMETRIC_REPRESENTATION_CONTEXT() REPRESENTATION_CONTEXT('2D SPACE',''
  ) );
#377 = ORIENTED_EDGE('',*,*,#328,.F.);
#378 = ORIENTED_EDGE('',*,*,#240,.T.);
#379 = ADVANCED_FACE('',(#380),#290,.T.);
#380 = FACE_BOUND('',#381,.F.);
#381 = EDGE_LOOP('',(#382,#415,#436,#437));
#382 = ORIENTED_EDGE('',*,*,#383,.F.);
#383 = EDGE_CURVE('',#384,#384,#386,.T.);
#384 = VERTEX_POINT('',#385);
#385 = CARTESIAN_POINT('',(29.2,-77.7,0.));
#386 = SURFACE_CURVE('',#387,(#392,#399),.PCURVE_S1.);
#387 = CIRCLE('',#388,29.2);
#388 = AXIS2_PLACEMENT_3D('',#389,#390,#391);
#389 = CARTESIAN_POINT('',(0.,-77.7,0.));
#390 = DIRECTION('',(-0.,-1.,0.));
#391 = DIRECTION('',(1.,-0.,0.));
#392 = PCURVE('',#290,#393);
#393 = DEFINITIONAL_REPRESENTATION('',(#394),#398);
#394 = LINE('',#395,#396);
#395 = CARTESIAN_POINT('',(-6.28318530718,18.5));
#396 = VECTOR('',#397,1.);
#397 = DIRECTION('',(1.,-0.));
#398 = ( GEOMETRIC_REPRESENTATION_CONTEXT(2) 
PARAMETRIC_REPRESENTATION_CONTEXT() REPRESENTATION_CONTEXT('2D SPACE',''
  ) );
#399 = PCURVE('',#400,#405);
#400 = PLANE('',#401);
#401 = AXIS2_PLACEMENT_3D('',#402,#403,#404);
#402 = CARTESIAN_POINT('',(0.,-77.7,0.));
#403 = DIRECTION('',(0.,1.,0.));
#404 = DIRECTION('',(1.,0.,0.));
#405 = DEFINITIONAL_REPRESENTATION('',(#406),#414);
#406 = ( BOUNDED_CURVE() B_SPLINE_CURVE(2,(#407,#408,#409,#410,#411,#412
,#413),.UNSPECIFIED.,.T.,.F.) B_SPLINE_CURVE_WITH_KNOTS((1,2,2,2,2,1),(
    -2.094395102393,0.,2.094395102393,4.188790204786,6.28318530718,
8.377580409573),.UNSPECIFIED.) CURVE() GEOMETRIC_REPRESENTATION_ITEM() 
RATIONAL_B_SPLINE_CURVE((1.,0.5,1.,0.5,1.,0.5,1.)) REPRESENTATION_ITEM(
  '') );
#407 = CARTESIAN_POINT('',(29.2,0.));
#408 = CARTESIAN_POINT('',(29.2,-50.57588358101));
#409 = CARTESIAN_POINT('',(-14.6,-25.2879417905));
#410 = CARTESIAN_POINT('',(-58.4,-7.151937307021E-15));
#411 = CARTESIAN_POINT('',(-14.6,25.287941790506));
#412 = CARTESIAN_POINT('',(29.2,50.575883581011));
#413 = CARTESIAN_POINT('',(29.2,0.));
#414 = ( GEOMETRIC_REPRESENTATION_CONTEXT(2) 
PARAMETRIC_REPRESENTATION_CONTEXT() REPRESENTATION_CONTEXT('2D SPACE',''
  ) );
#415 = ORIENTED_EDGE('',*,*,#416,.T.);
#416 = EDGE_CURVE('',#384,#274,#417,.T.);
#417 = SEAM_CURVE('',#418,(#422,#429),.PCURVE_S1.);
#418 = LINE('',#419,#420);
#419 = CARTESIAN_POINT('',(29.2,-59.2,0.));
#420 = VECTOR('',#421,1.);
#421 = DIRECTION('',(0.,-1.,0.));
#422 = PCURVE('',#290,#423);
#423 = DEFINITIONAL_REPRESENTATION('',(#424),#428);
#424 = LINE('',#425,#426);
#425 = CARTESIAN_POINT('',(-0.,0.));
#426 = VECTOR('',#427,1.);
#427 = DIRECTION('',(-0.,1.));
#428 = ( GEOMETRIC_REPRESENTATION_CONTEXT(2) 
PARAMETRIC_REPRESENTATION_CONTEXT() REPRESENTATION_CONTEXT('2D SPACE',''
  ) );
#429 = PCURVE('',#290,#430);
#430 = DEFINITIONAL_REPRESENTATION('',(#431),#435);
#431 = LINE('',#432,#433);
#432 = CARTESIAN_POINT('',(-6.28318530718,0.));
#433 = VECTOR('',#434,1.);
#434 = DIRECTION('',(-0.,1.));
#435 = ( GEOMETRIC_REPRESENTATION_CONTEXT(2) 
PARAMETRIC_REPRESENTATION_CONTEXT() REPRESENTATION_CONTEXT('2D SPACE',''
  ) );
#436 = ORIENTED_EDGE('',*,*,#273,.F.);
#437 = ORIENTED_EDGE('',*,*,#416,.F.);
#438 = ADVANCED_FACE('',(#439),#366,.F.);
#439 = FACE_BOUND('',#440,.F.);
#440 = EDGE_LOOP('',(#441,#464,#465,#466));
#441 = ORIENTED_EDGE('',*,*,#442,.T.);
#442 = EDGE_CURVE('',#443,#329,#445,.T.);
#443 = VERTEX_POINT('',#444);
#444 = CARTESIAN_POINT('',(3.612708057485E-15,-48.5,29.5));
#445 = SEAM_CURVE('',#446,(#450,#457),.PCURVE_S1.);
#446 = LINE('',#447,#448);
#447 = CARTESIAN_POINT('',(3.582091887506E-15,-49.,29.25));
#448 = VECTOR('',#449,1.);
#449 = DIRECTION('',(-5.476786982642E-17,-0.894427191,-0.4472135955));
#450 = PCURVE('',#366,#451);
#451 = DEFINITIONAL_REPRESENTATION('',(#452),#456);
#452 = LINE('',#453,#454);
#453 = CARTESIAN_POINT('',(3.14159265359,0.));
#454 = VECTOR('',#455,1.);
#455 = DIRECTION('',(0.,-1.));
#456 = ( GEOMETRIC_REPRESENTATION_CONTEXT(2) 
PARAMETRIC_REPRESENTATION_CONTEXT() REPRESENTATION_CONTEXT('2D SPACE',''
  ) );
#457 = PCURVE('',#366,#458);
#458 = DEFINITIONAL_REPRESENTATION('',(#459),#463);
#459 = LINE('',#460,#461);
#460 = CARTESIAN_POINT('',(9.424777960769,0.));
#461 = VECTOR('',#462,1.);
#462 = DIRECTION('',(0.,-1.));
#463 = ( GEOMETRIC_REPRESENTATION_CONTEXT(2) 
PARAMETRIC_REPRESENTATION_CONTEXT() REPRESENTATION_CONTEXT('2D SPACE',''
  ) );
#464 = ORIENTED_EDGE('',*,*,#351,.F.);
#465 = ORIENTED_EDGE('',*,*,#442,.F.);
#466 = ORIENTED_EDGE('',*,*,#467,.F.);
#467 = EDGE_CURVE('',#443,#443,#468,.T.);
#468 = SURFACE_CURVE('',#469,(#474,#481),.PCURVE_S1.);
#469 = CIRCLE('',#470,29.5);
#470 = AXIS2_PLACEMENT_3D('',#471,#472,#473);
#471 = CARTESIAN_POINT('',(0.,-48.5,0.));
#472 = DIRECTION('',(0.,1.,0.));
#473 = DIRECTION('',(0.,0.,-1.));
#474 = PCURVE('',#366,#475);
#475 = DEFINITIONAL_REPRESENTATION('',(#476),#480);
#476 = LINE('',#477,#478);
#477 = CARTESIAN_POINT('',(0.,0.5));
#478 = VECTOR('',#479,1.);
#479 = DIRECTION('',(1.,0.));
#480 = ( GEOMETRIC_REPRESENTATION_CONTEXT(2) 
PARAMETRIC_REPRESENTATION_CONTEXT() REPRESENTATION_CONTEXT('2D SPACE',''
  ) );
#481 = PCURVE('',#482,#487);
#482 = PLANE('',#483);
#483 = AXIS2_PLACEMENT_3D('',#484,#485,#486);
#484 = CARTESIAN_POINT('',(-0.468775656832,-48.5,-8.240669042783));
#485 = DIRECTION('',(0.,-1.,0.));
#486 = DIRECTION('',(1.,0.,0.));
#487 = DEFINITIONAL_REPRESENTATION('',(#488),#496);
#488 = ( BOUNDED_CURVE() B_SPLINE_CURVE(2,(#489,#490,#491,#492,#493,#494
,#495),.UNSPECIFIED.,.T.,.F.) B_SPLINE_CURVE_WITH_KNOTS((1,2,2,2,2,1),(
    -2.094395102393,0.,2.094395102393,4.188790204786,6.28318530718,
8.377580409573),.UNSPECIFIED.) CURVE() GEOMETRIC_REPRESENTATION_ITEM() 
RATIONAL_B_SPLINE_CURVE((1.,0.5,1.,0.5,1.,0.5,1.)) REPRESENTATION_ITEM(
  '') );
#489 = CARTESIAN_POINT('',(0.468775656832,-21.25933095721));
#490 = CARTESIAN_POINT('',(-50.62672316645,-21.25933095721));
#491 = CARTESIAN_POINT('',(-25.0789737548,22.990669042783));
#492 = CARTESIAN_POINT('',(0.468775656832,67.240669042783));
#493 = CARTESIAN_POINT('',(26.016525068473,22.990669042783));
#494 = CARTESIAN_POINT('',(51.564274480114,-21.25933095721));
#495 = CARTESIAN_POINT('',(0.468775656832,-21.25933095721));
#496 = ( GEOMETRIC_REPRESENTATION_CONTEXT(2) 
PARAMETRIC_REPRESENTATION_CONTEXT() REPRESENTATION_CONTEXT('2D SPACE',''
  ) );
#497 = ADVANCED_FACE('',(#498,#529),#400,.F.);
#498 = FACE_BOUND('',#499,.F.);
#499 = EDGE_LOOP('',(#500));
#500 = ORIENTED_EDGE('',*,*,#501,.T.);
#501 = EDGE_CURVE('',#502,#502,#504,.T.);
#502 = VERTEX_POINT('',#503);
#503 = CARTESIAN_POINT('',(29.6,-77.7,0.));
#504 = SURFACE_CURVE('',#505,(#510,#517),.PCURVE_S1.);
#505 = CIRCLE('',#506,29.6);
#506 = AXIS2_PLACEMENT_3D('',#507,#508,#509);
#507 = CARTESIAN_POINT('',(0.,-77.7,0.));
#508 = DIRECTION('',(-0.,1.,0.));
#509 = DIRECTION('',(1.,0.,0.));
#510 = PCURVE('',#400,#511);
#511 = DEFINITIONAL_REPRESENTATION('',(#512),#516);
#512 = CIRCLE('',#513,29.6);
#513 = AXIS2_PLACEMENT_2D('',#514,#515);
#514 = CARTESIAN_POINT('',(0.,0.));
#515 = DIRECTION('',(1.,0.));
#516 = ( GEOMETRIC_REPRESENTATION_CONTEXT(2) 
PARAMETRIC_REPRESENTATION_CONTEXT() REPRESENTATION_CONTEXT('2D SPACE',''
  ) );
#517 = PCURVE('',#518,#523);
#518 = CYLINDRICAL_SURFACE('',#519,29.6);
#519 = AXIS2_PLACEMENT_3D('',#520,#521,#522);
#520 = CARTESIAN_POINT('',(0.,-76.2,0.));
#521 = DIRECTION('',(-0.,-1.,-0.));
#522 = DIRECTION('',(1.,-0.,0.));
#523 = DEFINITIONAL_REPRESENTATION('',(#524),#528);
#524 = LINE('',#525,#526);
#525 = CARTESIAN_POINT('',(-0.,1.5));
#526 = VECTOR('',#527,1.);
#527 = DIRECTION('',(-1.,0.));
#528 = ( GEOMETRIC_REPRESENTATION_CONTEXT(2) 
PARAMETRIC_REPRESENTATION_CONTEXT() REPRESENTATION_CONTEXT('2D SPACE',''
  ) );
#529 = FACE_BOUND('',#530,.F.);
#530 = EDGE_LOOP('',(#531));
#531 = ORIENTED_EDGE('',*,*,#383,.T.);
#532 = ADVANCED_FACE('',(#533,#887,#922,#957,#960),#482,.F.);
#533 = FACE_BOUND('',#534,.T.);
#534 = EDGE_LOOP('',(#535,#566,#594,#623,#656,#684,#713,#741,#770,#798,
    #831,#860));
#535 = ORIENTED_EDGE('',*,*,#536,.F.);
#536 = EDGE_CURVE('',#537,#539,#541,.T.);
#537 = VERTEX_POINT('',#538);
#538 = CARTESIAN_POINT('',(40.062448686336,-48.5,1.734994309691));
#539 = VERTEX_POINT('',#540);
#540 = CARTESIAN_POINT('',(1.031456537722,-48.5,40.086732186732));
#541 = SURFACE_CURVE('',#542,(#547,#554),.PCURVE_S1.);
#542 = CIRCLE('',#543,40.1);
#543 = AXIS2_PLACEMENT_3D('',#544,#545,#546);
#544 = CARTESIAN_POINT('',(-4.440892098501E-15,-48.5,0.));
#545 = DIRECTION('',(0.,-1.,0.));
#546 = DIRECTION('',(0.977132894789,0.,0.212629503884));
#547 = PCURVE('',#482,#548);
#548 = DEFINITIONAL_REPRESENTATION('',(#549),#553);
#549 = CIRCLE('',#550,40.1);
#550 = AXIS2_PLACEMENT_2D('',#551,#552);
#551 = CARTESIAN_POINT('',(0.468775656832,8.240669042783));
#552 = DIRECTION('',(0.977132894789,0.212629503884));
#553 = ( GEOMETRIC_REPRESENTATION_CONTEXT(2) 
PARAMETRIC_REPRESENTATION_CONTEXT() REPRESENTATION_CONTEXT('2D SPACE',''
  ) );
#554 = PCURVE('',#555,#560);
#555 = CONICAL_SURFACE('',#556,40.55,0.785398163397);
#556 = AXIS2_PLACEMENT_3D('',#557,#558,#559);
#557 = CARTESIAN_POINT('',(-4.440892098501E-15,-48.95,0.));
#558 = DIRECTION('',(0.,-1.,0.));
#559 = DIRECTION('',(0.977132894789,0.,0.212629503884));
#560 = DEFINITIONAL_REPRESENTATION('',(#561),#565);
#561 = LINE('',#562,#563);
#562 = CARTESIAN_POINT('',(-6.28318530718,-0.45));
#563 = VECTOR('',#564,1.);
#564 = DIRECTION('',(1.,0.));
#565 = ( GEOMETRIC_REPRESENTATION_CONTEXT(2) 
PARAMETRIC_REPRESENTATION_CONTEXT() REPRESENTATION_CONTEXT('2D SPACE',''
  ) );
#566 = ORIENTED_EDGE('',*,*,#567,.F.);
#567 = EDGE_CURVE('',#568,#537,#570,.T.);
#568 = VERTEX_POINT('',#569);
#569 = CARTESIAN_POINT('',(40.062448686336,-48.5,-1.734994309691));
#570 = SURFACE_CURVE('',#571,(#575,#582),.PCURVE_S1.);
#571 = LINE('',#572,#573);
#572 = CARTESIAN_POINT('',(40.062448686336,-48.5,-8.717809659236));
#573 = VECTOR('',#574,1.);
#574 = DIRECTION('',(0.,0.,1.));
#575 = PCURVE('',#482,#576);
#576 = DEFINITIONAL_REPRESENTATION('',(#577),#581);
#577 = LINE('',#578,#579);
#578 = CARTESIAN_POINT('',(40.531224343168,-0.477140616452));
#579 = VECTOR('',#580,1.);
#580 = DIRECTION('',(0.,1.));
#581 = ( GEOMETRIC_REPRESENTATION_CONTEXT(2) 
PARAMETRIC_REPRESENTATION_CONTEXT() REPRESENTATION_CONTEXT('2D SPACE',''
  ) );
#582 = PCURVE('',#583,#588);
#583 = PLANE('',#584);
#584 = AXIS2_PLACEMENT_3D('',#585,#586,#587);
#585 = CARTESIAN_POINT('',(40.062448686336,-48.5,-8.717809659236));
#586 = DIRECTION('',(1.,0.,0.));
#587 = DIRECTION('',(0.,0.,1.));
#588 = DEFINITIONAL_REPRESENTATION('',(#589),#593);
#589 = LINE('',#590,#591);
#590 = CARTESIAN_POINT('',(0.,0.));
#591 = VECTOR('',#592,1.);
#592 = DIRECTION('',(1.,0.));
#593 = ( GEOMETRIC_REPRESENTATION_CONTEXT(2) 
PARAMETRIC_REPRESENTATION_CONTEXT() REPRESENTATION_CONTEXT('2D SPACE',''
  ) );
#594 = ORIENTED_EDGE('',*,*,#595,.F.);
#595 = EDGE_CURVE('',#596,#568,#598,.T.);
#596 = VERTEX_POINT('',#597);
#597 = CARTESIAN_POINT('',(25.160784313726,-48.5,-31.22410819732));
#598 = SURFACE_CURVE('',#599,(#604,#611),.PCURVE_S1.);
#599 = CIRCLE('',#600,40.1);
#600 = AXIS2_PLACEMENT_3D('',#601,#602,#603);
#601 = CARTESIAN_POINT('',(-4.440892098501E-15,-48.5,0.));
#602 = DIRECTION('',(0.,-1.,0.));
#603 = DIRECTION('',(0.627450980392,0.,-0.778656064771));
#604 = PCURVE('',#482,#605);
#605 = DEFINITIONAL_REPRESENTATION('',(#606),#610);
#606 = CIRCLE('',#607,40.1);
#607 = AXIS2_PLACEMENT_2D('',#608,#609);
#608 = CARTESIAN_POINT('',(0.468775656832,8.240669042783));
#609 = DIRECTION('',(0.627450980392,-0.778656064771));
#610 = ( GEOMETRIC_REPRESENTATION_CONTEXT(2) 
PARAMETRIC_REPRESENTATION_CONTEXT() REPRESENTATION_CONTEXT('2D SPACE',''
  ) );
#611 = PCURVE('',#612,#617);
#612 = CONICAL_SURFACE('',#613,40.55,0.785398163397);
#613 = AXIS2_PLACEMENT_3D('',#614,#615,#616);
#614 = CARTESIAN_POINT('',(-4.440892098501E-15,-48.95,0.));
#615 = DIRECTION('',(0.,-1.,0.));
#616 = DIRECTION('',(0.627450980392,0.,-0.778656064771));
#617 = DEFINITIONAL_REPRESENTATION('',(#618),#622);
#618 = LINE('',#619,#620);
#619 = CARTESIAN_POINT('',(0.,-0.45));
#620 = VECTOR('',#621,1.);
#621 = DIRECTION('',(1.,-1.247952678535E-14));
#622 = ( GEOMETRIC_REPRESENTATION_CONTEXT(2) 
PARAMETRIC_REPRESENTATION_CONTEXT() REPRESENTATION_CONTEXT('2D SPACE',''
  ) );
#623 = ORIENTED_EDGE('',*,*,#624,.F.);
#624 = EDGE_CURVE('',#625,#596,#627,.T.);
#625 = VERTEX_POINT('',#626);
#626 = CARTESIAN_POINT('',(21.1,-48.5,-39.71145930333));
#627 = SURFACE_CURVE('',#628,(#633,#644),.PCURVE_S1.);
#628 = CIRCLE('',#629,10.9);
#629 = AXIS2_PLACEMENT_3D('',#630,#631,#632);
#630 = CARTESIAN_POINT('',(32.,-48.5,-39.71145930333));
#631 = DIRECTION('',(0.,1.,0.));
#632 = DIRECTION('',(-0.627450980392,0.,0.778656064771));
#633 = PCURVE('',#482,#634);
#634 = DEFINITIONAL_REPRESENTATION('',(#635),#643);
#635 = ( BOUNDED_CURVE() B_SPLINE_CURVE(2,(#636,#637,#638,#639,#640,#641
,#642),.UNSPECIFIED.,.T.,.F.) B_SPLINE_CURVE_WITH_KNOTS((1,2,2,2,2,1),(
    -2.094395102393,0.,2.094395102393,4.188790204786,6.28318530718,
8.377580409573),.UNSPECIFIED.) CURVE() GEOMETRIC_REPRESENTATION_ITEM() 
RATIONAL_B_SPLINE_CURVE((1.,0.5,1.,0.5,1.,0.5,1.)) REPRESENTATION_ITEM(
  '') );
#636 = CARTESIAN_POINT('',(25.629559970557,-22.98343915454));
#637 = CARTESIAN_POINT('',(40.330083307835,-11.13757010199));
#638 = CARTESIAN_POINT('',(43.238645168608,-29.79153128727));
#639 = CARTESIAN_POINT('',(46.147207029381,-48.44549247255));
#640 = CARTESIAN_POINT('',(28.53812183133,-41.63740033982));
#641 = CARTESIAN_POINT('',(10.929036633279,-34.82930820709));
#642 = CARTESIAN_POINT('',(25.629559970557,-22.98343915454));
#643 = ( GEOMETRIC_REPRESENTATION_CONTEXT(2) 
PARAMETRIC_REPRESENTATION_CONTEXT() REPRESENTATION_CONTEXT('2D SPACE',''
  ) );
#644 = PCURVE('',#645,#650);
#645 = CONICAL_SURFACE('',#646,10.45,0.785398163397);
#646 = AXIS2_PLACEMENT_3D('',#647,#648,#649);
#647 = CARTESIAN_POINT('',(32.,-48.95,-39.71145930333));
#648 = DIRECTION('',(0.,1.,0.));
#649 = DIRECTION('',(-0.627450980392,0.,0.778656064771));
#650 = DEFINITIONAL_REPRESENTATION('',(#651),#655);
#651 = LINE('',#652,#653);
#652 = CARTESIAN_POINT('',(-8.881784197001E-16,0.45));
#653 = VECTOR('',#654,1.);
#654 = DIRECTION('',(1.,9.67541144456E-16));
#655 = ( GEOMETRIC_REPRESENTATION_CONTEXT(2) 
PARAMETRIC_REPRESENTATION_CONTEXT() REPRESENTATION_CONTEXT('2D SPACE',''
  ) );
#656 = ORIENTED_EDGE('',*,*,#657,.F.);
#657 = EDGE_CURVE('',#658,#625,#660,.T.);
#658 = VERTEX_POINT('',#659);
#659 = CARTESIAN_POINT('',(21.1,-48.5,-48.48133808556));
#660 = SURFACE_CURVE('',#661,(#665,#672),.PCURVE_S1.);
#661 = LINE('',#662,#663);
#662 = CARTESIAN_POINT('',(21.1,-48.5,-28.36100356417));
#663 = VECTOR('',#664,1.);
#664 = DIRECTION('',(1.519140301287E-15,0.,1.));
#665 = PCURVE('',#482,#666);
#666 = DEFINITIONAL_REPRESENTATION('',(#667),#671);
#667 = LINE('',#668,#669);
#668 = CARTESIAN_POINT('',(21.568775656832,-20.12033452139));
#669 = VECTOR('',#670,1.);
#670 = DIRECTION('',(1.519140301287E-15,1.));
#671 = ( GEOMETRIC_REPRESENTATION_CONTEXT(2) 
PARAMETRIC_REPRESENTATION_CONTEXT() REPRESENTATION_CONTEXT('2D SPACE',''
  ) );
#672 = PCURVE('',#673,#678);
#673 = PLANE('',#674);
#674 = AXIS2_PLACEMENT_3D('',#675,#676,#677);
#675 = CARTESIAN_POINT('',(21.55,-48.95,-28.36100356417));
#676 = DIRECTION('',(0.707106781187,0.707106781187,-1.074194408614E-15)
  );
#677 = DIRECTION('',(-1.519140301287E-15,4.043463365024E-30,-1.));
#678 = DEFINITIONAL_REPRESENTATION('',(#679),#683);
#679 = LINE('',#680,#681);
#680 = CARTESIAN_POINT('',(6.836131355794E-16,0.636396103068));
#681 = VECTOR('',#682,1.);
#682 = DIRECTION('',(-1.,-1.972152263053E-31));
#683 = ( GEOMETRIC_REPRESENTATION_CONTEXT(2) 
PARAMETRIC_REPRESENTATION_CONTEXT() REPRESENTATION_CONTEXT('2D SPACE',''
  ) );
#684 = ORIENTED_EDGE('',*,*,#685,.F.);
#685 = EDGE_CURVE('',#686,#658,#688,.T.);
#686 = VERTEX_POINT('',#687);
#687 = CARTESIAN_POINT('',(13.,-48.5,-56.58133808556));
#688 = SURFACE_CURVE('',#689,(#694,#701),.PCURVE_S1.);
#689 = CIRCLE('',#690,8.1);
#690 = AXIS2_PLACEMENT_3D('',#691,#692,#693);
#691 = CARTESIAN_POINT('',(13.,-48.5,-48.48133808556));
#692 = DIRECTION('',(0.,-1.,0.));
#693 = DIRECTION('',(-4.93432455389E-16,-0.,-1.));
#694 = PCURVE('',#482,#695);
#695 = DEFINITIONAL_REPRESENTATION('',(#696),#700);
#696 = CIRCLE('',#697,8.1);
#697 = AXIS2_PLACEMENT_2D('',#698,#699);
#698 = CARTESIAN_POINT('',(13.468775656832,-40.24066904278));
#699 = DIRECTION('',(-4.93432455389E-16,-1.));
#700 = ( GEOMETRIC_REPRESENTATION_CONTEXT(2) 
PARAMETRIC_REPRESENTATION_CONTEXT() REPRESENTATION_CONTEXT('2D SPACE',''
  ) );
#701 = PCURVE('',#702,#707);
#702 = CONICAL_SURFACE('',#703,8.55,0.785398163397);
#703 = AXIS2_PLACEMENT_3D('',#704,#705,#706);
#704 = CARTESIAN_POINT('',(13.,-48.95,-48.48133808556));
#705 = DIRECTION('',(0.,-1.,0.));
#706 = DIRECTION('',(-4.93432455389E-16,-0.,-1.));
#707 = DEFINITIONAL_REPRESENTATION('',(#708),#712);
#708 = LINE('',#709,#710);
#709 = CARTESIAN_POINT('',(0.,-0.45));
#710 = VECTOR('',#711,1.);
#711 = DIRECTION('',(1.,1.699238236194E-15));
#712 = ( GEOMETRIC_REPRESENTATION_CONTEXT(2) 
PARAMETRIC_REPRESENTATION_CONTEXT() REPRESENTATION_CONTEXT('2D SPACE',''
  ) );
#713 = ORIENTED_EDGE('',*,*,#714,.F.);
#714 = EDGE_CURVE('',#715,#686,#717,.T.);
#715 = VERTEX_POINT('',#716);
#716 = CARTESIAN_POINT('',(-13.,-48.5,-56.58133808556));
#717 = SURFACE_CURVE('',#718,(#722,#729),.PCURVE_S1.);
#718 = LINE('',#719,#720);
#719 = CARTESIAN_POINT('',(-6.734387828416,-48.5,-56.58133808556));
#720 = VECTOR('',#721,1.);
#721 = DIRECTION('',(1.,0.,-3.416070845E-16));
#722 = PCURVE('',#482,#723);
#723 = DEFINITIONAL_REPRESENTATION('',(#724),#728);
#724 = LINE('',#725,#726);
#725 = CARTESIAN_POINT('',(-6.265612171584,-48.34066904278));
#726 = VECTOR('',#727,1.);
#727 = DIRECTION('',(1.,-3.416070845E-16));
#728 = ( GEOMETRIC_REPRESENTATION_CONTEXT(2) 
PARAMETRIC_REPRESENTATION_CONTEXT() REPRESENTATION_CONTEXT('2D SPACE',''
  ) );
#729 = PCURVE('',#730,#735);
#730 = PLANE('',#731);
#731 = AXIS2_PLACEMENT_3D('',#732,#733,#734);
#732 = CARTESIAN_POINT('',(-6.734387828416,-48.95,-57.03133808556));
#733 = DIRECTION('',(-2.415526859514E-16,0.707106781187,-0.707106781187)
  );
#734 = DIRECTION('',(-1.,-1.835548637262E-31,3.416070845E-16));
#735 = DEFINITIONAL_REPRESENTATION('',(#736),#740);
#736 = LINE('',#737,#738);
#737 = CARTESIAN_POINT('',(1.53723188025E-16,0.636396103068));
#738 = VECTOR('',#739,1.);
#739 = DIRECTION('',(-1.,-1.038539061093E-31));
#740 = ( GEOMETRIC_REPRESENTATION_CONTEXT(2) 
PARAMETRIC_REPRESENTATION_CONTEXT() REPRESENTATION_CONTEXT('2D SPACE',''
  ) );
#741 = ORIENTED_EDGE('',*,*,#742,.F.);
#742 = EDGE_CURVE('',#743,#715,#745,.T.);
#743 = VERTEX_POINT('',#744);
#744 = CARTESIAN_POINT('',(-21.1,-48.5,-48.48133808556));
#745 = SURFACE_CURVE('',#746,(#751,#758),.PCURVE_S1.);
#746 = CIRCLE('',#747,8.1);
#747 = AXIS2_PLACEMENT_3D('',#748,#749,#750);
#748 = CARTESIAN_POINT('',(-13.,-48.5,-48.48133808556));
#749 = DIRECTION('',(0.,-1.,0.));
#750 = DIRECTION('',(-1.,-0.,-5.921189464668E-15));
#751 = PCURVE('',#482,#752);
#752 = DEFINITIONAL_REPRESENTATION('',(#753),#757);
#753 = CIRCLE('',#754,8.1);
#754 = AXIS2_PLACEMENT_2D('',#755,#756);
#755 = CARTESIAN_POINT('',(-12.53122434316,-40.24066904278));
#756 = DIRECTION('',(-1.,-5.921189464668E-15));
#757 = ( GEOMETRIC_REPRESENTATION_CONTEXT(2) 
PARAMETRIC_REPRESENTATION_CONTEXT() REPRESENTATION_CONTEXT('2D SPACE',''
  ) );
#758 = PCURVE('',#759,#764);
#759 = CONICAL_SURFACE('',#760,8.55,0.785398163397);
#760 = AXIS2_PLACEMENT_3D('',#761,#762,#763);
#761 = CARTESIAN_POINT('',(-13.,-48.95,-48.48133808556));
#762 = DIRECTION('',(0.,-1.,0.));
#763 = DIRECTION('',(-1.,-0.,-5.921189464668E-15));
#764 = DEFINITIONAL_REPRESENTATION('',(#765),#769);
#765 = LINE('',#766,#767);
#766 = CARTESIAN_POINT('',(0.,-0.45));
#767 = VECTOR('',#768,1.);
#768 = DIRECTION('',(1.,0.));
#769 = ( GEOMETRIC_REPRESENTATION_CONTEXT(2) 
PARAMETRIC_REPRESENTATION_CONTEXT() REPRESENTATION_CONTEXT('2D SPACE',''
  ) );
#770 = ORIENTED_EDGE('',*,*,#771,.F.);
#771 = EDGE_CURVE('',#772,#743,#774,.T.);
#772 = VERTEX_POINT('',#773);
#773 = CARTESIAN_POINT('',(-21.1,-48.5,-39.71145930332));
#774 = SURFACE_CURVE('',#775,(#779,#786),.PCURVE_S1.);
#775 = LINE('',#776,#777);
#776 = CARTESIAN_POINT('',(-21.1,-48.5,-23.97606417305));
#777 = VECTOR('',#778,1.);
#778 = DIRECTION('',(6.07656120515E-15,0.,-1.));
#779 = PCURVE('',#482,#780);
#780 = DEFINITIONAL_REPRESENTATION('',(#781),#785);
#781 = LINE('',#782,#783);
#782 = CARTESIAN_POINT('',(-20.63122434316,-15.73539513027));
#783 = VECTOR('',#784,1.);
#784 = DIRECTION('',(6.07656120515E-15,-1.));
#785 = ( GEOMETRIC_REPRESENTATION_CONTEXT(2) 
PARAMETRIC_REPRESENTATION_CONTEXT() REPRESENTATION_CONTEXT('2D SPACE',''
  ) );
#786 = PCURVE('',#787,#792);
#787 = PLANE('',#788);
#788 = AXIS2_PLACEMENT_3D('',#789,#790,#791);
#789 = CARTESIAN_POINT('',(-21.55,-48.95,-23.97606417305));
#790 = DIRECTION('',(-0.707106781187,0.707106781187,-4.296777634457E-15)
  );
#791 = DIRECTION('',(-6.07656120515E-15,-1.423614490648E-31,1.));
#792 = DEFINITIONAL_REPRESENTATION('',(#793),#797);
#793 = LINE('',#794,#795);
#794 = CARTESIAN_POINT('',(-2.734452542317E-15,0.636396103068));
#795 = VECTOR('',#796,1.);
#796 = DIRECTION('',(-1.,0.));
#797 = ( GEOMETRIC_REPRESENTATION_CONTEXT(2) 
PARAMETRIC_REPRESENTATION_CONTEXT() REPRESENTATION_CONTEXT('2D SPACE',''
  ) );
#798 = ORIENTED_EDGE('',*,*,#799,.F.);
#799 = EDGE_CURVE('',#800,#772,#802,.T.);
#800 = VERTEX_POINT('',#801);
#801 = CARTESIAN_POINT('',(-25.16078431372,-48.5,-31.22410819732));
#802 = SURFACE_CURVE('',#803,(#808,#819),.PCURVE_S1.);
#803 = CIRCLE('',#804,10.9);
#804 = AXIS2_PLACEMENT_3D('',#805,#806,#807);
#805 = CARTESIAN_POINT('',(-32.,-48.5,-39.71145930333));
#806 = DIRECTION('',(0.,1.,0.));
#807 = DIRECTION('',(1.,-0.,4.884981308351E-15));
#808 = PCURVE('',#482,#809);
#809 = DEFINITIONAL_REPRESENTATION('',(#810),#818);
#810 = ( BOUNDED_CURVE() B_SPLINE_CURVE(2,(#811,#812,#813,#814,#815,#816
,#817),.UNSPECIFIED.,.T.,.F.) B_SPLINE_CURVE_WITH_KNOTS((1,2,2,2,2,1),(
    -2.094395102393,0.,2.094395102393,4.188790204786,6.28318530718,
8.377580409573),.UNSPECIFIED.) CURVE() GEOMETRIC_REPRESENTATION_ITEM() 
RATIONAL_B_SPLINE_CURVE((1.,0.5,1.,0.5,1.,0.5,1.)) REPRESENTATION_ITEM(
  '') );
#811 = CARTESIAN_POINT('',(-20.63122434316,-31.47079026054));
#812 = CARTESIAN_POINT('',(-20.63122434316,-50.35014406304));
#813 = CARTESIAN_POINT('',(-36.98122434316,-40.91046716179));
#814 = CARTESIAN_POINT('',(-53.33122434316,-31.47079026054));
#815 = CARTESIAN_POINT('',(-36.98122434316,-22.03111335929));
#816 = CARTESIAN_POINT('',(-20.63122434316,-12.59143645804));
#817 = CARTESIAN_POINT('',(-20.63122434316,-31.47079026054));
#818 = ( GEOMETRIC_REPRESENTATION_CONTEXT(2) 
PARAMETRIC_REPRESENTATION_CONTEXT() REPRESENTATION_CONTEXT('2D SPACE',''
  ) );
#819 = PCURVE('',#820,#825);
#820 = CONICAL_SURFACE('',#821,10.45,0.785398163397);
#821 = AXIS2_PLACEMENT_3D('',#822,#823,#824);
#822 = CARTESIAN_POINT('',(-32.,-48.95,-39.71145930333));
#823 = DIRECTION('',(0.,1.,0.));
#824 = DIRECTION('',(1.,-0.,4.884981308351E-15));
#825 = DEFINITIONAL_REPRESENTATION('',(#826),#830);
#826 = LINE('',#827,#828);
#827 = CARTESIAN_POINT('',(0.,0.45));
#828 = VECTOR('',#829,1.);
#829 = DIRECTION('',(1.,-2.023040574772E-15));
#830 = ( GEOMETRIC_REPRESENTATION_CONTEXT(2) 
PARAMETRIC_REPRESENTATION_CONTEXT() REPRESENTATION_CONTEXT('2D SPACE',''
  ) );
#831 = ORIENTED_EDGE('',*,*,#832,.F.);
#832 = EDGE_CURVE('',#833,#800,#835,.T.);
#833 = VERTEX_POINT('',#834);
#834 = CARTESIAN_POINT('',(-1.031456537722,-48.5,40.086732186732));
#835 = SURFACE_CURVE('',#836,(#841,#848),.PCURVE_S1.);
#836 = CIRCLE('',#837,40.1);
#837 = AXIS2_PLACEMENT_3D('',#838,#839,#840);
#838 = CARTESIAN_POINT('',(-4.440892098501E-15,-48.5,0.));
#839 = DIRECTION('',(0.,-1.,0.));
#840 = DIRECTION('',(-0.977132894789,-0.,-0.212629503884));
#841 = PCURVE('',#482,#842);
#842 = DEFINITIONAL_REPRESENTATION('',(#843),#847);
#843 = CIRCLE('',#844,40.1);
#844 = AXIS2_PLACEMENT_2D('',#845,#846);
#845 = CARTESIAN_POINT('',(0.468775656832,8.240669042783));
#846 = DIRECTION('',(-0.977132894789,-0.212629503884));
#847 = ( GEOMETRIC_REPRESENTATION_CONTEXT(2) 
PARAMETRIC_REPRESENTATION_CONTEXT() REPRESENTATION_CONTEXT('2D SPACE',''
  ) );
#848 = PCURVE('',#849,#854);
#849 = CONICAL_SURFACE('',#850,40.55,0.785398163397);
#850 = AXIS2_PLACEMENT_3D('',#851,#852,#853);
#851 = CARTESIAN_POINT('',(-4.440892098501E-15,-48.95,0.));
#852 = DIRECTION('',(0.,-1.,0.));
#853 = DIRECTION('',(-0.977132894789,-0.,-0.212629503884));
#854 = DEFINITIONAL_REPRESENTATION('',(#855),#859);
#855 = LINE('',#856,#857);
#856 = CARTESIAN_POINT('',(0.,-0.45));
#857 = VECTOR('',#858,1.);
#858 = DIRECTION('',(1.,-1.44926115024E-15));
#859 = ( GEOMETRIC_REPRESENTATION_CONTEXT(2) 
PARAMETRIC_REPRESENTATION_CONTEXT() REPRESENTATION_CONTEXT('2D SPACE',''
  ) );
#860 = ORIENTED_EDGE('',*,*,#861,.T.);
#861 = EDGE_CURVE('',#833,#539,#862,.T.);
#862 = SURFACE_CURVE('',#863,(#868,#875),.PCURVE_S1.);
#863 = CIRCLE('',#864,1.2);
#864 = AXIS2_PLACEMENT_3D('',#865,#866,#867);
#865 = CARTESIAN_POINT('',(-4.440892098501E-15,-48.5,40.7));
#866 = DIRECTION('',(0.,-1.,0.));
#867 = DIRECTION('',(-1.,0.,0.));
#868 = PCURVE('',#482,#869);
#869 = DEFINITIONAL_REPRESENTATION('',(#870),#874);
#870 = CIRCLE('',#871,1.2);
#871 = AXIS2_PLACEMENT_2D('',#872,#873);
#872 = CARTESIAN_POINT('',(0.468775656832,48.940669042783));
#873 = DIRECTION('',(-1.,0.));
#874 = ( GEOMETRIC_REPRESENTATION_CONTEXT(2) 
PARAMETRIC_REPRESENTATION_CONTEXT() REPRESENTATION_CONTEXT('2D SPACE',''
  ) );
#875 = PCURVE('',#876,#881);
#876 = CYLINDRICAL_SURFACE('',#877,1.2);
#877 = AXIS2_PLACEMENT_3D('',#878,#879,#880);
#878 = CARTESIAN_POINT('',(-4.440892098501E-15,-48.5,40.7));
#879 = DIRECTION('',(0.,1.,0.));
#880 = DIRECTION('',(-1.,0.,0.));
#881 = DEFINITIONAL_REPRESENTATION('',(#882),#886);
#882 = LINE('',#883,#884);
#883 = CARTESIAN_POINT('',(6.28318530718,0.));
#884 = VECTOR('',#885,1.);
#885 = DIRECTION('',(-1.,0.));
#886 = ( GEOMETRIC_REPRESENTATION_CONTEXT(2) 
PARAMETRIC_REPRESENTATION_CONTEXT() REPRESENTATION_CONTEXT('2D SPACE',''
  ) );
#887 = FACE_BOUND('',#888,.T.);
#888 = EDGE_LOOP('',(#889));
#889 = ORIENTED_EDGE('',*,*,#890,.F.);
#890 = EDGE_CURVE('',#891,#891,#893,.T.);
#891 = VERTEX_POINT('',#892);
#892 = CARTESIAN_POINT('',(30.156133260985,-48.5,20.223974749546));
#893 = SURFACE_CURVE('',#894,(#899,#910),.PCURVE_S1.);
#894 = CIRCLE('',#895,2.825);
#895 = AXIS2_PLACEMENT_3D('',#896,#897,#898);
#896 = CARTESIAN_POINT('',(27.331133260985,-48.5,20.223974749546));
#897 = DIRECTION('',(0.,1.,0.));
#898 = DIRECTION('',(-1.,0.,0.));
#899 = PCURVE('',#482,#900);
#900 = DEFINITIONAL_REPRESENTATION('',(#901),#909);
#901 = ( BOUNDED_CURVE() B_SPLINE_CURVE(2,(#902,#903,#904,#905,#906,#907
,#908),.UNSPECIFIED.,.T.,.F.) B_SPLINE_CURVE_WITH_KNOTS((1,2,2,2,2,1),(
    -2.094395102393,0.,2.094395102393,4.188790204786,6.28318530718,
8.377580409573),.UNSPECIFIED.) CURVE() GEOMETRIC_REPRESENTATION_ITEM() 
RATIONAL_B_SPLINE_CURVE((1.,0.5,1.,0.5,1.,0.5,1.)) REPRESENTATION_ITEM(
  '') );
#902 = CARTESIAN_POINT('',(24.974908917817,28.464643792329));
#903 = CARTESIAN_POINT('',(24.974908917817,33.357687323711));
#904 = CARTESIAN_POINT('',(29.212408917817,30.91116555802));
#905 = CARTESIAN_POINT('',(33.449908917817,28.464643792329));
#906 = CARTESIAN_POINT('',(29.212408917817,26.018122026638));
#907 = CARTESIAN_POINT('',(24.974908917817,23.571600260947));
#908 = CARTESIAN_POINT('',(24.974908917817,28.464643792329));
#909 = ( GEOMETRIC_REPRESENTATION_CONTEXT(2) 
PARAMETRIC_REPRESENTATION_CONTEXT() REPRESENTATION_CONTEXT('2D SPACE',''
  ) );
#910 = PCURVE('',#911,#916);
#911 = CONICAL_SURFACE('',#912,2.7,0.321750554397);
#912 = AXIS2_PLACEMENT_3D('',#913,#914,#915);
#913 = CARTESIAN_POINT('',(27.331133260985,-48.875,20.223974749546));
#914 = DIRECTION('',(0.,1.,0.));
#915 = DIRECTION('',(-1.,0.,0.));
#916 = DEFINITIONAL_REPRESENTATION('',(#917),#921);
#917 = LINE('',#918,#919);
#918 = CARTESIAN_POINT('',(0.,0.375));
#919 = VECTOR('',#920,1.);
#920 = DIRECTION('',(1.,0.));
#921 = ( GEOMETRIC_REPRESENTATION_CONTEXT(2) 
PARAMETRIC_REPRESENTATION_CONTEXT() REPRESENTATION_CONTEXT('2D SPACE',''
  ) );
#922 = FACE_BOUND('',#923,.T.);
#923 = EDGE_LOOP('',(#924));
#924 = ORIENTED_EDGE('',*,*,#925,.F.);
#925 = EDGE_CURVE('',#926,#926,#928,.T.);
#926 = VERTEX_POINT('',#927);
#927 = CARTESIAN_POINT('',(2.825,-48.5,-34.));
#928 = SURFACE_CURVE('',#929,(#934,#945),.PCURVE_S1.);
#929 = CIRCLE('',#930,2.825);
#930 = AXIS2_PLACEMENT_3D('',#931,#932,#933);
#931 = CARTESIAN_POINT('',(-5.405200097032E-14,-48.5,-34.));
#932 = DIRECTION('',(0.,1.,0.));
#933 = DIRECTION('',(-1.,0.,0.));
#934 = PCURVE('',#482,#935);
#935 = DEFINITIONAL_REPRESENTATION('',(#936),#944);
#936 = ( BOUNDED_CURVE() B_SPLINE_CURVE(2,(#937,#938,#939,#940,#941,#942
,#943),.UNSPECIFIED.,.T.,.F.) B_SPLINE_CURVE_WITH_KNOTS((1,2,2,2,2,1),(
    -2.094395102393,0.,2.094395102393,4.188790204786,6.28318530718,
8.377580409573),.UNSPECIFIED.) CURVE() GEOMETRIC_REPRESENTATION_ITEM() 
RATIONAL_B_SPLINE_CURVE((1.,0.5,1.,0.5,1.,0.5,1.)) REPRESENTATION_ITEM(
  '') );
#937 = CARTESIAN_POINT('',(-2.356224343168,-25.75933095721));
#938 = CARTESIAN_POINT('',(-2.356224343168,-20.86628742583));
#939 = CARTESIAN_POINT('',(1.881275656832,-23.31280919152));
#940 = CARTESIAN_POINT('',(6.118775656832,-25.75933095721));
#941 = CARTESIAN_POINT('',(1.881275656832,-28.2058527229));
#942 = CARTESIAN_POINT('',(-2.356224343168,-30.65237448859));
#943 = CARTESIAN_POINT('',(-2.356224343168,-25.75933095721));
#944 = ( GEOMETRIC_REPRESENTATION_CONTEXT(2) 
PARAMETRIC_REPRESENTATION_CONTEXT() REPRESENTATION_CONTEXT('2D SPACE',''
  ) );
#945 = PCURVE('',#946,#951);
#946 = CONICAL_SURFACE('',#947,2.7,0.321750554397);
#947 = AXIS2_PLACEMENT_3D('',#948,#949,#950);
#948 = CARTESIAN_POINT('',(-5.405200097032E-14,-48.875,-34.));
#949 = DIRECTION('',(0.,1.,0.));
#950 = DIRECTION('',(-1.,0.,0.));
#951 = DEFINITIONAL_REPRESENTATION('',(#952),#956);
#952 = LINE('',#953,#954);
#953 = CARTESIAN_POINT('',(0.,0.375));
#954 = VECTOR('',#955,1.);
#955 = DIRECTION('',(1.,0.));
#956 = ( GEOMETRIC_REPRESENTATION_CONTEXT(2) 
PARAMETRIC_REPRESENTATION_CONTEXT() REPRESENTATION_CONTEXT('2D SPACE',''
  ) );
#957 = FACE_BOUND('',#958,.T.);
#958 = EDGE_LOOP('',(#959));
#959 = ORIENTED_EDGE('',*,*,#467,.F.);
#960 = FACE_BOUND('',#961,.T.);
#961 = EDGE_LOOP('',(#962));
#962 = ORIENTED_EDGE('',*,*,#963,.F.);
#963 = EDGE_CURVE('',#964,#964,#966,.T.);
#964 = VERTEX_POINT('',#965);
#965 = CARTESIAN_POINT('',(-31.04561973512,-48.5,2.96329525342));
#966 = SURFACE_CURVE('',#967,(#972,#983),.PCURVE_S1.);
#967 = CIRCLE('',#968,2.825);
#968 = AXIS2_PLACEMENT_3D('',#969,#970,#971);
#969 = CARTESIAN_POINT('',(-33.87061973511,-48.5,2.96329525342));
#970 = DIRECTION('',(0.,1.,0.));
#971 = DIRECTION('',(-1.,0.,0.));
#972 = PCURVE('',#482,#973);
#973 = DEFINITIONAL_REPRESENTATION('',(#974),#982);
#974 = ( BOUNDED_CURVE() B_SPLINE_CURVE(2,(#975,#976,#977,#978,#979,#980
,#981),.UNSPECIFIED.,.T.,.F.) B_SPLINE_CURVE_WITH_KNOTS((1,2,2,2,2,1),(
    -2.094395102393,0.,2.094395102393,4.188790204786,6.28318530718,
8.377580409573),.UNSPECIFIED.) CURVE() GEOMETRIC_REPRESENTATION_ITEM() 
RATIONAL_B_SPLINE_CURVE((1.,0.5,1.,0.5,1.,0.5,1.)) REPRESENTATION_ITEM(
  '') );
#975 = CARTESIAN_POINT('',(-36.22684407828,11.203964296204));
#976 = CARTESIAN_POINT('',(-36.22684407828,16.097007827586));
#977 = CARTESIAN_POINT('',(-31.98934407828,13.650486061895));
#978 = CARTESIAN_POINT('',(-27.75184407828,11.203964296204));
#979 = CARTESIAN_POINT('',(-31.98934407828,8.757442530513));
#980 = CARTESIAN_POINT('',(-36.22684407828,6.310920764822));
#981 = CARTESIAN_POINT('',(-36.22684407828,11.203964296204));
#982 = ( GEOMETRIC_REPRESENTATION_CONTEXT(2) 
PARAMETRIC_REPRESENTATION_CONTEXT() REPRESENTATION_CONTEXT('2D SPACE',''
  ) );
#983 = PCURVE('',#984,#989);
#984 = CONICAL_SURFACE('',#985,2.7,0.321750554397);
#985 = AXIS2_PLACEMENT_3D('',#986,#987,#988);
#986 = CARTESIAN_POINT('',(-33.87061973511,-48.875,2.96329525342));
#987 = DIRECTION('',(0.,1.,0.));
#988 = DIRECTION('',(-1.,0.,0.));
#989 = DEFINITIONAL_REPRESENTATION('',(#990),#994);
#990 = LINE('',#991,#992);
#991 = CARTESIAN_POINT('',(0.,0.375));
#992 = VECTOR('',#993,1.);
#993 = DIRECTION('',(1.,0.));
#994 = ( GEOMETRIC_REPRESENTATION_CONTEXT(2) 
PARAMETRIC_REPRESENTATION_CONTEXT() REPRESENTATION_CONTEXT('2D SPACE',''
  ) );
#995 = ADVANCED_FACE('',(#996),#518,.T.);
#996 = FACE_BOUND('',#997,.F.);
#997 = EDGE_LOOP('',(#998,#1027,#1048,#1049));
#998 = ORIENTED_EDGE('',*,*,#999,.T.);
#999 = EDGE_CURVE('',#1000,#1000,#1002,.T.);
#1000 = VERTEX_POINT('',#1001);
#1001 = CARTESIAN_POINT('',(29.6,-76.2,0.));
#1002 = SURFACE_CURVE('',#1003,(#1008,#1015),.PCURVE_S1.);
#1003 = CIRCLE('',#1004,29.6);
#1004 = AXIS2_PLACEMENT_3D('',#1005,#1006,#1007);
#1005 = CARTESIAN_POINT('',(0.,-76.2,0.));
#1006 = DIRECTION('',(-0.,1.,0.));
#1007 = DIRECTION('',(1.,0.,0.));
#1008 = PCURVE('',#518,#1009);
#1009 = DEFINITIONAL_REPRESENTATION('',(#1010),#1014);
#1010 = LINE('',#1011,#1012);
#1011 = CARTESIAN_POINT('',(-0.,0.));
#1012 = VECTOR('',#1013,1.);
#1013 = DIRECTION('',(-1.,0.));
#1014 = ( GEOMETRIC_REPRESENTATION_CONTEXT(2) 
PARAMETRIC_REPRESENTATION_CONTEXT() REPRESENTATION_CONTEXT('2D SPACE',''
  ) );
#1015 = PCURVE('',#1016,#1021);
#1016 = PLANE('',#1017);
#1017 = AXIS2_PLACEMENT_3D('',#1018,#1019,#1020);
#1018 = CARTESIAN_POINT('',(0.,-76.2,0.));
#1019 = DIRECTION('',(0.,1.,0.));
#1020 = DIRECTION('',(1.,0.,0.));
#1021 = DEFINITIONAL_REPRESENTATION('',(#1022),#1026);
#1022 = CIRCLE('',#1023,29.6);
#1023 = AXIS2_PLACEMENT_2D('',#1024,#1025);
#1024 = CARTESIAN_POINT('',(0.,0.));
#1025 = DIRECTION('',(1.,-0.));
#1026 = ( GEOMETRIC_REPRESENTATION_CONTEXT(2) 
PARAMETRIC_REPRESENTATION_CONTEXT() REPRESENTATION_CONTEXT('2D SPACE',''
  ) );
#1027 = ORIENTED_EDGE('',*,*,#1028,.T.);
#1028 = EDGE_CURVE('',#1000,#502,#1029,.T.);
#1029 = SEAM_CURVE('',#1030,(#1034,#1041),.PCURVE_S1.);
#1030 = LINE('',#1031,#1032);
#1031 = CARTESIAN_POINT('',(29.6,-76.2,0.));
#1032 = VECTOR('',#1033,1.);
#1033 = DIRECTION('',(0.,-1.,0.));
#1034 = PCURVE('',#518,#1035);
#1035 = DEFINITIONAL_REPRESENTATION('',(#1036),#1040);
#1036 = LINE('',#1037,#1038);
#1037 = CARTESIAN_POINT('',(-0.,0.));
#1038 = VECTOR('',#1039,1.);
#1039 = DIRECTION('',(-0.,1.));
#1040 = ( GEOMETRIC_REPRESENTATION_CONTEXT(2) 
PARAMETRIC_REPRESENTATION_CONTEXT() REPRESENTATION_CONTEXT('2D SPACE',''
  ) );
#1041 = PCURVE('',#518,#1042);
#1042 = DEFINITIONAL_REPRESENTATION('',(#1043),#1047);
#1043 = LINE('',#1044,#1045);
#1044 = CARTESIAN_POINT('',(-6.28318530718,0.));
#1045 = VECTOR('',#1046,1.);
#1046 = DIRECTION('',(-0.,1.));
#1047 = ( GEOMETRIC_REPRESENTATION_CONTEXT(2) 
PARAMETRIC_REPRESENTATION_CONTEXT() REPRESENTATION_CONTEXT('2D SPACE',''
  ) );
#1048 = ORIENTED_EDGE('',*,*,#501,.F.);
#1049 = ORIENTED_EDGE('',*,*,#1028,.F.);
#1050 = ADVANCED_FACE('',(#1051),#555,.T.);
#1051 = FACE_BOUND('',#1052,.T.);
#1052 = EDGE_LOOP('',(#1053,#1082,#1111,#1154,#1155));
#1053 = ORIENTED_EDGE('',*,*,#1054,.T.);
#1054 = EDGE_CURVE('',#1055,#1057,#1059,.T.);
#1055 = VERTEX_POINT('',#1056);
#1056 = CARTESIAN_POINT('',(1.2,-49.11768657475,40.7));
#1057 = VERTEX_POINT('',#1058);
#1058 = CARTESIAN_POINT('',(1.2,-49.4,40.982435261951));
#1059 = SURFACE_CURVE('',#1060,(#1064,#1070),.PCURVE_S1.);
#1060 = LINE('',#1061,#1062);
#1061 = CARTESIAN_POINT('',(1.2,-49.,40.582259441496));
#1062 = VECTOR('',#1063,1.);
#1063 = DIRECTION('',(0.,-0.706952242009,0.707261286596));
#1064 = PCURVE('',#555,#1065);
#1065 = DEFINITIONAL_REPRESENTATION('',(#1066),#1069);
#1066 = B_SPLINE_CURVE_WITH_KNOTS('',1,(#1067,#1068),.UNSPECIFIED.,.F.,
  .F.,(2,2),(0.166472126769,0.565809762443),.PIECEWISE_BEZIER_KNOTS.);
#1067 = CARTESIAN_POINT('',(1.327055619778,0.167686575308));
#1068 = CARTESIAN_POINT('',(1.327258637731,0.450000000208));
#1069 = ( GEOMETRIC_REPRESENTATION_CONTEXT(2) 
PARAMETRIC_REPRESENTATION_CONTEXT() REPRESENTATION_CONTEXT('2D SPACE',''
  ) );
#1070 = PCURVE('',#1071,#1076);
#1071 = PLANE('',#1072);
#1072 = AXIS2_PLACEMENT_3D('',#1073,#1074,#1075);
#1073 = CARTESIAN_POINT('',(1.2,-48.5,40.982435261951));
#1074 = DIRECTION('',(1.,0.,0.));
#1075 = DIRECTION('',(0.,0.,-1.));
#1076 = DEFINITIONAL_REPRESENTATION('',(#1077),#1081);
#1077 = LINE('',#1078,#1079);
#1078 = CARTESIAN_POINT('',(0.400175820454,-0.5));
#1079 = VECTOR('',#1080,1.);
#1080 = DIRECTION('',(-0.707261286596,-0.706952242009));
#1081 = ( GEOMETRIC_REPRESENTATION_CONTEXT(2) 
PARAMETRIC_REPRESENTATION_CONTEXT() REPRESENTATION_CONTEXT('2D SPACE',''
  ) );
#1082 = ORIENTED_EDGE('',*,*,#1083,.T.);
#1083 = EDGE_CURVE('',#1057,#1084,#1086,.T.);
#1084 = VERTEX_POINT('',#1085);
#1085 = CARTESIAN_POINT('',(40.062448686336,-49.4,8.717809659236));
#1086 = SURFACE_CURVE('',#1087,(#1092,#1099),.PCURVE_S1.);
#1087 = CIRCLE('',#1088,41.);
#1088 = AXIS2_PLACEMENT_3D('',#1089,#1090,#1091);
#1089 = CARTESIAN_POINT('',(-4.440892098501E-15,-49.4,0.));
#1090 = DIRECTION('',(0.,1.,0.));
#1091 = DIRECTION('',(0.977132894789,-0.,0.212629503884));
#1092 = PCURVE('',#555,#1093);
#1093 = DEFINITIONAL_REPRESENTATION('',(#1094),#1098);
#1094 = LINE('',#1095,#1096);
#1095 = CARTESIAN_POINT('',(6.28318530718,0.45));
#1096 = VECTOR('',#1097,1.);
#1097 = DIRECTION('',(-1.,5.382463132715E-15));
#1098 = ( GEOMETRIC_REPRESENTATION_CONTEXT(2) 
PARAMETRIC_REPRESENTATION_CONTEXT() REPRESENTATION_CONTEXT('2D SPACE',''
  ) );
#1099 = PCURVE('',#1100,#1105);
#1100 = CYLINDRICAL_SURFACE('',#1101,41.);
#1101 = AXIS2_PLACEMENT_3D('',#1102,#1103,#1104);
#1102 = CARTESIAN_POINT('',(-4.440892098501E-15,-48.5,0.));
#1103 = DIRECTION('',(0.,-1.,0.));
#1104 = DIRECTION('',(-0.525576949618,0.,0.850746066714));
#1105 = DEFINITIONAL_REPRESENTATION('',(#1106),#1110);
#1106 = LINE('',#1107,#1108);
#1107 = CARTESIAN_POINT('',(10.656446363138,0.9));
#1108 = VECTOR('',#1109,1.);
#1109 = DIRECTION('',(-1.,0.));
#1110 = ( GEOMETRIC_REPRESENTATION_CONTEXT(2) 
PARAMETRIC_REPRESENTATION_CONTEXT() REPRESENTATION_CONTEXT('2D SPACE',''
  ) );
#1111 = ORIENTED_EDGE('',*,*,#1112,.T.);
#1112 = EDGE_CURVE('',#1084,#537,#1113,.T.);
#1113 = SURFACE_CURVE('',#1114,(#1118,#1147),.PCURVE_S1.);
#1114 = ( BOUNDED_CURVE() B_SPLINE_CURVE(2,(#1115,#1116,#1117),
.UNSPECIFIED.,.F.,.F.) B_SPLINE_CURVE_WITH_KNOTS((3,3),(0.722565524905,
1.451746382194),.PIECEWISE_BEZIER_KNOTS.) CURVE() 
GEOMETRIC_REPRESENTATION_ITEM() RATIONAL_B_SPLINE_CURVE((1.007401042971,
1.0074349225,1.)) REPRESENTATION_ITEM('') );
#1115 = CARTESIAN_POINT('',(40.062448686336,-49.4,8.717809659236));
#1116 = CARTESIAN_POINT('',(40.062448686336,-48.64938526383,
    5.187656399913));
#1117 = CARTESIAN_POINT('',(40.062448686336,-48.5,1.734994309691));
#1118 = PCURVE('',#555,#1119);
#1119 = DEFINITIONAL_REPRESENTATION('',(#1120),#1146);
#1120 = B_SPLINE_CURVE_WITH_KNOTS('',3,(#1121,#1122,#1123,#1124,#1125,
    #1126,#1127,#1128,#1129,#1130,#1131,#1132,#1133,#1134,#1135,#1136,
    #1137,#1138,#1139,#1140,#1141,#1142,#1143,#1144,#1145),
  .UNSPECIFIED.,.F.,.F.,(4,1,1,1,1,1,1,1,1,1,1,1,1,1,1,1,1,1,1,1,1,1,4),
  (0.722565524905,0.755710109327,0.788854693749,0.821999278172,
    0.855143862594,0.888288447016,0.921433031438,0.954577615861,
    0.987722200283,1.020866784705,1.054011369127,1.08715595355,
    1.120300537972,1.153445122394,1.186589706816,1.219734291239,
    1.252878875661,1.286023460083,1.319168044505,1.352312628928,
    1.38545721335,1.418601797772,1.451746382194),.QUASI_UNIFORM_KNOTS.);
#1121 = CARTESIAN_POINT('',(0.,0.45));
#1122 = CARTESIAN_POINT('',(-2.549552581777E-03,0.427253372257));
#1123 = CARTESIAN_POINT('',(-7.652894065897E-03,0.382597427078));
#1124 = CARTESIAN_POINT('',(-1.532041982387E-02,0.318119880939));
#1125 = CARTESIAN_POINT('',(-2.300026450195E-02,0.256142967158));
#1126 = CARTESIAN_POINT('',(-3.069223062469E-02,0.196661576404));
#1127 = CARTESIAN_POINT('',(-3.83961188687E-02,0.139671010431));
#1128 = CARTESIAN_POINT('',(-4.611172782078E-02,8.516703914021E-02));
#1129 = CARTESIAN_POINT('',(-5.383885407401E-02,3.314588398027E-02));
#1130 = CARTESIAN_POINT('',(-6.157729223441E-02,-1.639577865175E-02));
#1131 = CARTESIAN_POINT('',(-6.932683495246E-02,-6.346081910536E-02));
#1132 = CARTESIAN_POINT('',(-7.708727294912E-02,-0.108051654542));
#1133 = CARTESIAN_POINT('',(-8.485839504421E-02,-0.150170249173));
#1134 = CARTESIAN_POINT('',(-9.263998818526E-02,-0.189818114189));
#1135 = CARTESIAN_POINT('',(-0.100431837477,-0.226996307503));
#1136 = CARTESIAN_POINT('',(-0.108233726213,-0.261705433282));
#1137 = CARTESIAN_POINT('',(-0.116045435904,-0.293945641281));
#1138 = CARTESIAN_POINT('',(-0.123866746312,-0.32371662588));
#1139 = CARTESIAN_POINT('',(-0.131697435486,-0.35101762528));
#1140 = CARTESIAN_POINT('',(-0.139537279787,-0.375847419048));
#1141 = CARTESIAN_POINT('',(-0.147386053937,-0.398204330842));
#1142 = CARTESIAN_POINT('',(-0.155243531007,-0.41808621079));
#1143 = CARTESIAN_POINT('',(-0.163109482639,-0.435490492728));
#1144 = CARTESIAN_POINT('',(-0.168358946459,-0.445439478296));
#1145 = CARTESIAN_POINT('',(-0.170985014075,-0.45));
#1146 = ( GEOMETRIC_REPRESENTATION_CONTEXT(2) 
PARAMETRIC_REPRESENTATION_CONTEXT() REPRESENTATION_CONTEXT('2D SPACE',''
  ) );
#1147 = PCURVE('',#583,#1148);
#1148 = DEFINITIONAL_REPRESENTATION('',(#1149),#1153);
#1149 = ( BOUNDED_CURVE() B_SPLINE_CURVE(2,(#1150,#1151,#1152),
.UNSPECIFIED.,.F.,.F.) B_SPLINE_CURVE_WITH_KNOTS((3,3),(0.722565524905,
1.451746382194),.PIECEWISE_BEZIER_KNOTS.) CURVE() 
GEOMETRIC_REPRESENTATION_ITEM() RATIONAL_B_SPLINE_CURVE((1.007401042971,
1.0074349225,1.)) REPRESENTATION_ITEM('') );
#1150 = CARTESIAN_POINT('',(17.435619318471,0.9));
#1151 = CARTESIAN_POINT('',(13.905466059148,0.149385263837));
#1152 = CARTESIAN_POINT('',(10.452803968927,0.));
#1153 = ( GEOMETRIC_REPRESENTATION_CONTEXT(2) 
PARAMETRIC_REPRESENTATION_CONTEXT() REPRESENTATION_CONTEXT('2D SPACE',''
  ) );
#1154 = ORIENTED_EDGE('',*,*,#536,.T.);
#1155 = ORIENTED_EDGE('',*,*,#1156,.F.);
#1156 = EDGE_CURVE('',#1055,#539,#1157,.T.);
#1157 = SURFACE_CURVE('',#1158,(#1167,#1196),.PCURVE_S1.);
#1158 = B_SPLINE_CURVE_WITH_KNOTS('',3,(#1159,#1160,#1161,#1162,#1163,
    #1164,#1165,#1166),.UNSPECIFIED.,.F.,.F.,(4,2,2,4),(0.443393355376,
    0.44836407338,0.512569459678,0.528230288631),.UNSPECIFIED.);
#1159 = CARTESIAN_POINT('',(1.2,-49.11768657475,40.7));
#1160 = CARTESIAN_POINT('',(1.2,-49.10581897564,40.688127243713));
#1161 = CARTESIAN_POINT('',(1.199823739481,-49.09402183072,
    40.676330165758));
#1162 = CARTESIAN_POINT('',(1.195016379044,-48.93097218923,
    40.513351409851));
#1163 = CARTESIAN_POINT('',(1.160256160742,-48.76687863287,
    40.350255676728));
#1164 = CARTESIAN_POINT('',(1.07219869112,-48.57385690042,
    40.159549701277));
#1165 = CARTESIAN_POINT('',(1.052851572111,-48.53652277658,
    40.122716544004));
#1166 = CARTESIAN_POINT('',(1.031456537722,-48.5,40.086732186732));
#1167 = PCURVE('',#555,#1168);
#1168 = DEFINITIONAL_REPRESENTATION('',(#1169),#1195);
#1169 = B_SPLINE_CURVE_WITH_KNOTS('',3,(#1170,#1171,#1172,#1173,#1174,
    #1175,#1176,#1177,#1178,#1179,#1180,#1181,#1182,#1183,#1184,#1185,
    #1186,#1187,#1188,#1189,#1190,#1191,#1192,#1193,#1194),
  .UNSPECIFIED.,.F.,.F.,(4,1,1,1,1,1,1,1,1,1,1,1,1,1,1,1,1,1,1,1,1,1,4),
  (0.443393355376,0.447249579615,0.451105803854,0.454962028092,
    0.458818252331,0.46267447657,0.466530700809,0.470386925048,
    0.474243149287,0.478099373526,0.481955597764,0.485811822003,
    0.489668046242,0.493524270481,0.49738049472,0.501236718959,
    0.505092943198,0.508949167436,0.512805391675,0.516661615914,
    0.520517840153,0.524374064392,0.528230288631),
  .QUASI_UNIFORM_KNOTS.);
#1170 = CARTESIAN_POINT('',(1.327055620696,0.167686574755));
#1171 = CARTESIAN_POINT('',(1.327049021197,0.15845911763));
#1172 = CARTESIAN_POINT('',(1.327040853222,0.140169993821));
#1173 = CARTESIAN_POINT('',(1.327044158941,0.112907351517));
#1174 = CARTESIAN_POINT('',(1.327063597581,8.530521388509E-02));
#1175 = CARTESIAN_POINT('',(1.327099357197,5.749778004189E-02));
#1176 = CARTESIAN_POINT('',(1.327151688957,2.948466546413E-02));
#1177 = CARTESIAN_POINT('',(1.32722082844,1.30156913796E-03));
#1178 = CARTESIAN_POINT('',(1.327307016603,-2.702545561785E-02));
#1179 = CARTESIAN_POINT('',(1.327410494023,-5.546774708824E-02));
#1180 = CARTESIAN_POINT('',(1.327531502311,-8.399731766303E-02));
#1181 = CARTESIAN_POINT('',(1.327670283591,-0.11258597325));
#1182 = CARTESIAN_POINT('',(1.327827080475,-0.141205548408));
#1183 = CARTESIAN_POINT('',(1.328002135986,-0.169827841626));
#1184 = CARTESIAN_POINT('',(1.328195693179,-0.198424634231));
#1185 = CARTESIAN_POINT('',(1.32840799599,-0.226967674575));
#1186 = CARTESIAN_POINT('',(1.328639285425,-0.255428717435));
#1187 = CARTESIAN_POINT('',(1.328889813183,-0.283779377205));
#1188 = CARTESIAN_POINT('',(1.329159790134,-0.311991670674));
#1189 = CARTESIAN_POINT('',(1.329449577945,-0.340035987613));
#1190 = CARTESIAN_POINT('',(1.329758966646,-0.367888730355));
#1191 = CARTESIAN_POINT('',(1.330087635627,-0.395526585486));
#1192 = CARTESIAN_POINT('',(1.330435645606,-0.422922179618));
#1193 = CARTESIAN_POINT('',(1.33068051653,-0.441006858968));
#1194 = CARTESIAN_POINT('',(1.330806165642,-0.45));
#1195 = ( GEOMETRIC_REPRESENTATION_CONTEXT(2) 
PARAMETRIC_REPRESENTATION_CONTEXT() REPRESENTATION_CONTEXT('2D SPACE',''
  ) );
#1196 = PCURVE('',#876,#1197);
#1197 = DEFINITIONAL_REPRESENTATION('',(#1198),#1224);
#1198 = B_SPLINE_CURVE_WITH_KNOTS('',3,(#1199,#1200,#1201,#1202,#1203,
    #1204,#1205,#1206,#1207,#1208,#1209,#1210,#1211,#1212,#1213,#1214,
    #1215,#1216,#1217,#1218,#1219,#1220,#1221,#1222,#1223),
  .UNSPECIFIED.,.F.,.F.,(4,1,1,1,1,1,1,1,1,1,1,1,1,1,1,1,1,1,1,1,1,1,4),
  (0.443393355376,0.447249579615,0.451105803854,0.454962028092,
    0.458818252331,0.46267447657,0.466530700809,0.470386925048,
    0.474243149287,0.478099373526,0.481955597764,0.485811822003,
    0.489668046242,0.493524270481,0.49738049472,0.501236718959,
    0.505092943198,0.508949167436,0.512805391675,0.516661615914,
    0.520517840153,0.524374064392,0.528230288631),
  .QUASI_UNIFORM_KNOTS.);
#1199 = CARTESIAN_POINT('',(3.14159265359,-0.617686574755));
#1200 = CARTESIAN_POINT('',(3.149285595046,-0.608459109892));
#1201 = CARTESIAN_POINT('',(3.164527928384,-0.590170007287));
#1202 = CARTESIAN_POINT('',(3.187245487208,-0.562907315682));
#1203 = CARTESIAN_POINT('',(3.210254938912,-0.5353046806));
#1204 = CARTESIAN_POINT('',(3.233458174722,-0.507496549787));
#1205 = CARTESIAN_POINT('',(3.256868988318,-0.47948263421));
#1206 = CARTESIAN_POINT('',(3.28047132751,-0.451298747445));
#1207 = CARTESIAN_POINT('',(3.304257365117,-0.422971029404));
#1208 = CARTESIAN_POINT('',(3.328217391118,-0.394528212053));
#1209 = CARTESIAN_POINT('',(3.352342617094,-0.365998332808));
#1210 = CARTESIAN_POINT('',(3.376624522891,-0.337409615225));
#1211 = CARTESIAN_POINT('',(3.401055130861,-0.308790232851));
#1212 = CARTESIAN_POINT('',(3.425627032309,-0.280168373134));
#1213 = CARTESIAN_POINT('',(3.450333478519,-0.251572217918));
#1214 = CARTESIAN_POINT('',(3.475168458559,-0.22302995757));
#1215 = CARTESIAN_POINT('',(3.500126759305,-0.194569753971));
#1216 = CARTESIAN_POINT('',(3.525204100686,-0.166219874413));
#1217 = CARTESIAN_POINT('',(3.550396975948,-0.138008193036));
#1218 = CARTESIAN_POINT('',(3.575703582519,-0.109964051175));
#1219 = CARTESIAN_POINT('',(3.601120640154,-8.211125045918E-02));
#1220 = CARTESIAN_POINT('',(3.626642902415,-5.44733992987E-02));
#1221 = CARTESIAN_POINT('',(3.652267130789,-2.707781148521E-02));
#1222 = CARTESIAN_POINT('',(3.669415841873,-8.993139300167E-03));
#1223 = CARTESIAN_POINT('',(3.678006143878,0.));
#1224 = ( GEOMETRIC_REPRESENTATION_CONTEXT(2) 
PARAMETRIC_REPRESENTATION_CONTEXT() REPRESENTATION_CONTEXT('2D SPACE',''
  ) );
#1225 = ADVANCED_FACE('',(#1226),#583,.T.);
#1226 = FACE_BOUND('',#1227,.T.);
#1227 = EDGE_LOOP('',(#1228,#1229,#1252,#1280,#1308,#1351));
#1228 = ORIENTED_EDGE('',*,*,#1112,.F.);
#1229 = ORIENTED_EDGE('',*,*,#1230,.T.);
#1230 = EDGE_CURVE('',#1084,#1231,#1233,.T.);
#1231 = VERTEX_POINT('',#1232);
#1232 = CARTESIAN_POINT('',(40.062448686336,-51.5,8.717809659236));
#1233 = SURFACE_CURVE('',#1234,(#1238,#1245),.PCURVE_S1.);
#1234 = LINE('',#1235,#1236);
#1235 = CARTESIAN_POINT('',(40.062448686336,-48.5,8.717809659236));
#1236 = VECTOR('',#1237,1.);
#1237 = DIRECTION('',(0.,-1.,0.));
#1238 = PCURVE('',#583,#1239);
#1239 = DEFINITIONAL_REPRESENTATION('',(#1240),#1244);
#1240 = LINE('',#1241,#1242);
#1241 = CARTESIAN_POINT('',(17.435619318471,0.));
#1242 = VECTOR('',#1243,1.);
#1243 = DIRECTION('',(0.,1.));
#1244 = ( GEOMETRIC_REPRESENTATION_CONTEXT(2) 
PARAMETRIC_REPRESENTATION_CONTEXT() REPRESENTATION_CONTEXT('2D SPACE',''
  ) );
#1245 = PCURVE('',#1100,#1246);
#1246 = DEFINITIONAL_REPRESENTATION('',(#1247),#1251);
#1247 = LINE('',#1248,#1249);
#1248 = CARTESIAN_POINT('',(4.373261055959,0.));
#1249 = VECTOR('',#1250,1.);
#1250 = DIRECTION('',(0.,1.));
#1251 = ( GEOMETRIC_REPRESENTATION_CONTEXT(2) 
PARAMETRIC_REPRESENTATION_CONTEXT() REPRESENTATION_CONTEXT('2D SPACE',''
  ) );
#1252 = ORIENTED_EDGE('',*,*,#1253,.F.);
#1253 = EDGE_CURVE('',#1254,#1231,#1256,.T.);
#1254 = VERTEX_POINT('',#1255);
#1255 = CARTESIAN_POINT('',(40.062448686336,-51.5,-8.717809659236));
#1256 = SURFACE_CURVE('',#1257,(#1261,#1268),.PCURVE_S1.);
#1257 = LINE('',#1258,#1259);
#1258 = CARTESIAN_POINT('',(40.062448686336,-51.5,-8.717809659236));
#1259 = VECTOR('',#1260,1.);
#1260 = DIRECTION('',(0.,0.,1.));
#1261 = PCURVE('',#583,#1262);
#1262 = DEFINITIONAL_REPRESENTATION('',(#1263),#1267);
#1263 = LINE('',#1264,#1265);
#1264 = CARTESIAN_POINT('',(0.,3.));
#1265 = VECTOR('',#1266,1.);
#1266 = DIRECTION('',(1.,0.));
#1267 = ( GEOMETRIC_REPRESENTATION_CONTEXT(2) 
PARAMETRIC_REPRESENTATION_CONTEXT() REPRESENTATION_CONTEXT('2D SPACE',''
  ) );
#1268 = PCURVE('',#1269,#1274);
#1269 = PLANE('',#1270);
#1270 = AXIS2_PLACEMENT_3D('',#1271,#1272,#1273);
#1271 = CARTESIAN_POINT('',(-0.468775656832,-51.5,-8.240669042783));
#1272 = DIRECTION('',(0.,-1.,0.));
#1273 = DIRECTION('',(1.,0.,0.));
#1274 = DEFINITIONAL_REPRESENTATION('',(#1275),#1279);
#1275 = LINE('',#1276,#1277);
#1276 = CARTESIAN_POINT('',(40.531224343168,-0.477140616452));
#1277 = VECTOR('',#1278,1.);
#1278 = DIRECTION('',(0.,1.));
#1279 = ( GEOMETRIC_REPRESENTATION_CONTEXT(2) 
PARAMETRIC_REPRESENTATION_CONTEXT() REPRESENTATION_CONTEXT('2D SPACE',''
  ) );
#1280 = ORIENTED_EDGE('',*,*,#1281,.F.);
#1281 = EDGE_CURVE('',#1282,#1254,#1284,.T.);
#1282 = VERTEX_POINT('',#1283);
#1283 = CARTESIAN_POINT('',(40.062448686336,-49.4,-8.717809659236));
#1284 = SURFACE_CURVE('',#1285,(#1289,#1296),.PCURVE_S1.);
#1285 = LINE('',#1286,#1287);
#1286 = CARTESIAN_POINT('',(40.062448686336,-48.5,-8.717809659236));
#1287 = VECTOR('',#1288,1.);
#1288 = DIRECTION('',(0.,-1.,0.));
#1289 = PCURVE('',#583,#1290);
#1290 = DEFINITIONAL_REPRESENTATION('',(#1291),#1295);
#1291 = LINE('',#1292,#1293);
#1292 = CARTESIAN_POINT('',(0.,0.));
#1293 = VECTOR('',#1294,1.);
#1294 = DIRECTION('',(0.,1.));
#1295 = ( GEOMETRIC_REPRESENTATION_CONTEXT(2) 
PARAMETRIC_REPRESENTATION_CONTEXT() REPRESENTATION_CONTEXT('2D SPACE',''
  ) );
#1296 = PCURVE('',#1297,#1302);
#1297 = CYLINDRICAL_SURFACE('',#1298,41.);
#1298 = AXIS2_PLACEMENT_3D('',#1299,#1300,#1301);
#1299 = CARTESIAN_POINT('',(-4.440892098501E-15,-48.5,0.));
#1300 = DIRECTION('',(0.,-1.,0.));
#1301 = DIRECTION('',(0.627450980392,0.,-0.778656064771));
#1302 = DEFINITIONAL_REPRESENTATION('',(#1303),#1307);
#1303 = LINE('',#1304,#1305);
#1304 = CARTESIAN_POINT('',(0.678255848852,0.));
#1305 = VECTOR('',#1306,1.);
#1306 = DIRECTION('',(0.,1.));
#1307 = ( GEOMETRIC_REPRESENTATION_CONTEXT(2) 
PARAMETRIC_REPRESENTATION_CONTEXT() REPRESENTATION_CONTEXT('2D SPACE',''
  ) );
#1308 = ORIENTED_EDGE('',*,*,#1309,.F.);
#1309 = EDGE_CURVE('',#568,#1282,#1310,.T.);
#1310 = SURFACE_CURVE('',#1311,(#1315,#1322),.PCURVE_S1.);
#1311 = ( BOUNDED_CURVE() B_SPLINE_CURVE(2,(#1312,#1313,#1314),
.UNSPECIFIED.,.F.,.F.) B_SPLINE_CURVE_WITH_KNOTS((3,3),(0.,
0.729180857289),.PIECEWISE_BEZIER_KNOTS.) CURVE() 
GEOMETRIC_REPRESENTATION_ITEM() RATIONAL_B_SPLINE_CURVE((1.,1.0074349225
,1.007401042971)) REPRESENTATION_ITEM('') );
#1312 = CARTESIAN_POINT('',(40.062448686336,-48.5,-1.734994309691));
#1313 = CARTESIAN_POINT('',(40.062448686336,-48.64938526383,
    -5.187656399913));
#1314 = CARTESIAN_POINT('',(40.062448686336,-49.4,-8.717809659236));
#1315 = PCURVE('',#583,#1316);
#1316 = DEFINITIONAL_REPRESENTATION('',(#1317),#1321);
#1317 = ( BOUNDED_CURVE() B_SPLINE_CURVE(2,(#1318,#1319,#1320),
.UNSPECIFIED.,.F.,.F.) B_SPLINE_CURVE_WITH_KNOTS((3,3),(0.,
0.729180857289),.PIECEWISE_BEZIER_KNOTS.) CURVE() 
GEOMETRIC_REPRESENTATION_ITEM() RATIONAL_B_SPLINE_CURVE((1.,1.0074349225
,1.007401042971)) REPRESENTATION_ITEM('') );
#1318 = CARTESIAN_POINT('',(6.982815349545,0.));
#1319 = CARTESIAN_POINT('',(3.530153259323,0.149385263837));
#1320 = CARTESIAN_POINT('',(0.,0.9));
#1321 = ( GEOMETRIC_REPRESENTATION_CONTEXT(2) 
PARAMETRIC_REPRESENTATION_CONTEXT() REPRESENTATION_CONTEXT('2D SPACE',''
  ) );
#1322 = PCURVE('',#612,#1323);
#1323 = DEFINITIONAL_REPRESENTATION('',(#1324),#1350);
#1324 = B_SPLINE_CURVE_WITH_KNOTS('',3,(#1325,#1326,#1327,#1328,#1329,
    #1330,#1331,#1332,#1333,#1334,#1335,#1336,#1337,#1338,#1339,#1340,
    #1341,#1342,#1343,#1344,#1345,#1346,#1347,#1348,#1349),
  .UNSPECIFIED.,.F.,.F.,(4,1,1,1,1,1,1,1,1,1,1,1,1,1,1,1,1,1,1,1,1,1,4),
  (0.,3.314458442225E-02,6.62891688445E-02,9.943375326675E-02,
    0.132578337689,0.165722922111,0.198867506533,0.232012090956,
    0.265156675378,0.2983012598,0.331445844222,0.364590428645,
    0.397735013067,0.430879597489,0.464024181911,0.497168766334,
    0.530313350756,0.563457935178,0.5966025196,0.629747104023,
    0.662891688445,0.696036272867,0.729180857289),
  .QUASI_UNIFORM_KNOTS.);
#1325 = CARTESIAN_POINT('',(0.849240862927,-0.45));
#1326 = CARTESIAN_POINT('',(0.846614795311,-0.445439478296));
#1327 = CARTESIAN_POINT('',(0.841365331491,-0.435490492728));
#1328 = CARTESIAN_POINT('',(0.833499379859,-0.41808621079));
#1329 = CARTESIAN_POINT('',(0.825641902789,-0.398204330841));
#1330 = CARTESIAN_POINT('',(0.817793128639,-0.375847419048));
#1331 = CARTESIAN_POINT('',(0.809953284339,-0.35101762528));
#1332 = CARTESIAN_POINT('',(0.802122595165,-0.32371662588));
#1333 = CARTESIAN_POINT('',(0.794301284756,-0.293945641281));
#1334 = CARTESIAN_POINT('',(0.786489575065,-0.261705433282));
#1335 = CARTESIAN_POINT('',(0.77868768633,-0.226996307503));
#1336 = CARTESIAN_POINT('',(0.770895837038,-0.189818114189));
#1337 = CARTESIAN_POINT('',(0.763114243897,-0.150170249173));
#1338 = CARTESIAN_POINT('',(0.755343121801,-0.108051654542));
#1339 = CARTESIAN_POINT('',(0.747582683805,-6.346081910537E-02));
#1340 = CARTESIAN_POINT('',(0.739833141087,-1.639577865175E-02));
#1341 = CARTESIAN_POINT('',(0.732094702926,3.314588398025E-02));
#1342 = CARTESIAN_POINT('',(0.724367576673,8.516703914021E-02));
#1343 = CARTESIAN_POINT('',(0.716651967721,0.139671010431));
#1344 = CARTESIAN_POINT('',(0.708948079477,0.196661576404));
#1345 = CARTESIAN_POINT('',(0.701256113354,0.256142967158));
#1346 = CARTESIAN_POINT('',(0.693576268676,0.318119880939));
#1347 = CARTESIAN_POINT('',(0.685908742918,0.382597427078));
#1348 = CARTESIAN_POINT('',(0.680805401434,0.427253372257));
#1349 = CARTESIAN_POINT('',(0.678255848852,0.45));
#1350 = ( GEOMETRIC_REPRESENTATION_CONTEXT(2) 
PARAMETRIC_REPRESENTATION_CONTEXT() REPRESENTATION_CONTEXT('2D SPACE',''
  ) );
#1351 = ORIENTED_EDGE('',*,*,#567,.T.);
#1352 = ADVANCED_FACE('',(#1353),#612,.T.);
#1353 = FACE_BOUND('',#1354,.T.);
#1354 = EDGE_LOOP('',(#1355,#1356,#1380,#1401));
#1355 = ORIENTED_EDGE('',*,*,#1309,.T.);
#1356 = ORIENTED_EDGE('',*,*,#1357,.T.);
#1357 = EDGE_CURVE('',#1282,#1358,#1360,.T.);
#1358 = VERTEX_POINT('',#1359);
#1359 = CARTESIAN_POINT('',(25.725490196078,-49.4,-31.92489865561));
#1360 = SURFACE_CURVE('',#1361,(#1366,#1373),.PCURVE_S1.);
#1361 = CIRCLE('',#1362,41.);
#1362 = AXIS2_PLACEMENT_3D('',#1363,#1364,#1365);
#1363 = CARTESIAN_POINT('',(-4.440892098501E-15,-49.4,0.));
#1364 = DIRECTION('',(0.,1.,0.));
#1365 = DIRECTION('',(0.627450980392,0.,-0.778656064771));
#1366 = PCURVE('',#612,#1367);
#1367 = DEFINITIONAL_REPRESENTATION('',(#1368),#1372);
#1368 = LINE('',#1369,#1370);
#1369 = CARTESIAN_POINT('',(6.28318530718,0.45));
#1370 = VECTOR('',#1371,1.);
#1371 = DIRECTION('',(-1.,5.324263198147E-15));
#1372 = ( GEOMETRIC_REPRESENTATION_CONTEXT(2) 
PARAMETRIC_REPRESENTATION_CONTEXT() REPRESENTATION_CONTEXT('2D SPACE',''
  ) );
#1373 = PCURVE('',#1297,#1374);
#1374 = DEFINITIONAL_REPRESENTATION('',(#1375),#1379);
#1375 = LINE('',#1376,#1377);
#1376 = CARTESIAN_POINT('',(6.28318530718,0.9));
#1377 = VECTOR('',#1378,1.);
#1378 = DIRECTION('',(-1.,0.));
#1379 = ( GEOMETRIC_REPRESENTATION_CONTEXT(2) 
PARAMETRIC_REPRESENTATION_CONTEXT() REPRESENTATION_CONTEXT('2D SPACE',''
  ) );
#1380 = ORIENTED_EDGE('',*,*,#1381,.F.);
#1381 = EDGE_CURVE('',#596,#1358,#1382,.T.);
#1382 = SURFACE_CURVE('',#1383,(#1387,#1394),.PCURVE_S1.);
#1383 = LINE('',#1384,#1385);
#1384 = CARTESIAN_POINT('',(25.160784313726,-48.5,-31.22410819732));
#1385 = VECTOR('',#1386,1.);
#1386 = DIRECTION('',(0.443674843097,-0.707106781187,-0.550592983612));
#1387 = PCURVE('',#612,#1388);
#1388 = DEFINITIONAL_REPRESENTATION('',(#1389),#1393);
#1389 = LINE('',#1390,#1391);
#1390 = CARTESIAN_POINT('',(0.,-0.45));
#1391 = VECTOR('',#1392,1.);
#1392 = DIRECTION('',(0.,1.));
#1393 = ( GEOMETRIC_REPRESENTATION_CONTEXT(2) 
PARAMETRIC_REPRESENTATION_CONTEXT() REPRESENTATION_CONTEXT('2D SPACE',''
  ) );
#1394 = PCURVE('',#645,#1395);
#1395 = DEFINITIONAL_REPRESENTATION('',(#1396),#1400);
#1396 = LINE('',#1397,#1398);
#1397 = CARTESIAN_POINT('',(6.28318530718,0.45));
#1398 = VECTOR('',#1399,1.);
#1399 = DIRECTION('',(0.,-1.));
#1400 = ( GEOMETRIC_REPRESENTATION_CONTEXT(2) 
PARAMETRIC_REPRESENTATION_CONTEXT() REPRESENTATION_CONTEXT('2D SPACE',''
  ) );
#1401 = ORIENTED_EDGE('',*,*,#595,.T.);
#1402 = ADVANCED_FACE('',(#1403),#645,.F.);
#1403 = FACE_BOUND('',#1404,.F.);
#1404 = EDGE_LOOP('',(#1405,#1434,#1435,#1436));
#1405 = ORIENTED_EDGE('',*,*,#1406,.F.);
#1406 = EDGE_CURVE('',#1358,#1407,#1409,.T.);
#1407 = VERTEX_POINT('',#1408);
#1408 = CARTESIAN_POINT('',(22.,-49.4,-39.71145930333));
#1409 = SURFACE_CURVE('',#1410,(#1415,#1422),.PCURVE_S1.);
#1410 = CIRCLE('',#1411,10.);
#1411 = AXIS2_PLACEMENT_3D('',#1412,#1413,#1414);
#1412 = CARTESIAN_POINT('',(32.,-49.4,-39.71145930333));
#1413 = DIRECTION('',(0.,-1.,0.));
#1414 = DIRECTION('',(-0.627450980392,0.,0.778656064771));
#1415 = PCURVE('',#645,#1416);
#1416 = DEFINITIONAL_REPRESENTATION('',(#1417),#1421);
#1417 = LINE('',#1418,#1419);
#1418 = CARTESIAN_POINT('',(6.28318530718,-0.45));
#1419 = VECTOR('',#1420,1.);
#1420 = DIRECTION('',(-1.,0.));
#1421 = ( GEOMETRIC_REPRESENTATION_CONTEXT(2) 
PARAMETRIC_REPRESENTATION_CONTEXT() REPRESENTATION_CONTEXT('2D SPACE',''
  ) );
#1422 = PCURVE('',#1423,#1428);
#1423 = CYLINDRICAL_SURFACE('',#1424,10.);
#1424 = AXIS2_PLACEMENT_3D('',#1425,#1426,#1427);
#1425 = CARTESIAN_POINT('',(32.,-48.5,-39.71145930333));
#1426 = DIRECTION('',(0.,-1.,0.));
#1427 = DIRECTION('',(-0.627450980392,0.,0.778656064771));
#1428 = DEFINITIONAL_REPRESENTATION('',(#1429),#1433);
#1429 = LINE('',#1430,#1431);
#1430 = CARTESIAN_POINT('',(0.,0.9));
#1431 = VECTOR('',#1432,1.);
#1432 = DIRECTION('',(1.,0.));
#1433 = ( GEOMETRIC_REPRESENTATION_CONTEXT(2) 
PARAMETRIC_REPRESENTATION_CONTEXT() REPRESENTATION_CONTEXT('2D SPACE',''
  ) );
#1434 = ORIENTED_EDGE('',*,*,#1381,.F.);
#1435 = ORIENTED_EDGE('',*,*,#624,.F.);
#1436 = ORIENTED_EDGE('',*,*,#1437,.T.);
#1437 = EDGE_CURVE('',#625,#1407,#1438,.T.);
#1438 = SURFACE_CURVE('',#1439,(#1443,#1450),.PCURVE_S1.);
#1439 = LINE('',#1440,#1441);
#1440 = CARTESIAN_POINT('',(21.1,-48.5,-39.71145930333));
#1441 = VECTOR('',#1442,1.);
#1442 = DIRECTION('',(0.707106781187,-0.707106781187,0.));
#1443 = PCURVE('',#645,#1444);
#1444 = DEFINITIONAL_REPRESENTATION('',(#1445),#1449);
#1445 = LINE('',#1446,#1447);
#1446 = CARTESIAN_POINT('',(5.390664242598,0.45));
#1447 = VECTOR('',#1448,1.);
#1448 = DIRECTION('',(-9.868649107779E-16,-1.));
#1449 = ( GEOMETRIC_REPRESENTATION_CONTEXT(2) 
PARAMETRIC_REPRESENTATION_CONTEXT() REPRESENTATION_CONTEXT('2D SPACE',''
  ) );
#1450 = PCURVE('',#673,#1451);
#1451 = DEFINITIONAL_REPRESENTATION('',(#1452),#1456);
#1452 = LINE('',#1453,#1454);
#1453 = CARTESIAN_POINT('',(11.350455739155,0.636396103068));
#1454 = VECTOR('',#1455,1.);
#1455 = DIRECTION('',(-1.074194408614E-15,-1.));
#1456 = ( GEOMETRIC_REPRESENTATION_CONTEXT(2) 
PARAMETRIC_REPRESENTATION_CONTEXT() REPRESENTATION_CONTEXT('2D SPACE',''
  ) );
#1457 = ADVANCED_FACE('',(#1458),#673,.T.);
#1458 = FACE_BOUND('',#1459,.T.);
#1459 = EDGE_LOOP('',(#1460,#1461,#1489,#1510));
#1460 = ORIENTED_EDGE('',*,*,#1437,.T.);
#1461 = ORIENTED_EDGE('',*,*,#1462,.T.);
#1462 = EDGE_CURVE('',#1407,#1463,#1465,.T.);
#1463 = VERTEX_POINT('',#1464);
#1464 = CARTESIAN_POINT('',(22.,-49.4,-48.48133808556));
#1465 = SURFACE_CURVE('',#1466,(#1470,#1477),.PCURVE_S1.);
#1466 = LINE('',#1467,#1468);
#1467 = CARTESIAN_POINT('',(22.,-49.4,-28.36100356417));
#1468 = VECTOR('',#1469,1.);
#1469 = DIRECTION('',(-1.519140301287E-15,0.,-1.));
#1470 = PCURVE('',#673,#1471);
#1471 = DEFINITIONAL_REPRESENTATION('',(#1472),#1476);
#1472 = LINE('',#1473,#1474);
#1473 = CARTESIAN_POINT('',(-6.836131355794E-16,-0.636396103068));
#1474 = VECTOR('',#1475,1.);
#1475 = DIRECTION('',(1.,1.972152263053E-31));
#1476 = ( GEOMETRIC_REPRESENTATION_CONTEXT(2) 
PARAMETRIC_REPRESENTATION_CONTEXT() REPRESENTATION_CONTEXT('2D SPACE',''
  ) );
#1477 = PCURVE('',#1478,#1483);
#1478 = PLANE('',#1479);
#1479 = AXIS2_PLACEMENT_3D('',#1480,#1481,#1482);
#1480 = CARTESIAN_POINT('',(22.,-48.5,-48.48133808556));
#1481 = DIRECTION('',(1.,0.,-1.519140301287E-15));
#1482 = DIRECTION('',(1.519140301287E-15,0.,1.));
#1483 = DEFINITIONAL_REPRESENTATION('',(#1484),#1488);
#1484 = LINE('',#1485,#1486);
#1485 = CARTESIAN_POINT('',(20.120334521392,0.9));
#1486 = VECTOR('',#1487,1.);
#1487 = DIRECTION('',(-1.,-0.));
#1488 = ( GEOMETRIC_REPRESENTATION_CONTEXT(2) 
PARAMETRIC_REPRESENTATION_CONTEXT() REPRESENTATION_CONTEXT('2D SPACE',''
  ) );
#1489 = ORIENTED_EDGE('',*,*,#1490,.F.);
#1490 = EDGE_CURVE('',#658,#1463,#1491,.T.);
#1491 = SURFACE_CURVE('',#1492,(#1496,#1503),.PCURVE_S1.);
#1492 = LINE('',#1493,#1494);
#1493 = CARTESIAN_POINT('',(21.1,-48.5,-48.48133808556));
#1494 = VECTOR('',#1495,1.);
#1495 = DIRECTION('',(0.707106781187,-0.707106781187,-6.978188705261E-15
    ));
#1496 = PCURVE('',#673,#1497);
#1497 = DEFINITIONAL_REPRESENTATION('',(#1498),#1502);
#1498 = LINE('',#1499,#1500);
#1499 = CARTESIAN_POINT('',(20.120334521392,0.636396103068));
#1500 = VECTOR('',#1501,1.);
#1501 = DIRECTION('',(5.903994296647E-15,-1.));
#1502 = ( GEOMETRIC_REPRESENTATION_CONTEXT(2) 
PARAMETRIC_REPRESENTATION_CONTEXT() REPRESENTATION_CONTEXT('2D SPACE',''
  ) );
#1503 = PCURVE('',#702,#1504);
#1504 = DEFINITIONAL_REPRESENTATION('',(#1505),#1509);
#1505 = LINE('',#1506,#1507);
#1506 = CARTESIAN_POINT('',(1.570796326795,-0.45));
#1507 = VECTOR('',#1508,1.);
#1508 = DIRECTION('',(0.,1.));
#1509 = ( GEOMETRIC_REPRESENTATION_CONTEXT(2) 
PARAMETRIC_REPRESENTATION_CONTEXT() REPRESENTATION_CONTEXT('2D SPACE',''
  ) );
#1510 = ORIENTED_EDGE('',*,*,#657,.T.);
#1511 = ADVANCED_FACE('',(#1512),#702,.T.);
#1512 = FACE_BOUND('',#1513,.T.);
#1513 = EDGE_LOOP('',(#1514,#1515,#1544,#1565));
#1514 = ORIENTED_EDGE('',*,*,#1490,.T.);
#1515 = ORIENTED_EDGE('',*,*,#1516,.T.);
#1516 = EDGE_CURVE('',#1463,#1517,#1519,.T.);
#1517 = VERTEX_POINT('',#1518);
#1518 = CARTESIAN_POINT('',(13.,-49.4,-57.48133808556));
#1519 = SURFACE_CURVE('',#1520,(#1525,#1532),.PCURVE_S1.);
#1520 = CIRCLE('',#1521,9.);
#1521 = AXIS2_PLACEMENT_3D('',#1522,#1523,#1524);
#1522 = CARTESIAN_POINT('',(13.,-49.4,-48.48133808556));
#1523 = DIRECTION('',(0.,1.,0.));
#1524 = DIRECTION('',(-4.93432455389E-16,0.,-1.));
#1525 = PCURVE('',#702,#1526);
#1526 = DEFINITIONAL_REPRESENTATION('',(#1527),#1531);
#1527 = LINE('',#1528,#1529);
#1528 = CARTESIAN_POINT('',(6.28318530718,0.45));
#1529 = VECTOR('',#1530,1.);
#1530 = DIRECTION('',(-1.,5.497535470038E-16));
#1531 = ( GEOMETRIC_REPRESENTATION_CONTEXT(2) 
PARAMETRIC_REPRESENTATION_CONTEXT() REPRESENTATION_CONTEXT('2D SPACE',''
  ) );
#1532 = PCURVE('',#1533,#1538);
#1533 = CYLINDRICAL_SURFACE('',#1534,9.);
#1534 = AXIS2_PLACEMENT_3D('',#1535,#1536,#1537);
#1535 = CARTESIAN_POINT('',(13.,-48.5,-48.48133808556));
#1536 = DIRECTION('',(0.,-1.,0.));
#1537 = DIRECTION('',(-4.93432455389E-16,-0.,-1.));
#1538 = DEFINITIONAL_REPRESENTATION('',(#1539),#1543);
#1539 = LINE('',#1540,#1541);
#1540 = CARTESIAN_POINT('',(6.28318530718,0.9));
#1541 = VECTOR('',#1542,1.);
#1542 = DIRECTION('',(-1.,0.));
#1543 = ( GEOMETRIC_REPRESENTATION_CONTEXT(2) 
PARAMETRIC_REPRESENTATION_CONTEXT() REPRESENTATION_CONTEXT('2D SPACE',''
  ) );
#1544 = ORIENTED_EDGE('',*,*,#1545,.F.);
#1545 = EDGE_CURVE('',#686,#1517,#1546,.T.);
#1546 = SURFACE_CURVE('',#1547,(#1551,#1558),.PCURVE_S1.);
#1547 = LINE('',#1548,#1549);
#1548 = CARTESIAN_POINT('',(13.,-48.5,-56.58133808556));
#1549 = VECTOR('',#1550,1.);
#1550 = DIRECTION('',(0.,-0.707106781187,-0.707106781187));
#1551 = PCURVE('',#702,#1552);
#1552 = DEFINITIONAL_REPRESENTATION('',(#1553),#1557);
#1553 = LINE('',#1554,#1555);
#1554 = CARTESIAN_POINT('',(0.,-0.45));
#1555 = VECTOR('',#1556,1.);
#1556 = DIRECTION('',(0.,1.));
#1557 = ( GEOMETRIC_REPRESENTATION_CONTEXT(2) 
PARAMETRIC_REPRESENTATION_CONTEXT() REPRESENTATION_CONTEXT('2D SPACE',''
  ) );
#1558 = PCURVE('',#730,#1559);
#1559 = DEFINITIONAL_REPRESENTATION('',(#1560),#1564);
#1560 = LINE('',#1561,#1562);
#1561 = CARTESIAN_POINT('',(-19.73438782841,0.636396103068));
#1562 = VECTOR('',#1563,1.);
#1563 = DIRECTION('',(-2.415526859514E-16,-1.));
#1564 = ( GEOMETRIC_REPRESENTATION_CONTEXT(2) 
PARAMETRIC_REPRESENTATION_CONTEXT() REPRESENTATION_CONTEXT('2D SPACE',''
  ) );
#1565 = ORIENTED_EDGE('',*,*,#685,.T.);
#1566 = ADVANCED_FACE('',(#1567),#730,.T.);
#1567 = FACE_BOUND('',#1568,.T.);
#1568 = EDGE_LOOP('',(#1569,#1570,#1598,#1619));
#1569 = ORIENTED_EDGE('',*,*,#1545,.T.);
#1570 = ORIENTED_EDGE('',*,*,#1571,.T.);
#1571 = EDGE_CURVE('',#1517,#1572,#1574,.T.);
#1572 = VERTEX_POINT('',#1573);
#1573 = CARTESIAN_POINT('',(-13.,-49.4,-57.48133808556));
#1574 = SURFACE_CURVE('',#1575,(#1579,#1586),.PCURVE_S1.);
#1575 = LINE('',#1576,#1577);
#1576 = CARTESIAN_POINT('',(-6.734387828416,-49.4,-57.48133808556));
#1577 = VECTOR('',#1578,1.);
#1578 = DIRECTION('',(-1.,0.,3.416070845E-16));
#1579 = PCURVE('',#730,#1580);
#1580 = DEFINITIONAL_REPRESENTATION('',(#1581),#1585);
#1581 = LINE('',#1582,#1583);
#1582 = CARTESIAN_POINT('',(-1.53723188025E-16,-0.636396103068));
#1583 = VECTOR('',#1584,1.);
#1584 = DIRECTION('',(1.,1.038539061093E-31));
#1585 = ( GEOMETRIC_REPRESENTATION_CONTEXT(2) 
PARAMETRIC_REPRESENTATION_CONTEXT() REPRESENTATION_CONTEXT('2D SPACE',''
  ) );
#1586 = PCURVE('',#1587,#1592);
#1587 = PLANE('',#1588);
#1588 = AXIS2_PLACEMENT_3D('',#1589,#1590,#1591);
#1589 = CARTESIAN_POINT('',(-13.,-48.5,-57.48133808556));
#1590 = DIRECTION('',(-3.416070845E-16,0.,-1.));
#1591 = DIRECTION('',(1.,0.,-3.416070845E-16));
#1592 = DEFINITIONAL_REPRESENTATION('',(#1593),#1597);
#1593 = LINE('',#1594,#1595);
#1594 = CARTESIAN_POINT('',(6.265612171584,0.9));
#1595 = VECTOR('',#1596,1.);
#1596 = DIRECTION('',(-1.,-0.));
#1597 = ( GEOMETRIC_REPRESENTATION_CONTEXT(2) 
PARAMETRIC_REPRESENTATION_CONTEXT() REPRESENTATION_CONTEXT('2D SPACE',''
  ) );
#1598 = ORIENTED_EDGE('',*,*,#1599,.F.);
#1599 = EDGE_CURVE('',#715,#1572,#1600,.T.);
#1600 = SURFACE_CURVE('',#1601,(#1605,#1612),.PCURVE_S1.);
#1601 = LINE('',#1602,#1603);
#1602 = CARTESIAN_POINT('',(-13.,-48.5,-56.58133808556));
#1603 = VECTOR('',#1604,1.);
#1604 = DIRECTION('',(0.,-0.707106781187,-0.707106781187));
#1605 = PCURVE('',#730,#1606);
#1606 = DEFINITIONAL_REPRESENTATION('',(#1607),#1611);
#1607 = LINE('',#1608,#1609);
#1608 = CARTESIAN_POINT('',(6.265612171584,0.636396103068));
#1609 = VECTOR('',#1610,1.);
#1610 = DIRECTION('',(-2.415526859514E-16,-1.));
#1611 = ( GEOMETRIC_REPRESENTATION_CONTEXT(2) 
PARAMETRIC_REPRESENTATION_CONTEXT() REPRESENTATION_CONTEXT('2D SPACE',''
  ) );
#1612 = PCURVE('',#759,#1613);
#1613 = DEFINITIONAL_REPRESENTATION('',(#1614),#1618);
#1614 = LINE('',#1615,#1616);
#1615 = CARTESIAN_POINT('',(1.570796326795,-0.45));
#1616 = VECTOR('',#1617,1.);
#1617 = DIRECTION('',(0.,1.));
#1618 = ( GEOMETRIC_REPRESENTATION_CONTEXT(2) 
PARAMETRIC_REPRESENTATION_CONTEXT() REPRESENTATION_CONTEXT('2D SPACE',''
  ) );
#1619 = ORIENTED_EDGE('',*,*,#714,.T.);
#1620 = ADVANCED_FACE('',(#1621),#759,.T.);
#1621 = FACE_BOUND('',#1622,.T.);
#1622 = EDGE_LOOP('',(#1623,#1624,#1653,#1674));
#1623 = ORIENTED_EDGE('',*,*,#1599,.T.);
#1624 = ORIENTED_EDGE('',*,*,#1625,.T.);
#1625 = EDGE_CURVE('',#1572,#1626,#1628,.T.);
#1626 = VERTEX_POINT('',#1627);
#1627 = CARTESIAN_POINT('',(-22.,-49.4,-48.48133808556));
#1628 = SURFACE_CURVE('',#1629,(#1634,#1641),.PCURVE_S1.);
#1629 = CIRCLE('',#1630,9.);
#1630 = AXIS2_PLACEMENT_3D('',#1631,#1632,#1633);
#1631 = CARTESIAN_POINT('',(-13.,-49.4,-48.48133808556));
#1632 = DIRECTION('',(0.,1.,0.));
#1633 = DIRECTION('',(-1.,0.,-5.921189464668E-15));
#1634 = PCURVE('',#759,#1635);
#1635 = DEFINITIONAL_REPRESENTATION('',(#1636),#1640);
#1636 = LINE('',#1637,#1638);
#1637 = CARTESIAN_POINT('',(6.28318530718,0.45));
#1638 = VECTOR('',#1639,1.);
#1639 = DIRECTION('',(-1.,0.));
#1640 = ( GEOMETRIC_REPRESENTATION_CONTEXT(2) 
PARAMETRIC_REPRESENTATION_CONTEXT() REPRESENTATION_CONTEXT('2D SPACE',''
  ) );
#1641 = PCURVE('',#1642,#1647);
#1642 = CYLINDRICAL_SURFACE('',#1643,9.);
#1643 = AXIS2_PLACEMENT_3D('',#1644,#1645,#1646);
#1644 = CARTESIAN_POINT('',(-13.,-48.5,-48.48133808556));
#1645 = DIRECTION('',(0.,-1.,0.));
#1646 = DIRECTION('',(-1.,-0.,-5.921189464668E-15));
#1647 = DEFINITIONAL_REPRESENTATION('',(#1648),#1652);
#1648 = LINE('',#1649,#1650);
#1649 = CARTESIAN_POINT('',(6.28318530718,0.9));
#1650 = VECTOR('',#1651,1.);
#1651 = DIRECTION('',(-1.,0.));
#1652 = ( GEOMETRIC_REPRESENTATION_CONTEXT(2) 
PARAMETRIC_REPRESENTATION_CONTEXT() REPRESENTATION_CONTEXT('2D SPACE',''
  ) );
#1653 = ORIENTED_EDGE('',*,*,#1654,.F.);
#1654 = EDGE_CURVE('',#743,#1626,#1655,.T.);
#1655 = SURFACE_CURVE('',#1656,(#1660,#1667),.PCURVE_S1.);
#1656 = LINE('',#1657,#1658);
#1657 = CARTESIAN_POINT('',(-21.1,-48.5,-48.48133808556));
#1658 = VECTOR('',#1659,1.);
#1659 = DIRECTION('',(-0.707106781187,-0.707106781187,
    -6.978188705261E-15));
#1660 = PCURVE('',#759,#1661);
#1661 = DEFINITIONAL_REPRESENTATION('',(#1662),#1666);
#1662 = LINE('',#1663,#1664);
#1663 = CARTESIAN_POINT('',(0.,-0.45));
#1664 = VECTOR('',#1665,1.);
#1665 = DIRECTION('',(0.,1.));
#1666 = ( GEOMETRIC_REPRESENTATION_CONTEXT(2) 
PARAMETRIC_REPRESENTATION_CONTEXT() REPRESENTATION_CONTEXT('2D SPACE',''
  ) );
#1667 = PCURVE('',#787,#1668);
#1668 = DEFINITIONAL_REPRESENTATION('',(#1669),#1673);
#1669 = LINE('',#1670,#1671);
#1670 = CARTESIAN_POINT('',(-24.50527391251,0.636396103068));
#1671 = VECTOR('',#1672,1.);
#1672 = DIRECTION('',(-2.681411070805E-15,-1.));
#1673 = ( GEOMETRIC_REPRESENTATION_CONTEXT(2) 
PARAMETRIC_REPRESENTATION_CONTEXT() REPRESENTATION_CONTEXT('2D SPACE',''
  ) );
#1674 = ORIENTED_EDGE('',*,*,#742,.T.);
#1675 = ADVANCED_FACE('',(#1676),#787,.T.);
#1676 = FACE_BOUND('',#1677,.T.);
#1677 = EDGE_LOOP('',(#1678,#1679,#1707,#1728));
#1678 = ORIENTED_EDGE('',*,*,#1654,.T.);
#1679 = ORIENTED_EDGE('',*,*,#1680,.T.);
#1680 = EDGE_CURVE('',#1626,#1681,#1683,.T.);
#1681 = VERTEX_POINT('',#1682);
#1682 = CARTESIAN_POINT('',(-22.,-49.4,-39.71145930332));
#1683 = SURFACE_CURVE('',#1684,(#1688,#1695),.PCURVE_S1.);
#1684 = LINE('',#1685,#1686);
#1685 = CARTESIAN_POINT('',(-22.,-49.4,-23.97606417305));
#1686 = VECTOR('',#1687,1.);
#1687 = DIRECTION('',(-6.07656120515E-15,0.,1.));
#1688 = PCURVE('',#787,#1689);
#1689 = DEFINITIONAL_REPRESENTATION('',(#1690),#1694);
#1690 = LINE('',#1691,#1692);
#1691 = CARTESIAN_POINT('',(2.734452542317E-15,-0.636396103068));
#1692 = VECTOR('',#1693,1.);
#1693 = DIRECTION('',(1.,0.));
#1694 = ( GEOMETRIC_REPRESENTATION_CONTEXT(2) 
PARAMETRIC_REPRESENTATION_CONTEXT() REPRESENTATION_CONTEXT('2D SPACE',''
  ) );
#1695 = PCURVE('',#1696,#1701);
#1696 = PLANE('',#1697);
#1697 = AXIS2_PLACEMENT_3D('',#1698,#1699,#1700);
#1698 = CARTESIAN_POINT('',(-22.,-48.5,-39.71145930332));
#1699 = DIRECTION('',(-1.,0.,-6.07656120515E-15));
#1700 = DIRECTION('',(6.07656120515E-15,0.,-1.));
#1701 = DEFINITIONAL_REPRESENTATION('',(#1702),#1706);
#1702 = LINE('',#1703,#1704);
#1703 = CARTESIAN_POINT('',(-15.73539513027,0.9));
#1704 = VECTOR('',#1705,1.);
#1705 = DIRECTION('',(-1.,-0.));
#1706 = ( GEOMETRIC_REPRESENTATION_CONTEXT(2) 
PARAMETRIC_REPRESENTATION_CONTEXT() REPRESENTATION_CONTEXT('2D SPACE',''
  ) );
#1707 = ORIENTED_EDGE('',*,*,#1708,.F.);
#1708 = EDGE_CURVE('',#772,#1681,#1709,.T.);
#1709 = SURFACE_CURVE('',#1710,(#1714,#1721),.PCURVE_S1.);
#1710 = LINE('',#1711,#1712);
#1711 = CARTESIAN_POINT('',(-21.1,-48.5,-39.71145930332));
#1712 = VECTOR('',#1713,1.);
#1713 = DIRECTION('',(-0.707106781187,-0.707106781187,
    -3.489094352631E-15));
#1714 = PCURVE('',#787,#1715);
#1715 = DEFINITIONAL_REPRESENTATION('',(#1716),#1720);
#1716 = LINE('',#1717,#1718);
#1717 = CARTESIAN_POINT('',(-15.73539513027,0.636396103068));
#1718 = VECTOR('',#1719,1.);
#1719 = DIRECTION('',(8.076832818259E-16,-1.));
#1720 = ( GEOMETRIC_REPRESENTATION_CONTEXT(2) 
PARAMETRIC_REPRESENTATION_CONTEXT() REPRESENTATION_CONTEXT('2D SPACE',''
  ) );
#1721 = PCURVE('',#820,#1722);
#1722 = DEFINITIONAL_REPRESENTATION('',(#1723),#1727);
#1723 = LINE('',#1724,#1725);
#1724 = CARTESIAN_POINT('',(6.28318530718,0.45));
#1725 = VECTOR('',#1726,1.);
#1726 = DIRECTION('',(0.,-1.));
#1727 = ( GEOMETRIC_REPRESENTATION_CONTEXT(2) 
PARAMETRIC_REPRESENTATION_CONTEXT() REPRESENTATION_CONTEXT('2D SPACE',''
  ) );
#1728 = ORIENTED_EDGE('',*,*,#771,.T.);
#1729 = ADVANCED_FACE('',(#1730),#820,.F.);
#1730 = FACE_BOUND('',#1731,.F.);
#1731 = EDGE_LOOP('',(#1732,#1761,#1762,#1763));
#1732 = ORIENTED_EDGE('',*,*,#1733,.F.);
#1733 = EDGE_CURVE('',#1681,#1734,#1736,.T.);
#1734 = VERTEX_POINT('',#1735);
#1735 = CARTESIAN_POINT('',(-25.72549019607,-49.4,-31.92489865561));
#1736 = SURFACE_CURVE('',#1737,(#1742,#1749),.PCURVE_S1.);
#1737 = CIRCLE('',#1738,10.);
#1738 = AXIS2_PLACEMENT_3D('',#1739,#1740,#1741);
#1739 = CARTESIAN_POINT('',(-32.,-49.4,-39.71145930333));
#1740 = DIRECTION('',(0.,-1.,0.));
#1741 = DIRECTION('',(1.,0.,4.884981308351E-15));
#1742 = PCURVE('',#820,#1743);
#1743 = DEFINITIONAL_REPRESENTATION('',(#1744),#1748);
#1744 = LINE('',#1745,#1746);
#1745 = CARTESIAN_POINT('',(6.28318530718,-0.45));
#1746 = VECTOR('',#1747,1.);
#1747 = DIRECTION('',(-1.,2.990581719228E-15));
#1748 = ( GEOMETRIC_REPRESENTATION_CONTEXT(2) 
PARAMETRIC_REPRESENTATION_CONTEXT() REPRESENTATION_CONTEXT('2D SPACE',''
  ) );
#1749 = PCURVE('',#1750,#1755);
#1750 = CYLINDRICAL_SURFACE('',#1751,10.);
#1751 = AXIS2_PLACEMENT_3D('',#1752,#1753,#1754);
#1752 = CARTESIAN_POINT('',(-32.,-48.5,-39.71145930333));
#1753 = DIRECTION('',(0.,-1.,0.));
#1754 = DIRECTION('',(1.,0.,4.884981308351E-15));
#1755 = DEFINITIONAL_REPRESENTATION('',(#1756),#1760);
#1756 = LINE('',#1757,#1758);
#1757 = CARTESIAN_POINT('',(0.,0.9));
#1758 = VECTOR('',#1759,1.);
#1759 = DIRECTION('',(1.,0.));
#1760 = ( GEOMETRIC_REPRESENTATION_CONTEXT(2) 
PARAMETRIC_REPRESENTATION_CONTEXT() REPRESENTATION_CONTEXT('2D SPACE',''
  ) );
#1761 = ORIENTED_EDGE('',*,*,#1708,.F.);
#1762 = ORIENTED_EDGE('',*,*,#799,.F.);
#1763 = ORIENTED_EDGE('',*,*,#1764,.T.);
#1764 = EDGE_CURVE('',#800,#1734,#1765,.T.);
#1765 = SURFACE_CURVE('',#1766,(#1770,#1777),.PCURVE_S1.);
#1766 = LINE('',#1767,#1768);
#1767 = CARTESIAN_POINT('',(-25.16078431372,-48.5,-31.22410819732));
#1768 = VECTOR('',#1769,1.);
#1769 = DIRECTION('',(-0.443674843097,-0.707106781187,-0.550592983612));
#1770 = PCURVE('',#820,#1771);
#1771 = DEFINITIONAL_REPRESENTATION('',(#1772),#1776);
#1772 = LINE('',#1773,#1774);
#1773 = CARTESIAN_POINT('',(5.390664242598,0.45));
#1774 = VECTOR('',#1775,1.);
#1775 = DIRECTION('',(-9.868649107779E-16,-1.));
#1776 = ( GEOMETRIC_REPRESENTATION_CONTEXT(2) 
PARAMETRIC_REPRESENTATION_CONTEXT() REPRESENTATION_CONTEXT('2D SPACE',''
  ) );
#1777 = PCURVE('',#849,#1778);
#1778 = DEFINITIONAL_REPRESENTATION('',(#1779),#1783);
#1779 = LINE('',#1780,#1781);
#1780 = CARTESIAN_POINT('',(6.961441156032,-0.45));
#1781 = VECTOR('',#1782,1.);
#1782 = DIRECTION('',(0.,1.));
#1783 = ( GEOMETRIC_REPRESENTATION_CONTEXT(2) 
PARAMETRIC_REPRESENTATION_CONTEXT() REPRESENTATION_CONTEXT('2D SPACE',''
  ) );
#1784 = ADVANCED_FACE('',(#1785),#849,.T.);
#1785 = FACE_BOUND('',#1786,.T.);
#1786 = EDGE_LOOP('',(#1787,#1860,#1861,#1862,#1886));
#1787 = ORIENTED_EDGE('',*,*,#1788,.F.);
#1788 = EDGE_CURVE('',#833,#1789,#1791,.T.);
#1789 = VERTEX_POINT('',#1790);
#1790 = CARTESIAN_POINT('',(-1.2,-49.11768657475,40.7));
#1791 = SURFACE_CURVE('',#1792,(#1802,#1831),.PCURVE_S1.);
#1792 = B_SPLINE_CURVE_WITH_KNOTS('',3,(#1793,#1794,#1795,#1796,#1797,
    #1798,#1799,#1800,#1801),.UNSPECIFIED.,.F.,.F.,(4,2,3,4),(
    -7.9866215251E-02,-6.420538629845E-02,0.,4.970718003955E-03),
  .UNSPECIFIED.);
#1793 = CARTESIAN_POINT('',(-1.031456537722,-48.5,40.086732186732));
#1794 = CARTESIAN_POINT('',(-1.052851572111,-48.53652277658,
    40.122716544004));
#1795 = CARTESIAN_POINT('',(-1.07219869112,-48.57385690042,
    40.159549701277));
#1796 = CARTESIAN_POINT('',(-1.160256160742,-48.76687863287,
    40.350255676728));
#1797 = CARTESIAN_POINT('',(-1.195016379044,-48.93097218923,
    40.513351409851));
#1798 = CARTESIAN_POINT('',(-1.199478301799,-49.08230573603,
    40.664619164619));
#1799 = CARTESIAN_POINT('',(-1.199823739481,-49.09402183072,
    40.676330165758));
#1800 = CARTESIAN_POINT('',(-1.2,-49.10581897564,40.688127243713));
#1801 = CARTESIAN_POINT('',(-1.2,-49.11768657475,40.7));
#1802 = PCURVE('',#849,#1803);
#1803 = DEFINITIONAL_REPRESENTATION('',(#1804),#1830);
#1804 = B_SPLINE_CURVE_WITH_KNOTS('',3,(#1805,#1806,#1807,#1808,#1809,
    #1810,#1811,#1812,#1813,#1814,#1815,#1816,#1817,#1818,#1819,#1820,
    #1821,#1822,#1823,#1824,#1825,#1826,#1827,#1828,#1829),
  .UNSPECIFIED.,.F.,.F.,(4,1,1,1,1,1,1,1,1,1,1,1,1,1,1,1,1,1,1,1,1,1,4),
  (-7.9866215251E-02,-7.600999101214E-02,-7.215376677328E-02,
    -6.829754253442E-02,-6.444131829556E-02,-6.058509405669E-02,
    -5.672886981783E-02,-5.287264557897E-02,-4.901642134011E-02,
    -4.516019710125E-02,-4.130397286239E-02,-3.744774862352E-02,
    -3.359152438466E-02,-2.97353001458E-02,-2.587907590694E-02,
    -2.202285166808E-02,-1.816662742921E-02,-1.431040319035E-02,
    -1.045417895149E-02,-6.59795471263E-03,-2.741730473768E-03,
    1.114493765094E-03,4.970718003955E-03),.UNSPECIFIED.);
#1805 = CARTESIAN_POINT('',(4.523848710079,-0.45));
#1806 = CARTESIAN_POINT('',(4.523974359192,-0.441006858968));
#1807 = CARTESIAN_POINT('',(4.524219230116,-0.422922179618));
#1808 = CARTESIAN_POINT('',(4.524567240095,-0.395526585486));
#1809 = CARTESIAN_POINT('',(4.524895909075,-0.367888730355));
#1810 = CARTESIAN_POINT('',(4.525205297777,-0.340035987613));
#1811 = CARTESIAN_POINT('',(4.525495085588,-0.311991670674));
#1812 = CARTESIAN_POINT('',(4.525765062538,-0.283779377205));
#1813 = CARTESIAN_POINT('',(4.526015590296,-0.255428717435));
#1814 = CARTESIAN_POINT('',(4.526246879731,-0.226967674575));
#1815 = CARTESIAN_POINT('',(4.526459182543,-0.198424634231));
#1816 = CARTESIAN_POINT('',(4.526652739735,-0.169827841626));
#1817 = CARTESIAN_POINT('',(4.526827795247,-0.141205548408));
#1818 = CARTESIAN_POINT('',(4.526984592131,-0.11258597325));
#1819 = CARTESIAN_POINT('',(4.52712337341,-8.399731766302E-02));
#1820 = CARTESIAN_POINT('',(4.527244381698,-5.546774708825E-02));
#1821 = CARTESIAN_POINT('',(4.527347859119,-2.702545561785E-02));
#1822 = CARTESIAN_POINT('',(4.527434047281,1.301569137947E-03));
#1823 = CARTESIAN_POINT('',(4.527503186765,2.948466546412E-02));
#1824 = CARTESIAN_POINT('',(4.527555518524,5.749778004191E-02));
#1825 = CARTESIAN_POINT('',(4.52759127814,8.53052138851E-02));
#1826 = CARTESIAN_POINT('',(4.527610716781,0.112907351517));
#1827 = CARTESIAN_POINT('',(4.5276140225,0.140169993821));
#1828 = CARTESIAN_POINT('',(4.527605854524,0.15845911763));
#1829 = CARTESIAN_POINT('',(4.527599255026,0.167686574755));
#1830 = ( GEOMETRIC_REPRESENTATION_CONTEXT(2) 
PARAMETRIC_REPRESENTATION_CONTEXT() REPRESENTATION_CONTEXT('2D SPACE',''
  ) );
#1831 = PCURVE('',#876,#1832);
#1832 = DEFINITIONAL_REPRESENTATION('',(#1833),#1859);
#1833 = B_SPLINE_CURVE_WITH_KNOTS('',3,(#1834,#1835,#1836,#1837,#1838,
    #1839,#1840,#1841,#1842,#1843,#1844,#1845,#1846,#1847,#1848,#1849,
    #1850,#1851,#1852,#1853,#1854,#1855,#1856,#1857,#1858),
  .UNSPECIFIED.,.F.,.F.,(4,1,1,1,1,1,1,1,1,1,1,1,1,1,1,1,1,1,1,1,1,1,4),
  (-7.9866215251E-02,-7.600999101214E-02,-7.215376677328E-02,
    -6.829754253442E-02,-6.444131829556E-02,-6.058509405669E-02,
    -5.672886981783E-02,-5.287264557897E-02,-4.901642134011E-02,
    -4.516019710125E-02,-4.130397286239E-02,-3.744774862352E-02,
    -3.359152438466E-02,-2.97353001458E-02,-2.587907590694E-02,
    -2.202285166808E-02,-1.816662742921E-02,-1.431040319035E-02,
    -1.045417895149E-02,-6.59795471263E-03,-2.741730473768E-03,
    1.114493765094E-03,4.970718003955E-03),.UNSPECIFIED.);
#1834 = CARTESIAN_POINT('',(5.746771816892,0.));
#1835 = CARTESIAN_POINT('',(5.755362118896,-8.993139300171E-03));
#1836 = CARTESIAN_POINT('',(5.77251082998,-2.707781148522E-02));
#1837 = CARTESIAN_POINT('',(5.798135058354,-5.447339929871E-02));
#1838 = CARTESIAN_POINT('',(5.823657320615,-8.211125045919E-02));
#1839 = CARTESIAN_POINT('',(5.84907437825,-0.109964051175));
#1840 = CARTESIAN_POINT('',(5.874380984821,-0.138008193036));
#1841 = CARTESIAN_POINT('',(5.899573860083,-0.166219874413));
#1842 = CARTESIAN_POINT('',(5.924651201464,-0.194569753971));
#1843 = CARTESIAN_POINT('',(5.94960950221,-0.22302995757));
#1844 = CARTESIAN_POINT('',(5.974444482251,-0.251572217919));
#1845 = CARTESIAN_POINT('',(5.99915092846,-0.280168373134));
#1846 = CARTESIAN_POINT('',(6.023722829908,-0.308790232851));
#1847 = CARTESIAN_POINT('',(6.048153437878,-0.337409615225));
#1848 = CARTESIAN_POINT('',(6.072435343675,-0.365998332808));
#1849 = CARTESIAN_POINT('',(6.096560569652,-0.394528212053));
#1850 = CARTESIAN_POINT('',(6.120520595652,-0.422971029404));
#1851 = CARTESIAN_POINT('',(6.14430663326,-0.451298747445));
#1852 = CARTESIAN_POINT('',(6.167908972452,-0.47948263421));
#1853 = CARTESIAN_POINT('',(6.191319786048,-0.507496549787));
#1854 = CARTESIAN_POINT('',(6.214523021857,-0.5353046806));
#1855 = CARTESIAN_POINT('',(6.237532473561,-0.562907315682));
#1856 = CARTESIAN_POINT('',(6.260250032385,-0.590170007287));
#1857 = CARTESIAN_POINT('',(6.275492365724,-0.608459109892));
#1858 = CARTESIAN_POINT('',(6.28318530718,-0.617686574755));
#1859 = ( GEOMETRIC_REPRESENTATION_CONTEXT(2) 
PARAMETRIC_REPRESENTATION_CONTEXT() REPRESENTATION_CONTEXT('2D SPACE',''
  ) );
#1860 = ORIENTED_EDGE('',*,*,#832,.T.);
#1861 = ORIENTED_EDGE('',*,*,#1764,.T.);
#1862 = ORIENTED_EDGE('',*,*,#1863,.T.);
#1863 = EDGE_CURVE('',#1734,#1864,#1866,.T.);
#1864 = VERTEX_POINT('',#1865);
#1865 = CARTESIAN_POINT('',(-1.2,-49.4,40.982435261951));
#1866 = SURFACE_CURVE('',#1867,(#1872,#1879),.PCURVE_S1.);
#1867 = CIRCLE('',#1868,41.);
#1868 = AXIS2_PLACEMENT_3D('',#1869,#1870,#1871);
#1869 = CARTESIAN_POINT('',(-4.440892098501E-15,-49.4,0.));
#1870 = DIRECTION('',(0.,1.,0.));
#1871 = DIRECTION('',(-0.977132894789,0.,-0.212629503884));
#1872 = PCURVE('',#849,#1873);
#1873 = DEFINITIONAL_REPRESENTATION('',(#1874),#1878);
#1874 = LINE('',#1875,#1876);
#1875 = CARTESIAN_POINT('',(12.566370614359,0.45));
#1876 = VECTOR('',#1877,1.);
#1877 = DIRECTION('',(-1.,0.));
#1878 = ( GEOMETRIC_REPRESENTATION_CONTEXT(2) 
PARAMETRIC_REPRESENTATION_CONTEXT() REPRESENTATION_CONTEXT('2D SPACE',''
  ) );
#1879 = PCURVE('',#1100,#1880);
#1880 = DEFINITIONAL_REPRESENTATION('',(#1881),#1885);
#1881 = LINE('',#1882,#1883);
#1882 = CARTESIAN_POINT('',(13.798039016728,0.9));
#1883 = VECTOR('',#1884,1.);
#1884 = DIRECTION('',(-1.,0.));
#1885 = ( GEOMETRIC_REPRESENTATION_CONTEXT(2) 
PARAMETRIC_REPRESENTATION_CONTEXT() REPRESENTATION_CONTEXT('2D SPACE',''
  ) );
#1886 = ORIENTED_EDGE('',*,*,#1887,.T.);
#1887 = EDGE_CURVE('',#1864,#1789,#1888,.T.);
#1888 = SURFACE_CURVE('',#1889,(#1893,#1899),.PCURVE_S1.);
#1889 = LINE('',#1890,#1891);
#1890 = CARTESIAN_POINT('',(-1.2,-49.,40.582259441496));
#1891 = VECTOR('',#1892,1.);
#1892 = DIRECTION('',(0.,0.706952242009,-0.707261286596));
#1893 = PCURVE('',#849,#1894);
#1894 = DEFINITIONAL_REPRESENTATION('',(#1895),#1898);
#1895 = B_SPLINE_CURVE_WITH_KNOTS('',1,(#1896,#1897),.UNSPECIFIED.,.F.,
  .F.,(2,2),(-0.565809762443,-0.166472126769),.PIECEWISE_BEZIER_KNOTS.);
#1896 = CARTESIAN_POINT('',(4.52739623799,0.450000000208));
#1897 = CARTESIAN_POINT('',(4.527599255943,0.167686575308));
#1898 = ( GEOMETRIC_REPRESENTATION_CONTEXT(2) 
PARAMETRIC_REPRESENTATION_CONTEXT() REPRESENTATION_CONTEXT('2D SPACE',''
  ) );
#1899 = PCURVE('',#1900,#1905);
#1900 = PLANE('',#1901);
#1901 = AXIS2_PLACEMENT_3D('',#1902,#1903,#1904);
#1902 = CARTESIAN_POINT('',(-1.2,-48.5,40.7));
#1903 = DIRECTION('',(-1.,0.,0.));
#1904 = DIRECTION('',(0.,0.,1.));
#1905 = DEFINITIONAL_REPRESENTATION('',(#1906),#1910);
#1906 = LINE('',#1907,#1908);
#1907 = CARTESIAN_POINT('',(-0.117740558504,-0.5));
#1908 = VECTOR('',#1909,1.);
#1909 = DIRECTION('',(-0.707261286596,0.706952242009));
#1910 = ( GEOMETRIC_REPRESENTATION_CONTEXT(2) 
PARAMETRIC_REPRESENTATION_CONTEXT() REPRESENTATION_CONTEXT('2D SPACE',''
  ) );
#1911 = ADVANCED_FACE('',(#1912),#876,.F.);
#1912 = FACE_BOUND('',#1913,.F.);
#1913 = EDGE_LOOP('',(#1914,#1937,#1999,#2020,#2021,#2022));
#1914 = ORIENTED_EDGE('',*,*,#1915,.F.);
#1915 = EDGE_CURVE('',#1916,#1055,#1918,.T.);
#1916 = VERTEX_POINT('',#1917);
#1917 = CARTESIAN_POINT('',(1.2,-49.5,40.7));
#1918 = SURFACE_CURVE('',#1919,(#1923,#1930),.PCURVE_S1.);
#1919 = LINE('',#1920,#1921);
#1920 = CARTESIAN_POINT('',(1.2,-48.5,40.7));
#1921 = VECTOR('',#1922,1.);
#1922 = DIRECTION('',(0.,1.,0.));
#1923 = PCURVE('',#876,#1924);
#1924 = DEFINITIONAL_REPRESENTATION('',(#1925),#1929);
#1925 = LINE('',#1926,#1927);
#1926 = CARTESIAN_POINT('',(3.14159265359,0.));
#1927 = VECTOR('',#1928,1.);
#1928 = DIRECTION('',(0.,1.));
#1929 = ( GEOMETRIC_REPRESENTATION_CONTEXT(2) 
PARAMETRIC_REPRESENTATION_CONTEXT() REPRESENTATION_CONTEXT('2D SPACE',''
  ) );
#1930 = PCURVE('',#1071,#1931);
#1931 = DEFINITIONAL_REPRESENTATION('',(#1932),#1936);
#1932 = LINE('',#1933,#1934);
#1933 = CARTESIAN_POINT('',(0.282435261951,0.));
#1934 = VECTOR('',#1935,1.);
#1935 = DIRECTION('',(0.,1.));
#1936 = ( GEOMETRIC_REPRESENTATION_CONTEXT(2) 
PARAMETRIC_REPRESENTATION_CONTEXT() REPRESENTATION_CONTEXT('2D SPACE',''
  ) );
#1937 = ORIENTED_EDGE('',*,*,#1938,.T.);
#1938 = EDGE_CURVE('',#1916,#1939,#1941,.T.);
#1939 = VERTEX_POINT('',#1940);
#1940 = CARTESIAN_POINT('',(-1.2,-49.5,40.7));
#1941 = SURFACE_CURVE('',#1942,(#1947,#1954),.PCURVE_S1.);
#1942 = CIRCLE('',#1943,1.2);
#1943 = AXIS2_PLACEMENT_3D('',#1944,#1945,#1946);
#1944 = CARTESIAN_POINT('',(-4.440892098501E-15,-49.5,40.7));
#1945 = DIRECTION('',(0.,1.,0.));
#1946 = DIRECTION('',(-6.123233995737E-17,0.,-1.));
#1947 = PCURVE('',#876,#1948);
#1948 = DEFINITIONAL_REPRESENTATION('',(#1949),#1953);
#1949 = LINE('',#1950,#1951);
#1950 = CARTESIAN_POINT('',(-1.570796326795,-1.));
#1951 = VECTOR('',#1952,1.);
#1952 = DIRECTION('',(1.,0.));
#1953 = ( GEOMETRIC_REPRESENTATION_CONTEXT(2) 
PARAMETRIC_REPRESENTATION_CONTEXT() REPRESENTATION_CONTEXT('2D SPACE',''
  ) );
#1954 = PCURVE('',#1955,#1971);
#1955 = ( BOUNDED_SURFACE() B_SPLINE_SURFACE(2,2,(
    (#1956,#1957,#1958,#1959,#1960)
    ,(#1961,#1962,#1963,#1964,#1965)
    ,(#1966,#1967,#1968,#1969,#1970
)),.UNSPECIFIED.,.F.,.F.,.F.) B_SPLINE_SURFACE_WITH_KNOTS((3,3),(3,2,3),
  (0.,1.570796326795),(-1.570796326795,0.,1.570796326795),
.PIECEWISE_BEZIER_KNOTS.) GEOMETRIC_REPRESENTATION_ITEM() 
RATIONAL_B_SPLINE_SURFACE((
    (1.,0.707106781187,1.,0.707106781187,1.)
    ,(0.707106781187,0.5,0.707106781187,0.5,0.707106781187)
,(1.,0.707106781187,1.,0.707106781187,1.
))) REPRESENTATION_ITEM('') SURFACE() );
#1956 = CARTESIAN_POINT('',(-1.2,-49.5,40.7));
#1957 = CARTESIAN_POINT('',(-1.2,-49.5,39.5));
#1958 = CARTESIAN_POINT('',(-4.440892098501E-15,-49.5,39.5));
#1959 = CARTESIAN_POINT('',(1.2,-49.5,39.5));
#1960 = CARTESIAN_POINT('',(1.2,-49.5,40.7));
#1961 = CARTESIAN_POINT('',(-1.2,-50.5,40.7));
#1962 = CARTESIAN_POINT('',(-1.2,-50.5,39.5));
#1963 = CARTESIAN_POINT('',(-4.440892098501E-15,-50.5,39.5));
#1964 = CARTESIAN_POINT('',(1.2,-50.5,39.5));
#1965 = CARTESIAN_POINT('',(1.2,-50.5,40.7));
#1966 = CARTESIAN_POINT('',(-0.2,-50.5,40.7));
#1967 = CARTESIAN_POINT('',(-0.2,-50.5,40.5));
#1968 = CARTESIAN_POINT('',(-4.440892098501E-15,-50.5,40.5));
#1969 = CARTESIAN_POINT('',(0.2,-50.5,40.5));
#1970 = CARTESIAN_POINT('',(0.2,-50.5,40.7));
#1971 = DEFINITIONAL_REPRESENTATION('',(#1972),#1998);
#1972 = B_SPLINE_CURVE_WITH_KNOTS('',3,(#1973,#1974,#1975,#1976,#1977,
    #1978,#1979,#1980,#1981,#1982,#1983,#1984,#1985,#1986,#1987,#1988,
    #1989,#1990,#1991,#1992,#1993,#1994,#1995,#1996,#1997),
  .UNSPECIFIED.,.F.,.F.,(4,1,1,1,1,1,1,1,1,1,1,1,1,1,1,1,1,1,1,1,1,1,4),
  (4.712388980385,4.855188646457,4.997988312529,5.140787978601,
    5.283587644674,5.426387310746,5.569186976818,5.711986642891,
    5.854786308963,5.997585975035,6.140385641107,6.28318530718,
    6.425984973252,6.568784639324,6.711584305396,6.854383971469,
    6.997183637541,7.139983303613,7.282782969685,7.425582635758,
    7.56838230183,7.711181967902,7.853981633974),.QUASI_UNIFORM_KNOTS.);
#1973 = CARTESIAN_POINT('',(0.,1.570796326795));
#1974 = CARTESIAN_POINT('',(0.,1.517952833359));
#1975 = CARTESIAN_POINT('',(0.,1.415288366178));
#1976 = CARTESIAN_POINT('',(0.,1.268484240086));
#1977 = CARTESIAN_POINT('',(0.,1.12689661009));
#1978 = CARTESIAN_POINT('',(0.,0.988903227272));
#1979 = CARTESIAN_POINT('',(0.,0.853002749124));
#1980 = CARTESIAN_POINT('',(0.,0.717795105739));
#1981 = CARTESIAN_POINT('',(0.,0.58188545918));
#1982 = CARTESIAN_POINT('',(0.,0.443928750008));
#1983 = CARTESIAN_POINT('',(0.,0.302203593838));
#1984 = CARTESIAN_POINT('',(0.,0.155912898796));
#1985 = CARTESIAN_POINT('',(0.,-1.287495038908E-16));
#1986 = CARTESIAN_POINT('',(0.,-0.155912898796));
#1987 = CARTESIAN_POINT('',(0.,-0.302203593838));
#1988 = CARTESIAN_POINT('',(0.,-0.443928750008));
#1989 = CARTESIAN_POINT('',(0.,-0.58188545918));
#1990 = CARTESIAN_POINT('',(0.,-0.717795105739));
#1991 = CARTESIAN_POINT('',(0.,-0.853002749124));
#1992 = CARTESIAN_POINT('',(0.,-0.988903227272));
#1993 = CARTESIAN_POINT('',(0.,-1.12689661009));
#1994 = CARTESIAN_POINT('',(0.,-1.268484240086));
#1995 = CARTESIAN_POINT('',(0.,-1.415288366178));
#1996 = CARTESIAN_POINT('',(-0.,-1.517952833359));
#1997 = CARTESIAN_POINT('',(0.,-1.570796326795));
#1998 = ( GEOMETRIC_REPRESENTATION_CONTEXT(2) 
PARAMETRIC_REPRESENTATION_CONTEXT() REPRESENTATION_CONTEXT('2D SPACE',''
  ) );
#1999 = ORIENTED_EDGE('',*,*,#2000,.F.);
#2000 = EDGE_CURVE('',#1789,#1939,#2001,.T.);
#2001 = SURFACE_CURVE('',#2002,(#2006,#2013),.PCURVE_S1.);
#2002 = LINE('',#2003,#2004);
#2003 = CARTESIAN_POINT('',(-1.2,-48.5,40.7));
#2004 = VECTOR('',#2005,1.);
#2005 = DIRECTION('',(0.,-1.,0.));
#2006 = PCURVE('',#876,#2007);
#2007 = DEFINITIONAL_REPRESENTATION('',(#2008),#2012);
#2008 = LINE('',#2009,#2010);
#2009 = CARTESIAN_POINT('',(6.28318530718,0.));
#2010 = VECTOR('',#2011,1.);
#2011 = DIRECTION('',(0.,-1.));
#2012 = ( GEOMETRIC_REPRESENTATION_CONTEXT(2) 
PARAMETRIC_REPRESENTATION_CONTEXT() REPRESENTATION_CONTEXT('2D SPACE',''
  ) );
#2013 = PCURVE('',#1900,#2014);
#2014 = DEFINITIONAL_REPRESENTATION('',(#2015),#2019);
#2015 = LINE('',#2016,#2017);
#2016 = CARTESIAN_POINT('',(0.,0.));
#2017 = VECTOR('',#2018,1.);
#2018 = DIRECTION('',(0.,-1.));
#2019 = ( GEOMETRIC_REPRESENTATION_CONTEXT(2) 
PARAMETRIC_REPRESENTATION_CONTEXT() REPRESENTATION_CONTEXT('2D SPACE',''
  ) );
#2020 = ORIENTED_EDGE('',*,*,#1788,.F.);
#2021 = ORIENTED_EDGE('',*,*,#861,.T.);
#2022 = ORIENTED_EDGE('',*,*,#1156,.F.);
#2023 = ADVANCED_FACE('',(#2024),#911,.F.);
#2024 = FACE_BOUND('',#2025,.F.);
#2025 = EDGE_LOOP('',(#2026,#2049,#2076,#2077));
#2026 = ORIENTED_EDGE('',*,*,#2027,.T.);
#2027 = EDGE_CURVE('',#891,#2028,#2030,.T.);
#2028 = VERTEX_POINT('',#2029);
#2029 = CARTESIAN_POINT('',(29.906133260985,-49.25,20.223974749546));
#2030 = SEAM_CURVE('',#2031,(#2035,#2042),.PCURVE_S1.);
#2031 = LINE('',#2032,#2033);
#2032 = CARTESIAN_POINT('',(30.031133260985,-48.875,20.223974749546));
#2033 = VECTOR('',#2034,1.);
#2034 = DIRECTION('',(-0.316227766017,-0.948683298051,3.87267321454E-17)
  );
#2035 = PCURVE('',#911,#2036);
#2036 = DEFINITIONAL_REPRESENTATION('',(#2037),#2041);
#2037 = LINE('',#2038,#2039);
#2038 = CARTESIAN_POINT('',(3.14159265359,-3.159750121719E-16));
#2039 = VECTOR('',#2040,1.);
#2040 = DIRECTION('',(0.,-1.));
#2041 = ( GEOMETRIC_REPRESENTATION_CONTEXT(2) 
PARAMETRIC_REPRESENTATION_CONTEXT() REPRESENTATION_CONTEXT('2D SPACE',''
  ) );
#2042 = PCURVE('',#911,#2043);
#2043 = DEFINITIONAL_REPRESENTATION('',(#2044),#2048);
#2044 = LINE('',#2045,#2046);
#2045 = CARTESIAN_POINT('',(9.424777960769,-3.159750121719E-16));
#2046 = VECTOR('',#2047,1.);
#2047 = DIRECTION('',(0.,-1.));
#2048 = ( GEOMETRIC_REPRESENTATION_CONTEXT(2) 
PARAMETRIC_REPRESENTATION_CONTEXT() REPRESENTATION_CONTEXT('2D SPACE',''
  ) );
#2049 = ORIENTED_EDGE('',*,*,#2050,.F.);
#2050 = EDGE_CURVE('',#2028,#2028,#2051,.T.);
#2051 = SURFACE_CURVE('',#2052,(#2057,#2064),.PCURVE_S1.);
#2052 = CIRCLE('',#2053,2.575);
#2053 = AXIS2_PLACEMENT_3D('',#2054,#2055,#2056);
#2054 = CARTESIAN_POINT('',(27.331133260985,-49.25,20.223974749546));
#2055 = DIRECTION('',(0.,-1.,0.));
#2056 = DIRECTION('',(-1.,0.,0.));
#2057 = PCURVE('',#911,#2058);
#2058 = DEFINITIONAL_REPRESENTATION('',(#2059),#2063);
#2059 = LINE('',#2060,#2061);
#2060 = CARTESIAN_POINT('',(12.566370614359,-0.375));
#2061 = VECTOR('',#2062,1.);
#2062 = DIRECTION('',(-1.,0.));
#2063 = ( GEOMETRIC_REPRESENTATION_CONTEXT(2) 
PARAMETRIC_REPRESENTATION_CONTEXT() REPRESENTATION_CONTEXT('2D SPACE',''
  ) );
#2064 = PCURVE('',#2065,#2070);
#2065 = CYLINDRICAL_SURFACE('',#2066,2.575);
#2066 = AXIS2_PLACEMENT_3D('',#2067,#2068,#2069);
#2067 = CARTESIAN_POINT('',(27.331133260985,-48.5,20.223974749546));
#2068 = DIRECTION('',(0.,-1.,0.));
#2069 = DIRECTION('',(-1.,0.,0.));
#2070 = DEFINITIONAL_REPRESENTATION('',(#2071),#2075);
#2071 = LINE('',#2072,#2073);
#2072 = CARTESIAN_POINT('',(-6.28318530718,0.75));
#2073 = VECTOR('',#2074,1.);
#2074 = DIRECTION('',(1.,0.));
#2075 = ( GEOMETRIC_REPRESENTATION_CONTEXT(2) 
PARAMETRIC_REPRESENTATION_CONTEXT() REPRESENTATION_CONTEXT('2D SPACE',''
  ) );
#2076 = ORIENTED_EDGE('',*,*,#2027,.F.);
#2077 = ORIENTED_EDGE('',*,*,#890,.F.);
#2078 = ADVANCED_FACE('',(#2079),#946,.F.);
#2079 = FACE_BOUND('',#2080,.F.);
#2080 = EDGE_LOOP('',(#2081,#2104,#2131,#2132));
#2081 = ORIENTED_EDGE('',*,*,#2082,.T.);
#2082 = EDGE_CURVE('',#926,#2083,#2085,.T.);
#2083 = VERTEX_POINT('',#2084);
#2084 = CARTESIAN_POINT('',(2.575,-49.25,-34.));
#2085 = SEAM_CURVE('',#2086,(#2090,#2097),.PCURVE_S1.);
#2086 = LINE('',#2087,#2088);
#2087 = CARTESIAN_POINT('',(2.7,-48.875,-34.));
#2088 = VECTOR('',#2089,1.);
#2089 = DIRECTION('',(-0.316227766017,-0.948683298051,3.87267321454E-17)
  );
#2090 = PCURVE('',#946,#2091);
#2091 = DEFINITIONAL_REPRESENTATION('',(#2092),#2096);
#2092 = LINE('',#2093,#2094);
#2093 = CARTESIAN_POINT('',(3.14159265359,1.053250040573E-15));
#2094 = VECTOR('',#2095,1.);
#2095 = DIRECTION('',(0.,-1.));
#2096 = ( GEOMETRIC_REPRESENTATION_CONTEXT(2) 
PARAMETRIC_REPRESENTATION_CONTEXT() REPRESENTATION_CONTEXT('2D SPACE',''
  ) );
#2097 = PCURVE('',#946,#2098);
#2098 = DEFINITIONAL_REPRESENTATION('',(#2099),#2103);
#2099 = LINE('',#2100,#2101);
#2100 = CARTESIAN_POINT('',(9.424777960769,1.053250040573E-15));
#2101 = VECTOR('',#2102,1.);
#2102 = DIRECTION('',(0.,-1.));
#2103 = ( GEOMETRIC_REPRESENTATION_CONTEXT(2) 
PARAMETRIC_REPRESENTATION_CONTEXT() REPRESENTATION_CONTEXT('2D SPACE',''
  ) );
#2104 = ORIENTED_EDGE('',*,*,#2105,.F.);
#2105 = EDGE_CURVE('',#2083,#2083,#2106,.T.);
#2106 = SURFACE_CURVE('',#2107,(#2112,#2119),.PCURVE_S1.);
#2107 = CIRCLE('',#2108,2.575);
#2108 = AXIS2_PLACEMENT_3D('',#2109,#2110,#2111);
#2109 = CARTESIAN_POINT('',(-5.405200097032E-14,-49.25,-34.));
#2110 = DIRECTION('',(0.,-1.,0.));
#2111 = DIRECTION('',(-1.,0.,0.));
#2112 = PCURVE('',#946,#2113);
#2113 = DEFINITIONAL_REPRESENTATION('',(#2114),#2118);
#2114 = LINE('',#2115,#2116);
#2115 = CARTESIAN_POINT('',(12.566370614359,-0.375));
#2116 = VECTOR('',#2117,1.);
#2117 = DIRECTION('',(-1.,0.));
#2118 = ( GEOMETRIC_REPRESENTATION_CONTEXT(2) 
PARAMETRIC_REPRESENTATION_CONTEXT() REPRESENTATION_CONTEXT('2D SPACE',''
  ) );
#2119 = PCURVE('',#2120,#2125);
#2120 = CYLINDRICAL_SURFACE('',#2121,2.575);
#2121 = AXIS2_PLACEMENT_3D('',#2122,#2123,#2124);
#2122 = CARTESIAN_POINT('',(-5.405200097032E-14,-48.5,-34.));
#2123 = DIRECTION('',(0.,-1.,0.));
#2124 = DIRECTION('',(-1.,0.,0.));
#2125 = DEFINITIONAL_REPRESENTATION('',(#2126),#2130);
#2126 = LINE('',#2127,#2128);
#2127 = CARTESIAN_POINT('',(-6.28318530718,0.75));
#2128 = VECTOR('',#2129,1.);
#2129 = DIRECTION('',(1.,0.));
#2130 = ( GEOMETRIC_REPRESENTATION_CONTEXT(2) 
PARAMETRIC_REPRESENTATION_CONTEXT() REPRESENTATION_CONTEXT('2D SPACE',''
  ) );
#2131 = ORIENTED_EDGE('',*,*,#2082,.F.);
#2132 = ORIENTED_EDGE('',*,*,#925,.F.);
#2133 = ADVANCED_FACE('',(#2134),#984,.F.);
#2134 = FACE_BOUND('',#2135,.F.);
#2135 = EDGE_LOOP('',(#2136,#2159,#2186,#2187));
#2136 = ORIENTED_EDGE('',*,*,#2137,.T.);
#2137 = EDGE_CURVE('',#964,#2138,#2140,.T.);
#2138 = VERTEX_POINT('',#2139);
#2139 = CARTESIAN_POINT('',(-31.29561973512,-49.25,2.96329525342));
#2140 = SEAM_CURVE('',#2141,(#2145,#2152),.PCURVE_S1.);
#2141 = LINE('',#2142,#2143);
#2142 = CARTESIAN_POINT('',(-31.17061973512,-48.875,2.96329525342));
#2143 = VECTOR('',#2144,1.);
#2144 = DIRECTION('',(-0.316227766017,-0.948683298051,3.87267321454E-17)
  );
#2145 = PCURVE('',#984,#2146);
#2146 = DEFINITIONAL_REPRESENTATION('',(#2147),#2151);
#2147 = LINE('',#2148,#2149);
#2148 = CARTESIAN_POINT('',(3.14159265359,-1.369225052745E-15));
#2149 = VECTOR('',#2150,1.);
#2150 = DIRECTION('',(0.,-1.));
#2151 = ( GEOMETRIC_REPRESENTATION_CONTEXT(2) 
PARAMETRIC_REPRESENTATION_CONTEXT() REPRESENTATION_CONTEXT('2D SPACE',''
  ) );
#2152 = PCURVE('',#984,#2153);
#2153 = DEFINITIONAL_REPRESENTATION('',(#2154),#2158);
#2154 = LINE('',#2155,#2156);
#2155 = CARTESIAN_POINT('',(9.424777960769,-1.369225052745E-15));
#2156 = VECTOR('',#2157,1.);
#2157 = DIRECTION('',(0.,-1.));
#2158 = ( GEOMETRIC_REPRESENTATION_CONTEXT(2) 
PARAMETRIC_REPRESENTATION_CONTEXT() REPRESENTATION_CONTEXT('2D SPACE',''
  ) );
#2159 = ORIENTED_EDGE('',*,*,#2160,.F.);
#2160 = EDGE_CURVE('',#2138,#2138,#2161,.T.);
#2161 = SURFACE_CURVE('',#2162,(#2167,#2174),.PCURVE_S1.);
#2162 = CIRCLE('',#2163,2.575);
#2163 = AXIS2_PLACEMENT_3D('',#2164,#2165,#2166);
#2164 = CARTESIAN_POINT('',(-33.87061973511,-49.25,2.96329525342));
#2165 = DIRECTION('',(0.,-1.,0.));
#2166 = DIRECTION('',(-1.,0.,0.));
#2167 = PCURVE('',#984,#2168);
#2168 = DEFINITIONAL_REPRESENTATION('',(#2169),#2173);
#2169 = LINE('',#2170,#2171);
#2170 = CARTESIAN_POINT('',(12.566370614359,-0.375));
#2171 = VECTOR('',#2172,1.);
#2172 = DIRECTION('',(-1.,0.));
#2173 = ( GEOMETRIC_REPRESENTATION_CONTEXT(2) 
PARAMETRIC_REPRESENTATION_CONTEXT() REPRESENTATION_CONTEXT('2D SPACE',''
  ) );
#2174 = PCURVE('',#2175,#2180);
#2175 = CYLINDRICAL_SURFACE('',#2176,2.575);
#2176 = AXIS2_PLACEMENT_3D('',#2177,#2178,#2179);
#2177 = CARTESIAN_POINT('',(-33.87061973511,-48.5,2.96329525342));
#2178 = DIRECTION('',(0.,-1.,0.));
#2179 = DIRECTION('',(-1.,0.,0.));
#2180 = DEFINITIONAL_REPRESENTATION('',(#2181),#2185);
#2181 = LINE('',#2182,#2183);
#2182 = CARTESIAN_POINT('',(-6.28318530718,0.75));
#2183 = VECTOR('',#2184,1.);
#2184 = DIRECTION('',(1.,0.));
#2185 = ( GEOMETRIC_REPRESENTATION_CONTEXT(2) 
PARAMETRIC_REPRESENTATION_CONTEXT() REPRESENTATION_CONTEXT('2D SPACE',''
  ) );
#2186 = ORIENTED_EDGE('',*,*,#2137,.F.);
#2187 = ORIENTED_EDGE('',*,*,#963,.F.);
#2188 = ADVANCED_FACE('',(#2189,#2192),#1016,.T.);
#2189 = FACE_BOUND('',#2190,.F.);
#2190 = EDGE_LOOP('',(#2191));
#2191 = ORIENTED_EDGE('',*,*,#999,.F.);
#2192 = FACE_BOUND('',#2193,.F.);
#2193 = EDGE_LOOP('',(#2194));
#2194 = ORIENTED_EDGE('',*,*,#2195,.F.);
#2195 = EDGE_CURVE('',#2196,#2196,#2198,.T.);
#2196 = VERTEX_POINT('',#2197);
#2197 = CARTESIAN_POINT('',(29.2,-76.2,0.));
#2198 = SURFACE_CURVE('',#2199,(#2204,#2215),.PCURVE_S1.);
#2199 = CIRCLE('',#2200,29.2);
#2200 = AXIS2_PLACEMENT_3D('',#2201,#2202,#2203);
#2201 = CARTESIAN_POINT('',(0.,-76.2,0.));
#2202 = DIRECTION('',(-0.,-1.,0.));
#2203 = DIRECTION('',(1.,-0.,0.));
#2204 = PCURVE('',#1016,#2205);
#2205 = DEFINITIONAL_REPRESENTATION('',(#2206),#2214);
#2206 = ( BOUNDED_CURVE() B_SPLINE_CURVE(2,(#2207,#2208,#2209,#2210,
#2211,#2212,#2213),.UNSPECIFIED.,.T.,.F.) B_SPLINE_CURVE_WITH_KNOTS((1,2
    ,2,2,2,1),(-2.094395102393,0.,2.094395102393,4.188790204786,
6.28318530718,8.377580409573),.UNSPECIFIED.) CURVE() 
GEOMETRIC_REPRESENTATION_ITEM() RATIONAL_B_SPLINE_CURVE((1.,0.5,1.,0.5,
1.,0.5,1.)) REPRESENTATION_ITEM('') );
#2207 = CARTESIAN_POINT('',(29.2,0.));
#2208 = CARTESIAN_POINT('',(29.2,-50.57588358101));
#2209 = CARTESIAN_POINT('',(-14.6,-25.2879417905));
#2210 = CARTESIAN_POINT('',(-58.4,-7.151937307021E-15));
#2211 = CARTESIAN_POINT('',(-14.6,25.287941790506));
#2212 = CARTESIAN_POINT('',(29.2,50.575883581011));
#2213 = CARTESIAN_POINT('',(29.2,0.));
#2214 = ( GEOMETRIC_REPRESENTATION_CONTEXT(2) 
PARAMETRIC_REPRESENTATION_CONTEXT() REPRESENTATION_CONTEXT('2D SPACE',''
  ) );
#2215 = PCURVE('',#2216,#2221);
#2216 = CYLINDRICAL_SURFACE('',#2217,29.2);
#2217 = AXIS2_PLACEMENT_3D('',#2218,#2219,#2220);
#2218 = CARTESIAN_POINT('',(0.,-59.2,0.));
#2219 = DIRECTION('',(-0.,-1.,-0.));
#2220 = DIRECTION('',(1.,-0.,0.));
#2221 = DEFINITIONAL_REPRESENTATION('',(#2222),#2226);
#2222 = LINE('',#2223,#2224);
#2223 = CARTESIAN_POINT('',(-6.28318530718,17.));
#2224 = VECTOR('',#2225,1.);
#2225 = DIRECTION('',(1.,-0.));
#2226 = ( GEOMETRIC_REPRESENTATION_CONTEXT(2) 
PARAMETRIC_REPRESENTATION_CONTEXT() REPRESENTATION_CONTEXT('2D SPACE',''
  ) );
#2227 = ADVANCED_FACE('',(#2228),#1071,.F.);
#2228 = FACE_BOUND('',#2229,.F.);
#2229 = EDGE_LOOP('',(#2230,#2253,#2279,#2280));
#2230 = ORIENTED_EDGE('',*,*,#2231,.T.);
#2231 = EDGE_CURVE('',#1057,#2232,#2234,.T.);
#2232 = VERTEX_POINT('',#2233);
#2233 = CARTESIAN_POINT('',(1.2,-49.5,40.982435261951));
#2234 = SURFACE_CURVE('',#2235,(#2239,#2246),.PCURVE_S1.);
#2235 = LINE('',#2236,#2237);
#2236 = CARTESIAN_POINT('',(1.2,-48.5,40.982435261951));
#2237 = VECTOR('',#2238,1.);
#2238 = DIRECTION('',(0.,-1.,0.));
#2239 = PCURVE('',#1071,#2240);
#2240 = DEFINITIONAL_REPRESENTATION('',(#2241),#2245);
#2241 = LINE('',#2242,#2243);
#2242 = CARTESIAN_POINT('',(-9.947598300641E-14,0.));
#2243 = VECTOR('',#2244,1.);
#2244 = DIRECTION('',(0.,-1.));
#2245 = ( GEOMETRIC_REPRESENTATION_CONTEXT(2) 
PARAMETRIC_REPRESENTATION_CONTEXT() REPRESENTATION_CONTEXT('2D SPACE',''
  ) );
#2246 = PCURVE('',#1100,#2247);
#2247 = DEFINITIONAL_REPRESENTATION('',(#2248),#2252);
#2248 = LINE('',#2249,#2250);
#2249 = CARTESIAN_POINT('',(5.700519694033,0.));
#2250 = VECTOR('',#2251,1.);
#2251 = DIRECTION('',(0.,1.));
#2252 = ( GEOMETRIC_REPRESENTATION_CONTEXT(2) 
PARAMETRIC_REPRESENTATION_CONTEXT() REPRESENTATION_CONTEXT('2D SPACE',''
  ) );
#2253 = ORIENTED_EDGE('',*,*,#2254,.T.);
#2254 = EDGE_CURVE('',#2232,#1916,#2255,.T.);
#2255 = SURFACE_CURVE('',#2256,(#2260,#2267),.PCURVE_S1.);
#2256 = LINE('',#2257,#2258);
#2257 = CARTESIAN_POINT('',(1.2,-49.5,40.616217630975));
#2258 = VECTOR('',#2259,1.);
#2259 = DIRECTION('',(0.,0.,-1.));
#2260 = PCURVE('',#1071,#2261);
#2261 = DEFINITIONAL_REPRESENTATION('',(#2262),#2266);
#2262 = LINE('',#2263,#2264);
#2263 = CARTESIAN_POINT('',(0.366217630975,-1.));
#2264 = VECTOR('',#2265,1.);
#2265 = DIRECTION('',(1.,0.));
#2266 = ( GEOMETRIC_REPRESENTATION_CONTEXT(2) 
PARAMETRIC_REPRESENTATION_CONTEXT() REPRESENTATION_CONTEXT('2D SPACE',''
  ) );
#2267 = PCURVE('',#2268,#2273);
#2268 = CYLINDRICAL_SURFACE('',#2269,1.);
#2269 = AXIS2_PLACEMENT_3D('',#2270,#2271,#2272);
#2270 = CARTESIAN_POINT('',(0.2,-49.5,40.616217630975));
#2271 = DIRECTION('',(0.,0.,1.));
#2272 = DIRECTION('',(0.707106781187,-0.707106781187,0.));
#2273 = DEFINITIONAL_REPRESENTATION('',(#2274),#2278);
#2274 = LINE('',#2275,#2276);
#2275 = CARTESIAN_POINT('',(0.785398163397,0.));
#2276 = VECTOR('',#2277,1.);
#2277 = DIRECTION('',(0.,-1.));
#2278 = ( GEOMETRIC_REPRESENTATION_CONTEXT(2) 
PARAMETRIC_REPRESENTATION_CONTEXT() REPRESENTATION_CONTEXT('2D SPACE',''
  ) );
#2279 = ORIENTED_EDGE('',*,*,#1915,.T.);
#2280 = ORIENTED_EDGE('',*,*,#1054,.T.);
#2281 = ADVANCED_FACE('',(#2282),#1100,.T.);
#2282 = FACE_BOUND('',#2283,.T.);
#2283 = EDGE_LOOP('',(#2284,#2285,#2286,#2337,#2366,#2422,#2443,#2444,
    #2467,#2489));
#2284 = ORIENTED_EDGE('',*,*,#1083,.F.);
#2285 = ORIENTED_EDGE('',*,*,#2231,.T.);
#2286 = ORIENTED_EDGE('',*,*,#2287,.F.);
#2287 = EDGE_CURVE('',#2288,#2232,#2290,.T.);
#2288 = VERTEX_POINT('',#2289);
#2289 = CARTESIAN_POINT('',(0.2,-50.5,40.99951219222));
#2290 = SURFACE_CURVE('',#2291,(#2302,#2331),.PCURVE_S1.);
#2291 = B_SPLINE_CURVE_WITH_KNOTS('',3,(#2292,#2293,#2294,#2295,#2296,
    #2297,#2298,#2299,#2300,#2301),.UNSPECIFIED.,.F.,.F.,(4,2,2,2,4),(
    0.150678155868,0.188350639456,0.226023123045,0.263693544758,
    0.30136396647),.UNSPECIFIED.);
#2292 = CARTESIAN_POINT('',(0.2,-50.5,40.99951219222));
#2293 = CARTESIAN_POINT('',(0.325573451236,-50.5,40.998899631511));
#2294 = CARTESIAN_POINT('',(0.459510161624,-50.47490217879,
    40.997610043068));
#2295 = CARTESIAN_POINT('',(0.705890081092,-50.37284306026,
    40.994108089157));
#2296 = CARTESIAN_POINT('',(0.818333912948,-50.29588213864,
    40.991928667111));
#2297 = CARTESIAN_POINT('',(0.995894616188,-50.11831645682,
    40.987999210657));
#2298 = CARTESIAN_POINT('',(1.072851149387,-50.0058750805,
    40.985992681239));
#2299 = CARTESIAN_POINT('',(1.174904034038,-49.75950115515,
    40.98319419185));
#2300 = CARTESIAN_POINT('',(1.2,-49.62556807237,40.982435261951));
#2301 = CARTESIAN_POINT('',(1.2,-49.5,40.982435261951));
#2302 = PCURVE('',#1100,#2303);
#2303 = DEFINITIONAL_REPRESENTATION('',(#2304),#2330);
#2304 = B_SPLINE_CURVE_WITH_KNOTS('',3,(#2305,#2306,#2307,#2308,#2309,
    #2310,#2311,#2312,#2313,#2314,#2315,#2316,#2317,#2318,#2319,#2320,
    #2321,#2322,#2323,#2324,#2325,#2326,#2327,#2328,#2329),
  .UNSPECIFIED.,.F.,.F.,(4,1,1,1,1,1,1,1,1,1,1,1,1,1,1,1,1,1,1,1,1,1,4),
  (0.150678155868,0.157527510895,0.164376865922,0.17122622095,
    0.178075575977,0.184924931005,0.191774286032,0.198623641059,
    0.205472996087,0.212322351114,0.219171706142,0.226021061169,
    0.232870416196,0.239719771224,0.246569126251,0.253418481279,
    0.260267836306,0.267117191333,0.273966546361,0.280815901388,
    0.287665256416,0.294514611443,0.30136396647),.QUASI_UNIFORM_KNOTS.);
#2305 = CARTESIAN_POINT('',(5.724914098898,2.));
#2306 = CARTESIAN_POINT('',(5.724357240837,2.));
#2307 = CARTESIAN_POINT('',(5.72323003321,1.998340770452));
#2308 = CARTESIAN_POINT('',(5.721515554494,1.990843808895));
#2309 = CARTESIAN_POINT('',(5.719794201572,1.978309731216));
#2310 = CARTESIAN_POINT('',(5.718082817116,1.960704534552));
#2311 = CARTESIAN_POINT('',(5.716398062403,1.938012802243));
#2312 = CARTESIAN_POINT('',(5.714757274479,1.910149776793));
#2313 = CARTESIAN_POINT('',(5.713174585481,1.87735681942));
#2314 = CARTESIAN_POINT('',(5.711660623978,1.840189102695));
#2315 = CARTESIAN_POINT('',(5.710227598204,1.799169429774));
#2316 = CARTESIAN_POINT('',(5.708884229,1.754703621557));
#2317 = CARTESIAN_POINT('',(5.707651613453,1.707697797387));
#2318 = CARTESIAN_POINT('',(5.706504836069,1.657173865086));
#2319 = CARTESIAN_POINT('',(5.70541997053,1.602107233943));
#2320 = CARTESIAN_POINT('',(5.704419151702,1.54336346226));
#2321 = CARTESIAN_POINT('',(5.703512284763,1.481299748723));
#2322 = CARTESIAN_POINT('',(5.702712135961,1.416416582116));
#2323 = CARTESIAN_POINT('',(5.70203225967,1.349149650441));
#2324 = CARTESIAN_POINT('',(5.701478561024,1.280078382206));
#2325 = CARTESIAN_POINT('',(5.701048972985,1.209913958702));
#2326 = CARTESIAN_POINT('',(5.700743122597,1.139339769903));
#2327 = CARTESIAN_POINT('',(5.700560182965,1.069046655002));
#2328 = CARTESIAN_POINT('',(5.700519694037,1.022831183425));
#2329 = CARTESIAN_POINT('',(5.700519694033,1.));
#2330 = ( GEOMETRIC_REPRESENTATION_CONTEXT(2) 
PARAMETRIC_REPRESENTATION_CONTEXT() REPRESENTATION_CONTEXT('2D SPACE',''
  ) );
#2331 = PCURVE('',#2268,#2332);
#2332 = DEFINITIONAL_REPRESENTATION('',(#2333),#2336);
#2333 = B_SPLINE_CURVE_WITH_KNOTS('',1,(#2334,#2335),.UNSPECIFIED.,.F.,
  .F.,(2,2),(0.150678155868,0.30136396647),.PIECEWISE_BEZIER_KNOTS.);
#2334 = CARTESIAN_POINT('',(-0.785398163397,0.383294561245));
#2335 = CARTESIAN_POINT('',(0.785398163397,0.366217630975));
#2336 = ( GEOMETRIC_REPRESENTATION_CONTEXT(2) 
PARAMETRIC_REPRESENTATION_CONTEXT() REPRESENTATION_CONTEXT('2D SPACE',''
  ) );
#2337 = ORIENTED_EDGE('',*,*,#2338,.T.);
#2338 = EDGE_CURVE('',#2288,#2339,#2341,.T.);
#2339 = VERTEX_POINT('',#2340);
#2340 = CARTESIAN_POINT('',(-0.2,-50.5,40.99951219222));
#2341 = SURFACE_CURVE('',#2342,(#2347,#2354),.PCURVE_S1.);
#2342 = CIRCLE('',#2343,41.);
#2343 = AXIS2_PLACEMENT_3D('',#2344,#2345,#2346);
#2344 = CARTESIAN_POINT('',(-4.440892098501E-15,-50.5,0.));
#2345 = DIRECTION('',(0.,-1.,0.));
#2346 = DIRECTION('',(0.977132894789,0.,0.212629503884));
#2347 = PCURVE('',#1100,#2348);
#2348 = DEFINITIONAL_REPRESENTATION('',(#2349),#2353);
#2349 = LINE('',#2350,#2351);
#2350 = CARTESIAN_POINT('',(4.373261055959,2.));
#2351 = VECTOR('',#2352,1.);
#2352 = DIRECTION('',(1.,0.));
#2353 = ( GEOMETRIC_REPRESENTATION_CONTEXT(2) 
PARAMETRIC_REPRESENTATION_CONTEXT() REPRESENTATION_CONTEXT('2D SPACE',''
  ) );
#2354 = PCURVE('',#2355,#2360);
#2355 = PLANE('',#2356);
#2356 = AXIS2_PLACEMENT_3D('',#2357,#2358,#2359);
#2357 = CARTESIAN_POINT('',(-4.440892098501E-15,-50.5,40.25));
#2358 = DIRECTION('',(0.,-1.,0.));
#2359 = DIRECTION('',(1.,0.,0.));
#2360 = DEFINITIONAL_REPRESENTATION('',(#2361),#2365);
#2361 = CIRCLE('',#2362,41.);
#2362 = AXIS2_PLACEMENT_2D('',#2363,#2364);
#2363 = CARTESIAN_POINT('',(0.,-40.25));
#2364 = DIRECTION('',(0.977132894789,0.212629503884));
#2365 = ( GEOMETRIC_REPRESENTATION_CONTEXT(2) 
PARAMETRIC_REPRESENTATION_CONTEXT() REPRESENTATION_CONTEXT('2D SPACE',''
  ) );
#2366 = ORIENTED_EDGE('',*,*,#2367,.F.);
#2367 = EDGE_CURVE('',#2368,#2339,#2370,.T.);
#2368 = VERTEX_POINT('',#2369);
#2369 = CARTESIAN_POINT('',(-1.2,-49.5,40.982435261951));
#2370 = SURFACE_CURVE('',#2371,(#2382,#2411),.PCURVE_S1.);
#2371 = B_SPLINE_CURVE_WITH_KNOTS('',3,(#2372,#2373,#2374,#2375,#2376,
    #2377,#2378,#2379,#2380,#2381),.UNSPECIFIED.,.F.,.F.,(4,2,2,2,4),(
    0.30136396647,0.339035092038,0.376706217605,0.414377997342,
    0.45204977708),.UNSPECIFIED.);
#2372 = CARTESIAN_POINT('',(-1.2,-49.5,40.982435261951));
#2373 = CARTESIAN_POINT('',(-1.2,-49.62557041855,40.982435261951));
#2374 = CARTESIAN_POINT('',(-1.174903103825,-49.75950584323,
    40.983194220701));
#2375 = CARTESIAN_POINT('',(-1.072846714349,-50.00588334497,
    40.985992799513));
#2376 = CARTESIAN_POINT('',(-0.995887606546,-50.11832595582,
    40.987999387262));
#2377 = CARTESIAN_POINT('',(-0.818324414121,-50.29588914825,
    40.991928855839));
#2378 = CARTESIAN_POINT('',(-0.70588181682,-50.37284749526,
    40.994108226086));
#2379 = CARTESIAN_POINT('',(-0.459505473672,-50.47490310899,
    40.997610090236));
#2380 = CARTESIAN_POINT('',(-0.325571105094,-50.5,40.998899642956));
#2381 = CARTESIAN_POINT('',(-0.2,-50.5,40.99951219222));
#2382 = PCURVE('',#1100,#2383);
#2383 = DEFINITIONAL_REPRESENTATION('',(#2384),#2410);
#2384 = B_SPLINE_CURVE_WITH_KNOTS('',3,(#2385,#2386,#2387,#2388,#2389,
    #2390,#2391,#2392,#2393,#2394,#2395,#2396,#2397,#2398,#2399,#2400,
    #2401,#2402,#2403,#2404,#2405,#2406,#2407,#2408,#2409),
  .UNSPECIFIED.,.F.,.F.,(4,1,1,1,1,1,1,1,1,1,1,1,1,1,1,1,1,1,1,1,1,1,4),
  (0.30136396647,0.308213321498,0.315062676526,0.321912031554,
    0.328761386581,0.335610741609,0.342460096637,0.349309451664,
    0.356158806692,0.36300816172,0.369857516748,0.376706871775,
    0.383556226803,0.390405581831,0.397254936858,0.404104291886,
    0.410953646914,0.417803001942,0.424652356969,0.431501711997,
    0.438351067025,0.445200422052,0.45204977708),.QUASI_UNIFORM_KNOTS.);
#2385 = CARTESIAN_POINT('',(5.759064640016,1.));
#2386 = CARTESIAN_POINT('',(5.759064640012,1.022831183426));
#2387 = CARTESIAN_POINT('',(5.759024151096,1.069046634053));
#2388 = CARTESIAN_POINT('',(5.758841211656,1.139339673504));
#2389 = CARTESIAN_POINT('',(5.758535361766,1.209913761603));
#2390 = CARTESIAN_POINT('',(5.758105774683,1.280078078155));
#2391 = CARTESIAN_POINT('',(5.75755207753,1.349149251339));
#2392 = CARTESIAN_POINT('',(5.756872203612,1.416416121173));
#2393 = CARTESIAN_POINT('',(5.756072056368,1.481299251128));
#2394 = CARTESIAN_POINT('',(5.755165190156,1.543362966589));
#2395 = CARTESIAN_POINT('',(5.754164370444,1.602106815295));
#2396 = CARTESIAN_POINT('',(5.75307950398,1.657173538009));
#2397 = CARTESIAN_POINT('',(5.751932718555,1.707697881051));
#2398 = CARTESIAN_POINT('',(5.75070011303,1.754703375552));
#2399 = CARTESIAN_POINT('',(5.749356746057,1.799169145953));
#2400 = CARTESIAN_POINT('',(5.747923722162,1.840188782632));
#2401 = CARTESIAN_POINT('',(5.746409760705,1.877356529188));
#2402 = CARTESIAN_POINT('',(5.744827070813,1.910149550391));
#2403 = CARTESIAN_POINT('',(5.74318628138,1.93801267311));
#2404 = CARTESIAN_POINT('',(5.741501524349,1.960704466615));
#2405 = CARTESIAN_POINT('',(5.739790137284,1.978309702427));
#2406 = CARTESIAN_POINT('',(5.738068781906,1.990843800523));
#2407 = CARTESIAN_POINT('',(5.73635430135,1.998340769955));
#2408 = CARTESIAN_POINT('',(5.735227093212,2.));
#2409 = CARTESIAN_POINT('',(5.734670235151,2.));
#2410 = ( GEOMETRIC_REPRESENTATION_CONTEXT(2) 
PARAMETRIC_REPRESENTATION_CONTEXT() REPRESENTATION_CONTEXT('2D SPACE',''
  ) );
#2411 = PCURVE('',#2412,#2417);
#2412 = CYLINDRICAL_SURFACE('',#2413,1.);
#2413 = AXIS2_PLACEMENT_3D('',#2414,#2415,#2416);
#2414 = CARTESIAN_POINT('',(-0.2,-49.5,40.475));
#2415 = DIRECTION('',(0.,0.,-1.));
#2416 = DIRECTION('',(-0.707106781187,-0.707106781187,-0.));
#2417 = DEFINITIONAL_REPRESENTATION('',(#2418),#2421);
#2418 = B_SPLINE_CURVE_WITH_KNOTS('',1,(#2419,#2420),.UNSPECIFIED.,.F.,
  .F.,(2,2),(0.30136396647,0.45204977708),.PIECEWISE_BEZIER_KNOTS.);
#2419 = CARTESIAN_POINT('',(7.068583470577,-0.507435261951));
#2420 = CARTESIAN_POINT('',(5.497787143782,-0.52451219222));
#2421 = ( GEOMETRIC_REPRESENTATION_CONTEXT(2) 
PARAMETRIC_REPRESENTATION_CONTEXT() REPRESENTATION_CONTEXT('2D SPACE',''
  ) );
#2422 = ORIENTED_EDGE('',*,*,#2423,.T.);
#2423 = EDGE_CURVE('',#2368,#1864,#2424,.T.);
#2424 = SURFACE_CURVE('',#2425,(#2429,#2436),.PCURVE_S1.);
#2425 = LINE('',#2426,#2427);
#2426 = CARTESIAN_POINT('',(-1.2,-48.5,40.982435261951));
#2427 = VECTOR('',#2428,1.);
#2428 = DIRECTION('',(0.,1.,0.));
#2429 = PCURVE('',#1100,#2430);
#2430 = DEFINITIONAL_REPRESENTATION('',(#2431),#2435);
#2431 = LINE('',#2432,#2433);
#2432 = CARTESIAN_POINT('',(5.759064640016,0.));
#2433 = VECTOR('',#2434,1.);
#2434 = DIRECTION('',(0.,-1.));
#2435 = ( GEOMETRIC_REPRESENTATION_CONTEXT(2) 
PARAMETRIC_REPRESENTATION_CONTEXT() REPRESENTATION_CONTEXT('2D SPACE',''
  ) );
#2436 = PCURVE('',#1900,#2437);
#2437 = DEFINITIONAL_REPRESENTATION('',(#2438),#2442);
#2438 = LINE('',#2439,#2440);
#2439 = CARTESIAN_POINT('',(0.282435261951,0.));
#2440 = VECTOR('',#2441,1.);
#2441 = DIRECTION('',(0.,1.));
#2442 = ( GEOMETRIC_REPRESENTATION_CONTEXT(2) 
PARAMETRIC_REPRESENTATION_CONTEXT() REPRESENTATION_CONTEXT('2D SPACE',''
  ) );
#2443 = ORIENTED_EDGE('',*,*,#1863,.F.);
#2444 = ORIENTED_EDGE('',*,*,#2445,.T.);
#2445 = EDGE_CURVE('',#1734,#2446,#2448,.T.);
#2446 = VERTEX_POINT('',#2447);
#2447 = CARTESIAN_POINT('',(-25.72549019607,-51.5,-31.92489865561));
#2448 = SURFACE_CURVE('',#2449,(#2453,#2460),.PCURVE_S1.);
#2449 = LINE('',#2450,#2451);
#2450 = CARTESIAN_POINT('',(-25.72549019607,-48.5,-31.92489865561));
#2451 = VECTOR('',#2452,1.);
#2452 = DIRECTION('',(0.,-1.,0.));
#2453 = PCURVE('',#1100,#2454);
#2454 = DEFINITIONAL_REPRESENTATION('',(#2455),#2459);
#2455 = LINE('',#2456,#2457);
#2456 = CARTESIAN_POINT('',(8.193109558401,0.));
#2457 = VECTOR('',#2458,1.);
#2458 = DIRECTION('',(0.,1.));
#2459 = ( GEOMETRIC_REPRESENTATION_CONTEXT(2) 
PARAMETRIC_REPRESENTATION_CONTEXT() REPRESENTATION_CONTEXT('2D SPACE',''
  ) );
#2460 = PCURVE('',#1750,#2461);
#2461 = DEFINITIONAL_REPRESENTATION('',(#2462),#2466);
#2462 = LINE('',#2463,#2464);
#2463 = CARTESIAN_POINT('',(0.892521064581,0.));
#2464 = VECTOR('',#2465,1.);
#2465 = DIRECTION('',(0.,1.));
#2466 = ( GEOMETRIC_REPRESENTATION_CONTEXT(2) 
PARAMETRIC_REPRESENTATION_CONTEXT() REPRESENTATION_CONTEXT('2D SPACE',''
  ) );
#2467 = ORIENTED_EDGE('',*,*,#2468,.F.);
#2468 = EDGE_CURVE('',#1231,#2446,#2469,.T.);
#2469 = SURFACE_CURVE('',#2470,(#2475,#2482),.PCURVE_S1.);
#2470 = CIRCLE('',#2471,41.);
#2471 = AXIS2_PLACEMENT_3D('',#2472,#2473,#2474);
#2472 = CARTESIAN_POINT('',(-4.440892098501E-15,-51.5,0.));
#2473 = DIRECTION('',(0.,-1.,0.));
#2474 = DIRECTION('',(0.977132894789,0.,0.212629503884));
#2475 = PCURVE('',#1100,#2476);
#2476 = DEFINITIONAL_REPRESENTATION('',(#2477),#2481);
#2477 = LINE('',#2478,#2479);
#2478 = CARTESIAN_POINT('',(4.373261055959,3.));
#2479 = VECTOR('',#2480,1.);
#2480 = DIRECTION('',(1.,0.));
#2481 = ( GEOMETRIC_REPRESENTATION_CONTEXT(2) 
PARAMETRIC_REPRESENTATION_CONTEXT() REPRESENTATION_CONTEXT('2D SPACE',''
  ) );
#2482 = PCURVE('',#1269,#2483);
#2483 = DEFINITIONAL_REPRESENTATION('',(#2484),#2488);
#2484 = CIRCLE('',#2485,41.);
#2485 = AXIS2_PLACEMENT_2D('',#2486,#2487);
#2486 = CARTESIAN_POINT('',(0.468775656832,8.240669042783));
#2487 = DIRECTION('',(0.977132894789,0.212629503884));
#2488 = ( GEOMETRIC_REPRESENTATION_CONTEXT(2) 
PARAMETRIC_REPRESENTATION_CONTEXT() REPRESENTATION_CONTEXT('2D SPACE',''
  ) );
#2489 = ORIENTED_EDGE('',*,*,#1230,.F.);
#2490 = ADVANCED_FACE('',(#2491,#2690),#1269,.T.);
#2491 = FACE_BOUND('',#2492,.T.);
#2492 = EDGE_LOOP('',(#2493,#2518,#2542,#2565,#2589,#2612,#2640,#2662,
    #2663,#2664));
#2493 = ORIENTED_EDGE('',*,*,#2494,.T.);
#2494 = EDGE_CURVE('',#2495,#2497,#2499,.T.);
#2495 = VERTEX_POINT('',#2496);
#2496 = CARTESIAN_POINT('',(-22.,-51.5,-39.71145930332));
#2497 = VERTEX_POINT('',#2498);
#2498 = CARTESIAN_POINT('',(-22.,-51.5,-48.48133808556));
#2499 = SURFACE_CURVE('',#2500,(#2504,#2511),.PCURVE_S1.);
#2500 = LINE('',#2501,#2502);
#2501 = CARTESIAN_POINT('',(-22.,-51.5,-39.71145930332));
#2502 = VECTOR('',#2503,1.);
#2503 = DIRECTION('',(6.07656120515E-15,0.,-1.));
#2504 = PCURVE('',#1269,#2505);
#2505 = DEFINITIONAL_REPRESENTATION('',(#2506),#2510);
#2506 = LINE('',#2507,#2508);
#2507 = CARTESIAN_POINT('',(-21.53122434316,-31.47079026054));
#2508 = VECTOR('',#2509,1.);
#2509 = DIRECTION('',(6.07656120515E-15,-1.));
#2510 = ( GEOMETRIC_REPRESENTATION_CONTEXT(2) 
PARAMETRIC_REPRESENTATION_CONTEXT() REPRESENTATION_CONTEXT('2D SPACE',''
  ) );
#2511 = PCURVE('',#1696,#2512);
#2512 = DEFINITIONAL_REPRESENTATION('',(#2513),#2517);
#2513 = LINE('',#2514,#2515);
#2514 = CARTESIAN_POINT('',(0.,3.));
#2515 = VECTOR('',#2516,1.);
#2516 = DIRECTION('',(1.,0.));
#2517 = ( GEOMETRIC_REPRESENTATION_CONTEXT(2) 
PARAMETRIC_REPRESENTATION_CONTEXT() REPRESENTATION_CONTEXT('2D SPACE',''
  ) );
#2518 = ORIENTED_EDGE('',*,*,#2519,.T.);
#2519 = EDGE_CURVE('',#2497,#2520,#2522,.T.);
#2520 = VERTEX_POINT('',#2521);
#2521 = CARTESIAN_POINT('',(-13.,-51.5,-57.48133808556));
#2522 = SURFACE_CURVE('',#2523,(#2528,#2535),.PCURVE_S1.);
#2523 = CIRCLE('',#2524,9.);
#2524 = AXIS2_PLACEMENT_3D('',#2525,#2526,#2527);
#2525 = CARTESIAN_POINT('',(-13.,-51.5,-48.48133808556));
#2526 = DIRECTION('',(0.,-1.,0.));
#2527 = DIRECTION('',(-1.,-0.,-5.921189464668E-15));
#2528 = PCURVE('',#1269,#2529);
#2529 = DEFINITIONAL_REPRESENTATION('',(#2530),#2534);
#2530 = CIRCLE('',#2531,9.);
#2531 = AXIS2_PLACEMENT_2D('',#2532,#2533);
#2532 = CARTESIAN_POINT('',(-12.53122434316,-40.24066904278));
#2533 = DIRECTION('',(-1.,-5.921189464668E-15));
#2534 = ( GEOMETRIC_REPRESENTATION_CONTEXT(2) 
PARAMETRIC_REPRESENTATION_CONTEXT() REPRESENTATION_CONTEXT('2D SPACE',''
  ) );
#2535 = PCURVE('',#1642,#2536);
#2536 = DEFINITIONAL_REPRESENTATION('',(#2537),#2541);
#2537 = LINE('',#2538,#2539);
#2538 = CARTESIAN_POINT('',(0.,3.));
#2539 = VECTOR('',#2540,1.);
#2540 = DIRECTION('',(1.,0.));
#2541 = ( GEOMETRIC_REPRESENTATION_CONTEXT(2) 
PARAMETRIC_REPRESENTATION_CONTEXT() REPRESENTATION_CONTEXT('2D SPACE',''
  ) );
#2542 = ORIENTED_EDGE('',*,*,#2543,.T.);
#2543 = EDGE_CURVE('',#2520,#2544,#2546,.T.);
#2544 = VERTEX_POINT('',#2545);
#2545 = CARTESIAN_POINT('',(13.,-51.5,-57.48133808556));
#2546 = SURFACE_CURVE('',#2547,(#2551,#2558),.PCURVE_S1.);
#2547 = LINE('',#2548,#2549);
#2548 = CARTESIAN_POINT('',(-13.,-51.5,-57.48133808556));
#2549 = VECTOR('',#2550,1.);
#2550 = DIRECTION('',(1.,0.,-3.416070845E-16));
#2551 = PCURVE('',#1269,#2552);
#2552 = DEFINITIONAL_REPRESENTATION('',(#2553),#2557);
#2553 = LINE('',#2554,#2555);
#2554 = CARTESIAN_POINT('',(-12.53122434316,-49.24066904278));
#2555 = VECTOR('',#2556,1.);
#2556 = DIRECTION('',(1.,-3.416070845E-16));
#2557 = ( GEOMETRIC_REPRESENTATION_CONTEXT(2) 
PARAMETRIC_REPRESENTATION_CONTEXT() REPRESENTATION_CONTEXT('2D SPACE',''
  ) );
#2558 = PCURVE('',#1587,#2559);
#2559 = DEFINITIONAL_REPRESENTATION('',(#2560),#2564);
#2560 = LINE('',#2561,#2562);
#2561 = CARTESIAN_POINT('',(0.,3.));
#2562 = VECTOR('',#2563,1.);
#2563 = DIRECTION('',(1.,0.));
#2564 = ( GEOMETRIC_REPRESENTATION_CONTEXT(2) 
PARAMETRIC_REPRESENTATION_CONTEXT() REPRESENTATION_CONTEXT('2D SPACE',''
  ) );
#2565 = ORIENTED_EDGE('',*,*,#2566,.T.);
#2566 = EDGE_CURVE('',#2544,#2567,#2569,.T.);
#2567 = VERTEX_POINT('',#2568);
#2568 = CARTESIAN_POINT('',(22.,-51.5,-48.48133808556));
#2569 = SURFACE_CURVE('',#2570,(#2575,#2582),.PCURVE_S1.);
#2570 = CIRCLE('',#2571,9.);
#2571 = AXIS2_PLACEMENT_3D('',#2572,#2573,#2574);
#2572 = CARTESIAN_POINT('',(13.,-51.5,-48.48133808556));
#2573 = DIRECTION('',(0.,-1.,0.));
#2574 = DIRECTION('',(-4.93432455389E-16,-0.,-1.));
#2575 = PCURVE('',#1269,#2576);
#2576 = DEFINITIONAL_REPRESENTATION('',(#2577),#2581);
#2577 = CIRCLE('',#2578,9.);
#2578 = AXIS2_PLACEMENT_2D('',#2579,#2580);
#2579 = CARTESIAN_POINT('',(13.468775656832,-40.24066904278));
#2580 = DIRECTION('',(-4.93432455389E-16,-1.));
#2581 = ( GEOMETRIC_REPRESENTATION_CONTEXT(2) 
PARAMETRIC_REPRESENTATION_CONTEXT() REPRESENTATION_CONTEXT('2D SPACE',''
  ) );
#2582 = PCURVE('',#1533,#2583);
#2583 = DEFINITIONAL_REPRESENTATION('',(#2584),#2588);
#2584 = LINE('',#2585,#2586);
#2585 = CARTESIAN_POINT('',(0.,3.));
#2586 = VECTOR('',#2587,1.);
#2587 = DIRECTION('',(1.,0.));
#2588 = ( GEOMETRIC_REPRESENTATION_CONTEXT(2) 
PARAMETRIC_REPRESENTATION_CONTEXT() REPRESENTATION_CONTEXT('2D SPACE',''
  ) );
#2589 = ORIENTED_EDGE('',*,*,#2590,.T.);
#2590 = EDGE_CURVE('',#2567,#2591,#2593,.T.);
#2591 = VERTEX_POINT('',#2592);
#2592 = CARTESIAN_POINT('',(22.,-51.5,-39.71145930333));
#2593 = SURFACE_CURVE('',#2594,(#2598,#2605),.PCURVE_S1.);
#2594 = LINE('',#2595,#2596);
#2595 = CARTESIAN_POINT('',(22.,-51.5,-48.48133808556));
#2596 = VECTOR('',#2597,1.);
#2597 = DIRECTION('',(1.519140301287E-15,0.,1.));
#2598 = PCURVE('',#1269,#2599);
#2599 = DEFINITIONAL_REPRESENTATION('',(#2600),#2604);
#2600 = LINE('',#2601,#2602);
#2601 = CARTESIAN_POINT('',(22.468775656832,-40.24066904278));
#2602 = VECTOR('',#2603,1.);
#2603 = DIRECTION('',(1.519140301287E-15,1.));
#2604 = ( GEOMETRIC_REPRESENTATION_CONTEXT(2) 
PARAMETRIC_REPRESENTATION_CONTEXT() REPRESENTATION_CONTEXT('2D SPACE',''
  ) );
#2605 = PCURVE('',#1478,#2606);
#2606 = DEFINITIONAL_REPRESENTATION('',(#2607),#2611);
#2607 = LINE('',#2608,#2609);
#2608 = CARTESIAN_POINT('',(0.,3.));
#2609 = VECTOR('',#2610,1.);
#2610 = DIRECTION('',(1.,0.));
#2611 = ( GEOMETRIC_REPRESENTATION_CONTEXT(2) 
PARAMETRIC_REPRESENTATION_CONTEXT() REPRESENTATION_CONTEXT('2D SPACE',''
  ) );
#2612 = ORIENTED_EDGE('',*,*,#2613,.T.);
#2613 = EDGE_CURVE('',#2591,#2614,#2616,.T.);
#2614 = VERTEX_POINT('',#2615);
#2615 = CARTESIAN_POINT('',(25.725490196078,-51.5,-31.92489865561));
#2616 = SURFACE_CURVE('',#2617,(#2622,#2633),.PCURVE_S1.);
#2617 = CIRCLE('',#2618,10.);
#2618 = AXIS2_PLACEMENT_3D('',#2619,#2620,#2621);
#2619 = CARTESIAN_POINT('',(32.,-51.5,-39.71145930333));
#2620 = DIRECTION('',(0.,1.,0.));
#2621 = DIRECTION('',(-0.627450980392,0.,0.778656064771));
#2622 = PCURVE('',#1269,#2623);
#2623 = DEFINITIONAL_REPRESENTATION('',(#2624),#2632);
#2624 = ( BOUNDED_CURVE() B_SPLINE_CURVE(2,(#2625,#2626,#2627,#2628,
#2629,#2630,#2631),.UNSPECIFIED.,.T.,.F.) B_SPLINE_CURVE_WITH_KNOTS((1,2
    ,2,2,2,1),(-2.094395102393,0.,2.094395102393,4.188790204786,
6.28318530718,8.377580409573),.UNSPECIFIED.) CURVE() 
GEOMETRIC_REPRESENTATION_ITEM() RATIONAL_B_SPLINE_CURVE((1.,0.5,1.,0.5,
1.,0.5,1.)) REPRESENTATION_ITEM('') );
#2625 = CARTESIAN_POINT('',(26.19426585291,-23.68422961283));
#2626 = CARTESIAN_POINT('',(39.680984510963,-12.81645983985));
#2627 = CARTESIAN_POINT('',(42.349389887819,-29.93018569791));
#2628 = CARTESIAN_POINT('',(45.017795264675,-47.04391155597));
#2629 = CARTESIAN_POINT('',(28.862671229766,-40.79795547089));
#2630 = CARTESIAN_POINT('',(12.707547194857,-34.55199938581));
#2631 = CARTESIAN_POINT('',(26.19426585291,-23.68422961283));
#2632 = ( GEOMETRIC_REPRESENTATION_CONTEXT(2) 
PARAMETRIC_REPRESENTATION_CONTEXT() REPRESENTATION_CONTEXT('2D SPACE',''
  ) );
#2633 = PCURVE('',#1423,#2634);
#2634 = DEFINITIONAL_REPRESENTATION('',(#2635),#2639);
#2635 = LINE('',#2636,#2637);
#2636 = CARTESIAN_POINT('',(6.28318530718,3.));
#2637 = VECTOR('',#2638,1.);
#2638 = DIRECTION('',(-1.,0.));
#2639 = ( GEOMETRIC_REPRESENTATION_CONTEXT(2) 
PARAMETRIC_REPRESENTATION_CONTEXT() REPRESENTATION_CONTEXT('2D SPACE',''
  ) );
#2640 = ORIENTED_EDGE('',*,*,#2641,.T.);
#2641 = EDGE_CURVE('',#2614,#1254,#2642,.T.);
#2642 = SURFACE_CURVE('',#2643,(#2648,#2655),.PCURVE_S1.);
#2643 = CIRCLE('',#2644,41.);
#2644 = AXIS2_PLACEMENT_3D('',#2645,#2646,#2647);
#2645 = CARTESIAN_POINT('',(-4.440892098501E-15,-51.5,0.));
#2646 = DIRECTION('',(0.,-1.,0.));
#2647 = DIRECTION('',(0.627450980392,0.,-0.778656064771));
#2648 = PCURVE('',#1269,#2649);
#2649 = DEFINITIONAL_REPRESENTATION('',(#2650),#2654);
#2650 = CIRCLE('',#2651,41.);
#2651 = AXIS2_PLACEMENT_2D('',#2652,#2653);
#2652 = CARTESIAN_POINT('',(0.468775656832,8.240669042783));
#2653 = DIRECTION('',(0.627450980392,-0.778656064771));
#2654 = ( GEOMETRIC_REPRESENTATION_CONTEXT(2) 
PARAMETRIC_REPRESENTATION_CONTEXT() REPRESENTATION_CONTEXT('2D SPACE',''
  ) );
#2655 = PCURVE('',#1297,#2656);
#2656 = DEFINITIONAL_REPRESENTATION('',(#2657),#2661);
#2657 = LINE('',#2658,#2659);
#2658 = CARTESIAN_POINT('',(0.,3.));
#2659 = VECTOR('',#2660,1.);
#2660 = DIRECTION('',(1.,0.));
#2661 = ( GEOMETRIC_REPRESENTATION_CONTEXT(2) 
PARAMETRIC_REPRESENTATION_CONTEXT() REPRESENTATION_CONTEXT('2D SPACE',''
  ) );
#2662 = ORIENTED_EDGE('',*,*,#1253,.T.);
#2663 = ORIENTED_EDGE('',*,*,#2468,.T.);
#2664 = ORIENTED_EDGE('',*,*,#2665,.T.);
#2665 = EDGE_CURVE('',#2446,#2495,#2666,.T.);
#2666 = SURFACE_CURVE('',#2667,(#2672,#2683),.PCURVE_S1.);
#2667 = CIRCLE('',#2668,10.);
#2668 = AXIS2_PLACEMENT_3D('',#2669,#2670,#2671);
#2669 = CARTESIAN_POINT('',(-32.,-51.5,-39.71145930333));
#2670 = DIRECTION('',(0.,1.,0.));
#2671 = DIRECTION('',(1.,-0.,4.884981308351E-15));
#2672 = PCURVE('',#1269,#2673);
#2673 = DEFINITIONAL_REPRESENTATION('',(#2674),#2682);
#2674 = ( BOUNDED_CURVE() B_SPLINE_CURVE(2,(#2675,#2676,#2677,#2678,
#2679,#2680,#2681),.UNSPECIFIED.,.T.,.F.) B_SPLINE_CURVE_WITH_KNOTS((1,2
    ,2,2,2,1),(-2.094395102393,0.,2.094395102393,4.188790204786,
6.28318530718,8.377580409573),.UNSPECIFIED.) CURVE() 
GEOMETRIC_REPRESENTATION_ITEM() RATIONAL_B_SPLINE_CURVE((1.,0.5,1.,0.5,
1.,0.5,1.)) REPRESENTATION_ITEM('') );
#2675 = CARTESIAN_POINT('',(-21.53122434316,-31.47079026054));
#2676 = CARTESIAN_POINT('',(-21.53122434316,-48.79129833623));
#2677 = CARTESIAN_POINT('',(-36.53122434316,-40.13104429839));
#2678 = CARTESIAN_POINT('',(-51.53122434316,-31.47079026054));
#2679 = CARTESIAN_POINT('',(-36.53122434316,-22.8105362227));
#2680 = CARTESIAN_POINT('',(-21.53122434316,-14.15028218485));
#2681 = CARTESIAN_POINT('',(-21.53122434316,-31.47079026054));
#2682 = ( GEOMETRIC_REPRESENTATION_CONTEXT(2) 
PARAMETRIC_REPRESENTATION_CONTEXT() REPRESENTATION_CONTEXT('2D SPACE',''
  ) );
#2683 = PCURVE('',#1750,#2684);
#2684 = DEFINITIONAL_REPRESENTATION('',(#2685),#2689);
#2685 = LINE('',#2686,#2687);
#2686 = CARTESIAN_POINT('',(6.28318530718,3.));
#2687 = VECTOR('',#2688,1.);
#2688 = DIRECTION('',(-1.,0.));
#2689 = ( GEOMETRIC_REPRESENTATION_CONTEXT(2) 
PARAMETRIC_REPRESENTATION_CONTEXT() REPRESENTATION_CONTEXT('2D SPACE',''
  ) );
#2690 = FACE_BOUND('',#2691,.T.);
#2691 = EDGE_LOOP('',(#2692,#2727,#2760,#2793,#2826,#2859));
#2692 = ORIENTED_EDGE('',*,*,#2693,.T.);
#2693 = EDGE_CURVE('',#2694,#2696,#2698,.T.);
#2694 = VERTEX_POINT('',#2695);
#2695 = CARTESIAN_POINT('',(-4.113679808429,-51.5000000024,
    -36.84211865229));
#2696 = VERTEX_POINT('',#2697);
#2697 = CARTESIAN_POINT('',(-37.06045409191,-51.5,-0.887023795208));
#2698 = SURFACE_CURVE('',#2699,(#2704,#2715),.PCURVE_S1.);
#2699 = CIRCLE('',#2700,37.071067811865);
#2700 = AXIS2_PLACEMENT_3D('',#2701,#2702,#2703);
#2701 = CARTESIAN_POINT('',(0.,-51.5,0.));
#2702 = DIRECTION('',(0.,1.,0.));
#2703 = DIRECTION('',(0.,0.,-1.));
#2704 = PCURVE('',#1269,#2705);
#2705 = DEFINITIONAL_REPRESENTATION('',(#2706),#2714);
#2706 = ( BOUNDED_CURVE() B_SPLINE_CURVE(2,(#2707,#2708,#2709,#2710,
#2711,#2712,#2713),.UNSPECIFIED.,.T.,.F.) B_SPLINE_CURVE_WITH_KNOTS((1,2
    ,2,2,2,1),(-2.094395102393,0.,2.094395102393,4.188790204786,
6.28318530718,8.377580409573),.UNSPECIFIED.) CURVE() 
GEOMETRIC_REPRESENTATION_ITEM() RATIONAL_B_SPLINE_CURVE((1.,0.5,1.,0.5,
1.,0.5,1.)) REPRESENTATION_ITEM('') );
#2707 = CARTESIAN_POINT('',(0.468775656832,-28.83039876908));
#2708 = CARTESIAN_POINT('',(-63.74019728415,-28.83039876908));
#2709 = CARTESIAN_POINT('',(-31.63571081365,26.776202948716));
#2710 = CARTESIAN_POINT('',(0.468775656832,82.382804666514));
#2711 = CARTESIAN_POINT('',(32.573262127323,26.776202948716));
#2712 = CARTESIAN_POINT('',(64.677748597814,-28.83039876908));
#2713 = CARTESIAN_POINT('',(0.468775656832,-28.83039876908));
#2714 = ( GEOMETRIC_REPRESENTATION_CONTEXT(2) 
PARAMETRIC_REPRESENTATION_CONTEXT() REPRESENTATION_CONTEXT('2D SPACE',''
  ) );
#2715 = PCURVE('',#2716,#2721);
#2716 = CONICAL_SURFACE('',#2717,33.535533905933,0.785398163397);
#2717 = AXIS2_PLACEMENT_3D('',#2718,#2719,#2720);
#2718 = CARTESIAN_POINT('',(0.,-55.03553390593,0.));
#2719 = DIRECTION('',(0.,1.,0.));
#2720 = DIRECTION('',(1.653892159486E-15,-0.,1.));
#2721 = DEFINITIONAL_REPRESENTATION('',(#2722),#2726);
#2722 = LINE('',#2723,#2724);
#2723 = CARTESIAN_POINT('',(3.14159265359,3.535533905933));
#2724 = VECTOR('',#2725,1.);
#2725 = DIRECTION('',(1.,0.));
#2726 = ( GEOMETRIC_REPRESENTATION_CONTEXT(2) 
PARAMETRIC_REPRESENTATION_CONTEXT() REPRESENTATION_CONTEXT('2D SPACE',''
  ) );
#2727 = ORIENTED_EDGE('',*,*,#2728,.T.);
#2728 = EDGE_CURVE('',#2696,#2729,#2731,.T.);
#2729 = VERTEX_POINT('',#2730);
#2730 = CARTESIAN_POINT('',(-36.34339244875,-51.5000000024,
    7.309028230343));
#2731 = SURFACE_CURVE('',#2732,(#2737,#2748),.PCURVE_S1.);
#2732 = CIRCLE('',#2733,5.);
#2733 = AXIS2_PLACEMENT_3D('',#2734,#2735,#2736);
#2734 = CARTESIAN_POINT('',(-33.87061973511,-51.5,2.96329525342));
#2735 = DIRECTION('',(0.,1.,0.));
#2736 = DIRECTION('',(0.965925826289,-0.,0.258819045103));
#2737 = PCURVE('',#1269,#2738);
#2738 = DEFINITIONAL_REPRESENTATION('',(#2739),#2747);
#2739 = ( BOUNDED_CURVE() B_SPLINE_CURVE(2,(#2740,#2741,#2742,#2743,
#2744,#2745,#2746),.UNSPECIFIED.,.T.,.F.) B_SPLINE_CURVE_WITH_KNOTS((1,2
    ,2,2,2,1),(-2.094395102393,0.,2.094395102393,4.188790204786,
6.28318530718,8.377580409573),.UNSPECIFIED.) CURVE() 
GEOMETRIC_REPRESENTATION_ITEM() RATIONAL_B_SPLINE_CURVE((1.,0.5,1.,0.5,
1.,0.5,1.)) REPRESENTATION_ITEM('') );
#2740 = CARTESIAN_POINT('',(-28.57221494684,12.498059521716));
#2741 = CARTESIAN_POINT('',(-26.33077626642,4.132896484338));
#2742 = CARTESIAN_POINT('',(-34.6959393038,6.374335164758));
#2743 = CARTESIAN_POINT('',(-43.06110234117,8.615773845178));
#2744 = CARTESIAN_POINT('',(-36.93737798422,14.739498202136));
#2745 = CARTESIAN_POINT('',(-30.81365362726,20.863222559094));
#2746 = CARTESIAN_POINT('',(-28.57221494684,12.498059521716));
#2747 = ( GEOMETRIC_REPRESENTATION_CONTEXT(2) 
PARAMETRIC_REPRESENTATION_CONTEXT() REPRESENTATION_CONTEXT('2D SPACE',''
  ) );
#2748 = PCURVE('',#2749,#2754);
#2749 = CYLINDRICAL_SURFACE('',#2750,5.);
#2750 = AXIS2_PLACEMENT_3D('',#2751,#2752,#2753);
#2751 = CARTESIAN_POINT('',(-33.87061973511,-51.5,2.96329525342));
#2752 = DIRECTION('',(0.,-1.,0.));
#2753 = DIRECTION('',(-0.996194698092,0.,8.715574274766E-02));
#2754 = DEFINITIONAL_REPRESENTATION('',(#2755),#2759);
#2755 = LINE('',#2756,#2757);
#2756 = CARTESIAN_POINT('',(9.773843811168,0.));
#2757 = VECTOR('',#2758,1.);
#2758 = DIRECTION('',(-1.,0.));
#2759 = ( GEOMETRIC_REPRESENTATION_CONTEXT(2) 
PARAMETRIC_REPRESENTATION_CONTEXT() REPRESENTATION_CONTEXT('2D SPACE',''
  ) );
#2760 = ORIENTED_EDGE('',*,*,#2761,.T.);
#2761 = EDGE_CURVE('',#2729,#2762,#2764,.T.);
#2762 = VERTEX_POINT('',#2763);
#2763 = CARTESIAN_POINT('',(27.168879357226,-51.5,25.221341423176));
#2764 = SURFACE_CURVE('',#2765,(#2770,#2781),.PCURVE_S1.);
#2765 = CIRCLE('',#2766,37.071067811865);
#2766 = AXIS2_PLACEMENT_3D('',#2767,#2768,#2769);
#2767 = CARTESIAN_POINT('',(0.,-51.5,0.));
#2768 = DIRECTION('',(0.,1.,0.));
#2769 = DIRECTION('',(0.,0.,-1.));
#2770 = PCURVE('',#1269,#2771);
#2771 = DEFINITIONAL_REPRESENTATION('',(#2772),#2780);
#2772 = ( BOUNDED_CURVE() B_SPLINE_CURVE(2,(#2773,#2774,#2775,#2776,
#2777,#2778,#2779),.UNSPECIFIED.,.T.,.F.) B_SPLINE_CURVE_WITH_KNOTS((1,2
    ,2,2,2,1),(-2.094395102393,0.,2.094395102393,4.188790204786,
6.28318530718,8.377580409573),.UNSPECIFIED.) CURVE() 
GEOMETRIC_REPRESENTATION_ITEM() RATIONAL_B_SPLINE_CURVE((1.,0.5,1.,0.5,
1.,0.5,1.)) REPRESENTATION_ITEM('') );
#2773 = CARTESIAN_POINT('',(0.468775656832,-28.83039876908));
#2774 = CARTESIAN_POINT('',(-63.74019728415,-28.83039876908));
#2775 = CARTESIAN_POINT('',(-31.63571081365,26.776202948716));
#2776 = CARTESIAN_POINT('',(0.468775656832,82.382804666514));
#2777 = CARTESIAN_POINT('',(32.573262127323,26.776202948716));
#2778 = CARTESIAN_POINT('',(64.677748597814,-28.83039876908));
#2779 = CARTESIAN_POINT('',(0.468775656832,-28.83039876908));
#2780 = ( GEOMETRIC_REPRESENTATION_CONTEXT(2) 
PARAMETRIC_REPRESENTATION_CONTEXT() REPRESENTATION_CONTEXT('2D SPACE',''
  ) );
#2781 = PCURVE('',#2782,#2787);
#2782 = CONICAL_SURFACE('',#2783,33.535533905933,0.785398163397);
#2783 = AXIS2_PLACEMENT_3D('',#2784,#2785,#2786);
#2784 = CARTESIAN_POINT('',(0.,-55.03553390593,0.));
#2785 = DIRECTION('',(0.,1.,0.));
#2786 = DIRECTION('',(1.653892159486E-15,-0.,1.));
#2787 = DEFINITIONAL_REPRESENTATION('',(#2788),#2792);
#2788 = LINE('',#2789,#2790);
#2789 = CARTESIAN_POINT('',(3.14159265359,3.535533905933));
#2790 = VECTOR('',#2791,1.);
#2791 = DIRECTION('',(1.,-1.716817234111E-15));
#2792 = ( GEOMETRIC_REPRESENTATION_CONTEXT(2) 
PARAMETRIC_REPRESENTATION_CONTEXT() REPRESENTATION_CONTEXT('2D SPACE',''
  ) );
#2793 = ORIENTED_EDGE('',*,*,#2794,.T.);
#2794 = EDGE_CURVE('',#2762,#2795,#2797,.T.);
#2795 = VERTEX_POINT('',#2796);
#2796 = CARTESIAN_POINT('',(32.062700325773,-51.5000000024,
    18.607721950193));
#2797 = SURFACE_CURVE('',#2798,(#2803,#2814),.PCURVE_S1.);
#2798 = CIRCLE('',#2799,5.);
#2799 = AXIS2_PLACEMENT_3D('',#2800,#2801,#2802);
#2800 = CARTESIAN_POINT('',(27.331133260985,-51.5,20.223974749546));
#2801 = DIRECTION('',(0.,1.,0.));
#2802 = DIRECTION('',(0.972369920398,0.,-0.233445363856));
#2803 = PCURVE('',#1269,#2804);
#2804 = DEFINITIONAL_REPRESENTATION('',(#2805),#2813);
#2805 = ( BOUNDED_CURVE() B_SPLINE_CURVE(2,(#2806,#2807,#2808,#2809,
#2810,#2811,#2812),.UNSPECIFIED.,.T.,.F.) B_SPLINE_CURVE_WITH_KNOTS((1,2
    ,2,2,2,1),(-2.094395102393,0.,2.094395102393,4.188790204786,
6.28318530718,8.377580409573),.UNSPECIFIED.) CURVE() 
GEOMETRIC_REPRESENTATION_ITEM() RATIONAL_B_SPLINE_CURVE((1.,0.5,1.,0.5,
1.,0.5,1.)) REPRESENTATION_ITEM('') );
#2806 = CARTESIAN_POINT('',(32.661758519806,27.297416973049));
#2807 = CARTESIAN_POINT('',(30.640062364857,18.876446443647));
#2808 = CARTESIAN_POINT('',(24.358136039349,24.837771937267));
#2809 = CARTESIAN_POINT('',(18.076209713841,30.799097430888));
#2810 = CARTESIAN_POINT('',(26.379832194298,33.25874246667));
#2811 = CARTESIAN_POINT('',(34.683454674755,35.718387502452));
#2812 = CARTESIAN_POINT('',(32.661758519806,27.297416973049));
#2813 = ( GEOMETRIC_REPRESENTATION_CONTEXT(2) 
PARAMETRIC_REPRESENTATION_CONTEXT() REPRESENTATION_CONTEXT('2D SPACE',''
  ) );
#2814 = PCURVE('',#2815,#2820);
#2815 = CYLINDRICAL_SURFACE('',#2816,5.);
#2816 = AXIS2_PLACEMENT_3D('',#2817,#2818,#2819);
#2817 = CARTESIAN_POINT('',(27.331133260985,-51.5,20.223974749546));
#2818 = DIRECTION('',(0.,-1.,0.));
#2819 = DIRECTION('',(0.803856860617,0.,0.594822786751));
#2820 = DEFINITIONAL_REPRESENTATION('',(#2821),#2825);
#2821 = LINE('',#2822,#2823);
#2822 = CARTESIAN_POINT('',(5.410520681182,0.));
#2823 = VECTOR('',#2824,1.);
#2824 = DIRECTION('',(-1.,0.));
#2825 = ( GEOMETRIC_REPRESENTATION_CONTEXT(2) 
PARAMETRIC_REPRESENTATION_CONTEXT() REPRESENTATION_CONTEXT('2D SPACE',''
  ) );
#2826 = ORIENTED_EDGE('',*,*,#2827,.T.);
#2827 = EDGE_CURVE('',#2795,#2828,#2830,.T.);
#2828 = VERTEX_POINT('',#2829);
#2829 = CARTESIAN_POINT('',(4.113679804813,-51.5,-36.84211865752));
#2830 = SURFACE_CURVE('',#2831,(#2836,#2847),.PCURVE_S1.);
#2831 = CIRCLE('',#2832,37.071067811865);
#2832 = AXIS2_PLACEMENT_3D('',#2833,#2834,#2835);
#2833 = CARTESIAN_POINT('',(0.,-51.5,0.));
#2834 = DIRECTION('',(0.,1.,0.));
#2835 = DIRECTION('',(0.,0.,-1.));
#2836 = PCURVE('',#1269,#2837);
#2837 = DEFINITIONAL_REPRESENTATION('',(#2838),#2846);
#2838 = ( BOUNDED_CURVE() B_SPLINE_CURVE(2,(#2839,#2840,#2841,#2842,
#2843,#2844,#2845),.UNSPECIFIED.,.T.,.F.) B_SPLINE_CURVE_WITH_KNOTS((1,2
    ,2,2,2,1),(-2.094395102393,0.,2.094395102393,4.188790204786,
6.28318530718,8.377580409573),.UNSPECIFIED.) CURVE() 
GEOMETRIC_REPRESENTATION_ITEM() RATIONAL_B_SPLINE_CURVE((1.,0.5,1.,0.5,
1.,0.5,1.)) REPRESENTATION_ITEM('') );
#2839 = CARTESIAN_POINT('',(0.468775656832,-28.83039876908));
#2840 = CARTESIAN_POINT('',(-63.74019728415,-28.83039876908));
#2841 = CARTESIAN_POINT('',(-31.63571081365,26.776202948716));
#2842 = CARTESIAN_POINT('',(0.468775656832,82.382804666514));
#2843 = CARTESIAN_POINT('',(32.573262127323,26.776202948716));
#2844 = CARTESIAN_POINT('',(64.677748597814,-28.83039876908));
#2845 = CARTESIAN_POINT('',(0.468775656832,-28.83039876908));
#2846 = ( GEOMETRIC_REPRESENTATION_CONTEXT(2) 
PARAMETRIC_REPRESENTATION_CONTEXT() REPRESENTATION_CONTEXT('2D SPACE',''
  ) );
#2847 = PCURVE('',#2848,#2853);
#2848 = CONICAL_SURFACE('',#2849,33.535533905933,0.785398163397);
#2849 = AXIS2_PLACEMENT_3D('',#2850,#2851,#2852);
#2850 = CARTESIAN_POINT('',(0.,-55.03553390593,0.));
#2851 = DIRECTION('',(0.,1.,0.));
#2852 = DIRECTION('',(1.653892159486E-15,-0.,1.));
#2853 = DEFINITIONAL_REPRESENTATION('',(#2854),#2858);
#2854 = LINE('',#2855,#2856);
#2855 = CARTESIAN_POINT('',(3.14159265359,3.535533905933));
#2856 = VECTOR('',#2857,1.);
#2857 = DIRECTION('',(1.,-1.897919551817E-15));
#2858 = ( GEOMETRIC_REPRESENTATION_CONTEXT(2) 
PARAMETRIC_REPRESENTATION_CONTEXT() REPRESENTATION_CONTEXT('2D SPACE',''
  ) );
#2859 = ORIENTED_EDGE('',*,*,#2860,.T.);
#2860 = EDGE_CURVE('',#2828,#2694,#2861,.T.);
#2861 = SURFACE_CURVE('',#2862,(#2867,#2878),.PCURVE_S1.);
#2862 = CIRCLE('',#2863,5.);
#2863 = AXIS2_PLACEMENT_3D('',#2864,#2865,#2866);
#2864 = CARTESIAN_POINT('',(-5.405200097032E-14,-51.5,-34.));
#2865 = DIRECTION('',(0.,1.,0.));
#2866 = DIRECTION('',(0.766044443119,0.,-0.642787609687));
#2867 = PCURVE('',#1269,#2868);
#2868 = DEFINITIONAL_REPRESENTATION('',(#2869),#2877);
#2869 = ( BOUNDED_CURVE() B_SPLINE_CURVE(2,(#2870,#2871,#2872,#2873,
#2874,#2875,#2876),.UNSPECIFIED.,.T.,.F.) B_SPLINE_CURVE_WITH_KNOTS((1,2
    ,2,2,2,1),(-2.094395102393,0.,2.094395102393,4.188790204786,
6.28318530718,8.377580409573),.UNSPECIFIED.) CURVE() 
GEOMETRIC_REPRESENTATION_ITEM() RATIONAL_B_SPLINE_CURVE((1.,0.5,1.,0.5,
1.,0.5,1.)) REPRESENTATION_ITEM('') );
#2870 = CARTESIAN_POINT('',(4.298997872427,-28.97326900565));
#2871 = CARTESIAN_POINT('',(-1.267706119838,-35.60740848733));
#2872 = CARTESIAN_POINT('',(-4.229687447098,-27.46943167384));
#2873 = CARTESIAN_POINT('',(-7.191668774358,-19.33145486035));
#2874 = CARTESIAN_POINT('',(1.337016545166,-20.83529219215));
#2875 = CARTESIAN_POINT('',(9.865701864691,-22.33912952396));
#2876 = CARTESIAN_POINT('',(4.298997872427,-28.97326900565));
#2877 = ( GEOMETRIC_REPRESENTATION_CONTEXT(2) 
PARAMETRIC_REPRESENTATION_CONTEXT() REPRESENTATION_CONTEXT('2D SPACE',''
  ) );
#2878 = PCURVE('',#2879,#2884);
#2879 = CYLINDRICAL_SURFACE('',#2880,5.);
#2880 = AXIS2_PLACEMENT_3D('',#2881,#2882,#2883);
#2881 = CARTESIAN_POINT('',(-5.405200097032E-14,-51.5,-34.));
#2882 = DIRECTION('',(0.,-1.,0.));
#2883 = DIRECTION('',(-2.6645352591E-15,-0.,-1.));
#2884 = DEFINITIONAL_REPRESENTATION('',(#2885),#2889);
#2885 = LINE('',#2886,#2887);
#2886 = CARTESIAN_POINT('',(13.439035240356,0.));
#2887 = VECTOR('',#2888,1.);
#2888 = DIRECTION('',(-1.,0.));
#2889 = ( GEOMETRIC_REPRESENTATION_CONTEXT(2) 
PARAMETRIC_REPRESENTATION_CONTEXT() REPRESENTATION_CONTEXT('2D SPACE',''
  ) );
#2890 = ADVANCED_FACE('',(#2891),#1297,.T.);
#2891 = FACE_BOUND('',#2892,.T.);
#2892 = EDGE_LOOP('',(#2893,#2894,#2895,#2896));
#2893 = ORIENTED_EDGE('',*,*,#1357,.F.);
#2894 = ORIENTED_EDGE('',*,*,#1281,.T.);
#2895 = ORIENTED_EDGE('',*,*,#2641,.F.);
#2896 = ORIENTED_EDGE('',*,*,#2897,.F.);
#2897 = EDGE_CURVE('',#1358,#2614,#2898,.T.);
#2898 = SURFACE_CURVE('',#2899,(#2903,#2910),.PCURVE_S1.);
#2899 = LINE('',#2900,#2901);
#2900 = CARTESIAN_POINT('',(25.725490196078,-48.5,-31.92489865561));
#2901 = VECTOR('',#2902,1.);
#2902 = DIRECTION('',(0.,-1.,0.));
#2903 = PCURVE('',#1297,#2904);
#2904 = DEFINITIONAL_REPRESENTATION('',(#2905),#2909);
#2905 = LINE('',#2906,#2907);
#2906 = CARTESIAN_POINT('',(0.,0.));
#2907 = VECTOR('',#2908,1.);
#2908 = DIRECTION('',(0.,1.));
#2909 = ( GEOMETRIC_REPRESENTATION_CONTEXT(2) 
PARAMETRIC_REPRESENTATION_CONTEXT() REPRESENTATION_CONTEXT('2D SPACE',''
  ) );
#2910 = PCURVE('',#1423,#2911);
#2911 = DEFINITIONAL_REPRESENTATION('',(#2912),#2916);
#2912 = LINE('',#2913,#2914);
#2913 = CARTESIAN_POINT('',(0.,0.));
#2914 = VECTOR('',#2915,1.);
#2915 = DIRECTION('',(0.,1.));
#2916 = ( GEOMETRIC_REPRESENTATION_CONTEXT(2) 
PARAMETRIC_REPRESENTATION_CONTEXT() REPRESENTATION_CONTEXT('2D SPACE',''
  ) );
#2917 = ADVANCED_FACE('',(#2918),#1423,.F.);
#2918 = FACE_BOUND('',#2919,.F.);
#2919 = EDGE_LOOP('',(#2920,#2941,#2942,#2943));
#2920 = ORIENTED_EDGE('',*,*,#2921,.T.);
#2921 = EDGE_CURVE('',#1407,#2591,#2922,.T.);
#2922 = SURFACE_CURVE('',#2923,(#2927,#2934),.PCURVE_S1.);
#2923 = LINE('',#2924,#2925);
#2924 = CARTESIAN_POINT('',(22.,-48.5,-39.71145930333));
#2925 = VECTOR('',#2926,1.);
#2926 = DIRECTION('',(0.,-1.,0.));
#2927 = PCURVE('',#1423,#2928);
#2928 = DEFINITIONAL_REPRESENTATION('',(#2929),#2933);
#2929 = LINE('',#2930,#2931);
#2930 = CARTESIAN_POINT('',(0.892521064581,0.));
#2931 = VECTOR('',#2932,1.);
#2932 = DIRECTION('',(0.,1.));
#2933 = ( GEOMETRIC_REPRESENTATION_CONTEXT(2) 
PARAMETRIC_REPRESENTATION_CONTEXT() REPRESENTATION_CONTEXT('2D SPACE',''
  ) );
#2934 = PCURVE('',#1478,#2935);
#2935 = DEFINITIONAL_REPRESENTATION('',(#2936),#2940);
#2936 = LINE('',#2937,#2938);
#2937 = CARTESIAN_POINT('',(8.769878782237,0.));
#2938 = VECTOR('',#2939,1.);
#2939 = DIRECTION('',(0.,1.));
#2940 = ( GEOMETRIC_REPRESENTATION_CONTEXT(2) 
PARAMETRIC_REPRESENTATION_CONTEXT() REPRESENTATION_CONTEXT('2D SPACE',''
  ) );
#2941 = ORIENTED_EDGE('',*,*,#2613,.T.);
#2942 = ORIENTED_EDGE('',*,*,#2897,.F.);
#2943 = ORIENTED_EDGE('',*,*,#1406,.T.);
#2944 = ADVANCED_FACE('',(#2945),#1478,.T.);
#2945 = FACE_BOUND('',#2946,.T.);
#2946 = EDGE_LOOP('',(#2947,#2948,#2949,#2950));
#2947 = ORIENTED_EDGE('',*,*,#1462,.F.);
#2948 = ORIENTED_EDGE('',*,*,#2921,.T.);
#2949 = ORIENTED_EDGE('',*,*,#2590,.F.);
#2950 = ORIENTED_EDGE('',*,*,#2951,.F.);
#2951 = EDGE_CURVE('',#1463,#2567,#2952,.T.);
#2952 = SURFACE_CURVE('',#2953,(#2957,#2964),.PCURVE_S1.);
#2953 = LINE('',#2954,#2955);
#2954 = CARTESIAN_POINT('',(22.,-48.5,-48.48133808556));
#2955 = VECTOR('',#2956,1.);
#2956 = DIRECTION('',(0.,-1.,0.));
#2957 = PCURVE('',#1478,#2958);
#2958 = DEFINITIONAL_REPRESENTATION('',(#2959),#2963);
#2959 = LINE('',#2960,#2961);
#2960 = CARTESIAN_POINT('',(0.,0.));
#2961 = VECTOR('',#2962,1.);
#2962 = DIRECTION('',(0.,1.));
#2963 = ( GEOMETRIC_REPRESENTATION_CONTEXT(2) 
PARAMETRIC_REPRESENTATION_CONTEXT() REPRESENTATION_CONTEXT('2D SPACE',''
  ) );
#2964 = PCURVE('',#1533,#2965);
#2965 = DEFINITIONAL_REPRESENTATION('',(#2966),#2970);
#2966 = LINE('',#2967,#2968);
#2967 = CARTESIAN_POINT('',(1.570796326795,0.));
#2968 = VECTOR('',#2969,1.);
#2969 = DIRECTION('',(0.,1.));
#2970 = ( GEOMETRIC_REPRESENTATION_CONTEXT(2) 
PARAMETRIC_REPRESENTATION_CONTEXT() REPRESENTATION_CONTEXT('2D SPACE',''
  ) );
#2971 = ADVANCED_FACE('',(#2972),#1533,.T.);
#2972 = FACE_BOUND('',#2973,.T.);
#2973 = EDGE_LOOP('',(#2974,#2975,#2976,#2977));
#2974 = ORIENTED_EDGE('',*,*,#1516,.F.);
#2975 = ORIENTED_EDGE('',*,*,#2951,.T.);
#2976 = ORIENTED_EDGE('',*,*,#2566,.F.);
#2977 = ORIENTED_EDGE('',*,*,#2978,.F.);
#2978 = EDGE_CURVE('',#1517,#2544,#2979,.T.);
#2979 = SURFACE_CURVE('',#2980,(#2984,#2991),.PCURVE_S1.);
#2980 = LINE('',#2981,#2982);
#2981 = CARTESIAN_POINT('',(13.,-48.5,-57.48133808556));
#2982 = VECTOR('',#2983,1.);
#2983 = DIRECTION('',(0.,-1.,0.));
#2984 = PCURVE('',#1533,#2985);
#2985 = DEFINITIONAL_REPRESENTATION('',(#2986),#2990);
#2986 = LINE('',#2987,#2988);
#2987 = CARTESIAN_POINT('',(0.,0.));
#2988 = VECTOR('',#2989,1.);
#2989 = DIRECTION('',(0.,1.));
#2990 = ( GEOMETRIC_REPRESENTATION_CONTEXT(2) 
PARAMETRIC_REPRESENTATION_CONTEXT() REPRESENTATION_CONTEXT('2D SPACE',''
  ) );
#2991 = PCURVE('',#1587,#2992);
#2992 = DEFINITIONAL_REPRESENTATION('',(#2993),#2997);
#2993 = LINE('',#2994,#2995);
#2994 = CARTESIAN_POINT('',(26.,0.));
#2995 = VECTOR('',#2996,1.);
#2996 = DIRECTION('',(0.,1.));
#2997 = ( GEOMETRIC_REPRESENTATION_CONTEXT(2) 
PARAMETRIC_REPRESENTATION_CONTEXT() REPRESENTATION_CONTEXT('2D SPACE',''
  ) );
#2998 = ADVANCED_FACE('',(#2999),#1587,.T.);
#2999 = FACE_BOUND('',#3000,.T.);
#3000 = EDGE_LOOP('',(#3001,#3002,#3003,#3004));
#3001 = ORIENTED_EDGE('',*,*,#1571,.F.);
#3002 = ORIENTED_EDGE('',*,*,#2978,.T.);
#3003 = ORIENTED_EDGE('',*,*,#2543,.F.);
#3004 = ORIENTED_EDGE('',*,*,#3005,.F.);
#3005 = EDGE_CURVE('',#1572,#2520,#3006,.T.);
#3006 = SURFACE_CURVE('',#3007,(#3011,#3018),.PCURVE_S1.);
#3007 = LINE('',#3008,#3009);
#3008 = CARTESIAN_POINT('',(-13.,-48.5,-57.48133808556));
#3009 = VECTOR('',#3010,1.);
#3010 = DIRECTION('',(0.,-1.,0.));
#3011 = PCURVE('',#1587,#3012);
#3012 = DEFINITIONAL_REPRESENTATION('',(#3013),#3017);
#3013 = LINE('',#3014,#3015);
#3014 = CARTESIAN_POINT('',(0.,0.));
#3015 = VECTOR('',#3016,1.);
#3016 = DIRECTION('',(0.,1.));
#3017 = ( GEOMETRIC_REPRESENTATION_CONTEXT(2) 
PARAMETRIC_REPRESENTATION_CONTEXT() REPRESENTATION_CONTEXT('2D SPACE',''
  ) );
#3018 = PCURVE('',#1642,#3019);
#3019 = DEFINITIONAL_REPRESENTATION('',(#3020),#3024);
#3020 = LINE('',#3021,#3022);
#3021 = CARTESIAN_POINT('',(1.570796326795,0.));
#3022 = VECTOR('',#3023,1.);
#3023 = DIRECTION('',(0.,1.));
#3024 = ( GEOMETRIC_REPRESENTATION_CONTEXT(2) 
PARAMETRIC_REPRESENTATION_CONTEXT() REPRESENTATION_CONTEXT('2D SPACE',''
  ) );
#3025 = ADVANCED_FACE('',(#3026),#1642,.T.);
#3026 = FACE_BOUND('',#3027,.T.);
#3027 = EDGE_LOOP('',(#3028,#3029,#3030,#3031));
#3028 = ORIENTED_EDGE('',*,*,#1625,.F.);
#3029 = ORIENTED_EDGE('',*,*,#3005,.T.);
#3030 = ORIENTED_EDGE('',*,*,#2519,.F.);
#3031 = ORIENTED_EDGE('',*,*,#3032,.F.);
#3032 = EDGE_CURVE('',#1626,#2497,#3033,.T.);
#3033 = SURFACE_CURVE('',#3034,(#3038,#3045),.PCURVE_S1.);
#3034 = LINE('',#3035,#3036);
#3035 = CARTESIAN_POINT('',(-22.,-48.5,-48.48133808556));
#3036 = VECTOR('',#3037,1.);
#3037 = DIRECTION('',(0.,-1.,0.));
#3038 = PCURVE('',#1642,#3039);
#3039 = DEFINITIONAL_REPRESENTATION('',(#3040),#3044);
#3040 = LINE('',#3041,#3042);
#3041 = CARTESIAN_POINT('',(0.,0.));
#3042 = VECTOR('',#3043,1.);
#3043 = DIRECTION('',(0.,1.));
#3044 = ( GEOMETRIC_REPRESENTATION_CONTEXT(2) 
PARAMETRIC_REPRESENTATION_CONTEXT() REPRESENTATION_CONTEXT('2D SPACE',''
  ) );
#3045 = PCURVE('',#1696,#3046);
#3046 = DEFINITIONAL_REPRESENTATION('',(#3047),#3051);
#3047 = LINE('',#3048,#3049);
#3048 = CARTESIAN_POINT('',(8.769878782237,0.));
#3049 = VECTOR('',#3050,1.);
#3050 = DIRECTION('',(0.,1.));
#3051 = ( GEOMETRIC_REPRESENTATION_CONTEXT(2) 
PARAMETRIC_REPRESENTATION_CONTEXT() REPRESENTATION_CONTEXT('2D SPACE',''
  ) );
#3052 = ADVANCED_FACE('',(#3053),#1696,.T.);
#3053 = FACE_BOUND('',#3054,.T.);
#3054 = EDGE_LOOP('',(#3055,#3056,#3057,#3058));
#3055 = ORIENTED_EDGE('',*,*,#1680,.F.);
#3056 = ORIENTED_EDGE('',*,*,#3032,.T.);
#3057 = ORIENTED_EDGE('',*,*,#2494,.F.);
#3058 = ORIENTED_EDGE('',*,*,#3059,.F.);
#3059 = EDGE_CURVE('',#1681,#2495,#3060,.T.);
#3060 = SURFACE_CURVE('',#3061,(#3065,#3072),.PCURVE_S1.);
#3061 = LINE('',#3062,#3063);
#3062 = CARTESIAN_POINT('',(-22.,-48.5,-39.71145930332));
#3063 = VECTOR('',#3064,1.);
#3064 = DIRECTION('',(0.,-1.,0.));
#3065 = PCURVE('',#1696,#3066);
#3066 = DEFINITIONAL_REPRESENTATION('',(#3067),#3071);
#3067 = LINE('',#3068,#3069);
#3068 = CARTESIAN_POINT('',(0.,0.));
#3069 = VECTOR('',#3070,1.);
#3070 = DIRECTION('',(0.,1.));
#3071 = ( GEOMETRIC_REPRESENTATION_CONTEXT(2) 
PARAMETRIC_REPRESENTATION_CONTEXT() REPRESENTATION_CONTEXT('2D SPACE',''
  ) );
#3072 = PCURVE('',#1750,#3073);
#3073 = DEFINITIONAL_REPRESENTATION('',(#3074),#3078);
#3074 = LINE('',#3075,#3076);
#3075 = CARTESIAN_POINT('',(0.,0.));
#3076 = VECTOR('',#3077,1.);
#3077 = DIRECTION('',(0.,1.));
#3078 = ( GEOMETRIC_REPRESENTATION_CONTEXT(2) 
PARAMETRIC_REPRESENTATION_CONTEXT() REPRESENTATION_CONTEXT('2D SPACE',''
  ) );
#3079 = ADVANCED_FACE('',(#3080),#1750,.F.);
#3080 = FACE_BOUND('',#3081,.F.);
#3081 = EDGE_LOOP('',(#3082,#3083,#3084,#3085));
#3082 = ORIENTED_EDGE('',*,*,#2445,.T.);
#3083 = ORIENTED_EDGE('',*,*,#2665,.T.);
#3084 = ORIENTED_EDGE('',*,*,#3059,.F.);
#3085 = ORIENTED_EDGE('',*,*,#1733,.T.);
#3086 = ADVANCED_FACE('',(#3087),#1900,.F.);
#3087 = FACE_BOUND('',#3088,.F.);
#3088 = EDGE_LOOP('',(#3089,#3090,#3111,#3112));
#3089 = ORIENTED_EDGE('',*,*,#2000,.T.);
#3090 = ORIENTED_EDGE('',*,*,#3091,.T.);
#3091 = EDGE_CURVE('',#1939,#2368,#3092,.T.);
#3092 = SURFACE_CURVE('',#3093,(#3097,#3104),.PCURVE_S1.);
#3093 = LINE('',#3094,#3095);
#3094 = CARTESIAN_POINT('',(-1.2,-49.5,40.475));
#3095 = VECTOR('',#3096,1.);
#3096 = DIRECTION('',(0.,0.,1.));
#3097 = PCURVE('',#1900,#3098);
#3098 = DEFINITIONAL_REPRESENTATION('',(#3099),#3103);
#3099 = LINE('',#3100,#3101);
#3100 = CARTESIAN_POINT('',(-0.225,-1.));
#3101 = VECTOR('',#3102,1.);
#3102 = DIRECTION('',(1.,0.));
#3103 = ( GEOMETRIC_REPRESENTATION_CONTEXT(2) 
PARAMETRIC_REPRESENTATION_CONTEXT() REPRESENTATION_CONTEXT('2D SPACE',''
  ) );
#3104 = PCURVE('',#2412,#3105);
#3105 = DEFINITIONAL_REPRESENTATION('',(#3106),#3110);
#3106 = LINE('',#3107,#3108);
#3107 = CARTESIAN_POINT('',(7.068583470577,0.));
#3108 = VECTOR('',#3109,1.);
#3109 = DIRECTION('',(0.,-1.));
#3110 = ( GEOMETRIC_REPRESENTATION_CONTEXT(2) 
PARAMETRIC_REPRESENTATION_CONTEXT() REPRESENTATION_CONTEXT('2D SPACE',''
  ) );
#3111 = ORIENTED_EDGE('',*,*,#2423,.T.);
#3112 = ORIENTED_EDGE('',*,*,#1887,.T.);
#3113 = ADVANCED_FACE('',(#3114),#1955,.T.);
#3114 = FACE_BOUND('',#3115,.T.);
#3115 = EDGE_LOOP('',(#3116,#3162,#3163,#3209));
#3116 = ORIENTED_EDGE('',*,*,#3117,.T.);
#3117 = EDGE_CURVE('',#3118,#1916,#3120,.T.);
#3118 = VERTEX_POINT('',#3119);
#3119 = CARTESIAN_POINT('',(0.2,-50.5,40.7));
#3120 = SURFACE_CURVE('',#3121,(#3126,#3155),.PCURVE_S1.);
#3121 = CIRCLE('',#3122,1.);
#3122 = AXIS2_PLACEMENT_3D('',#3123,#3124,#3125);
#3123 = CARTESIAN_POINT('',(0.2,-49.5,40.7));
#3124 = DIRECTION('',(0.,0.,1.));
#3125 = DIRECTION('',(0.,-1.,0.));
#3126 = PCURVE('',#1955,#3127);
#3127 = DEFINITIONAL_REPRESENTATION('',(#3128),#3154);
#3128 = B_SPLINE_CURVE_WITH_KNOTS('',3,(#3129,#3130,#3131,#3132,#3133,
    #3134,#3135,#3136,#3137,#3138,#3139,#3140,#3141,#3142,#3143,#3144,
    #3145,#3146,#3147,#3148,#3149,#3150,#3151,#3152,#3153),
  .UNSPECIFIED.,.F.,.F.,(4,1,1,1,1,1,1,1,1,1,1,1,1,1,1,1,1,1,1,1,1,1,4),
  (0.,7.139983303613E-02,0.142799666072,0.214199499108,0.285599332145,
    0.356999165181,0.428398998217,0.499798831253,0.571198664289,
    0.642598497325,0.713998330361,0.785398163397,0.856797996434,
    0.92819782947,0.999597662506,1.070997495542,1.142397328578,
    1.213797161614,1.28519699465,1.356596827687,1.427996660723,
    1.499396493759,1.570796326795),.QUASI_UNIFORM_KNOTS.);
#3129 = CARTESIAN_POINT('',(1.570796326795,1.570796326795));
#3130 = CARTESIAN_POINT('',(1.544363278267,1.570796326795));
#3131 = CARTESIAN_POINT('',(1.492271114166,1.570796326795));
#3132 = CARTESIAN_POINT('',(1.416189872242,1.570796326795));
#3133 = CARTESIAN_POINT('',(1.341892168614,1.570796326795));
#3134 = CARTESIAN_POINT('',(1.269134886861,1.570796326795));
#3135 = CARTESIAN_POINT('',(1.197690220556,1.570796326795));
#3136 = CARTESIAN_POINT('',(1.12734572285,1.570796326795));
#3137 = CARTESIAN_POINT('',(1.057900795762,1.570796326795));
#3138 = CARTESIAN_POINT('',(0.989164516627,1.570796326795));
#3139 = CARTESIAN_POINT('',(0.92095340603,1.570796326795));
#3140 = CARTESIAN_POINT('',(0.85308944002,1.570796326795));
#3141 = CARTESIAN_POINT('',(0.785398163397,1.570796326795));
#3142 = CARTESIAN_POINT('',(0.717706886775,1.570796326795));
#3143 = CARTESIAN_POINT('',(0.649842920765,1.570796326795));
#3144 = CARTESIAN_POINT('',(0.581631810168,1.570796326795));
#3145 = CARTESIAN_POINT('',(0.512895531033,1.570796326795));
#3146 = CARTESIAN_POINT('',(0.443450603945,1.570796326795));
#3147 = CARTESIAN_POINT('',(0.373106106239,1.570796326795));
#3148 = CARTESIAN_POINT('',(0.301661439934,1.570796326795));
#3149 = CARTESIAN_POINT('',(0.228904158181,1.570796326795));
#3150 = CARTESIAN_POINT('',(0.154606454553,1.570796326795));
#3151 = CARTESIAN_POINT('',(7.852521262872E-02,1.570796326795));
#3152 = CARTESIAN_POINT('',(2.643304852828E-02,1.570796326795));
#3153 = CARTESIAN_POINT('',(0.,1.570796326795));
#3154 = ( GEOMETRIC_REPRESENTATION_CONTEXT(2) 
PARAMETRIC_REPRESENTATION_CONTEXT() REPRESENTATION_CONTEXT('2D SPACE',''
  ) );
#3155 = PCURVE('',#2268,#3156);
#3156 = DEFINITIONAL_REPRESENTATION('',(#3157),#3161);
#3157 = LINE('',#3158,#3159);
#3158 = CARTESIAN_POINT('',(-0.785398163397,8.37823690245E-02));
#3159 = VECTOR('',#3160,1.);
#3160 = DIRECTION('',(1.,0.));
#3161 = ( GEOMETRIC_REPRESENTATION_CONTEXT(2) 
PARAMETRIC_REPRESENTATION_CONTEXT() REPRESENTATION_CONTEXT('2D SPACE',''
  ) );
#3162 = ORIENTED_EDGE('',*,*,#1938,.T.);
#3163 = ORIENTED_EDGE('',*,*,#3164,.F.);
#3164 = EDGE_CURVE('',#3165,#1939,#3167,.T.);
#3165 = VERTEX_POINT('',#3166);
#3166 = CARTESIAN_POINT('',(-0.2,-50.5,40.7));
#3167 = SURFACE_CURVE('',#3168,(#3173,#3202),.PCURVE_S1.);
#3168 = CIRCLE('',#3169,1.);
#3169 = AXIS2_PLACEMENT_3D('',#3170,#3171,#3172);
#3170 = CARTESIAN_POINT('',(-0.2,-49.5,40.7));
#3171 = DIRECTION('',(0.,0.,-1.));
#3172 = DIRECTION('',(0.,-1.,0.));
#3173 = PCURVE('',#1955,#3174);
#3174 = DEFINITIONAL_REPRESENTATION('',(#3175),#3201);
#3175 = B_SPLINE_CURVE_WITH_KNOTS('',3,(#3176,#3177,#3178,#3179,#3180,
    #3181,#3182,#3183,#3184,#3185,#3186,#3187,#3188,#3189,#3190,#3191,
    #3192,#3193,#3194,#3195,#3196,#3197,#3198,#3199,#3200),
  .UNSPECIFIED.,.F.,.F.,(4,1,1,1,1,1,1,1,1,1,1,1,1,1,1,1,1,1,1,1,1,1,4),
  (0.,7.139983303613E-02,0.142799666072,0.214199499108,0.285599332145,
    0.356999165181,0.428398998217,0.499798831253,0.571198664289,
    0.642598497325,0.713998330361,0.785398163397,0.856797996434,
    0.92819782947,0.999597662506,1.070997495542,1.142397328578,
    1.213797161614,1.28519699465,1.356596827687,1.427996660723,
    1.499396493759,1.570796326795),.QUASI_UNIFORM_KNOTS.);
#3176 = CARTESIAN_POINT('',(1.570796326795,-1.570796326795));
#3177 = CARTESIAN_POINT('',(1.544363278267,-1.570796326795));
#3178 = CARTESIAN_POINT('',(1.492271114166,-1.570796326795));
#3179 = CARTESIAN_POINT('',(1.416189872242,-1.570796326795));
#3180 = CARTESIAN_POINT('',(1.341892168614,-1.570796326795));
#3181 = CARTESIAN_POINT('',(1.269134886861,-1.570796326795));
#3182 = CARTESIAN_POINT('',(1.197690220556,-1.570796326795));
#3183 = CARTESIAN_POINT('',(1.12734572285,-1.570796326795));
#3184 = CARTESIAN_POINT('',(1.057900795762,-1.570796326795));
#3185 = CARTESIAN_POINT('',(0.989164516627,-1.570796326795));
#3186 = CARTESIAN_POINT('',(0.92095340603,-1.570796326795));
#3187 = CARTESIAN_POINT('',(0.85308944002,-1.570796326795));
#3188 = CARTESIAN_POINT('',(0.785398163397,-1.570796326795));
#3189 = CARTESIAN_POINT('',(0.717706886775,-1.570796326795));
#3190 = CARTESIAN_POINT('',(0.649842920765,-1.570796326795));
#3191 = CARTESIAN_POINT('',(0.581631810168,-1.570796326795));
#3192 = CARTESIAN_POINT('',(0.512895531033,-1.570796326795));
#3193 = CARTESIAN_POINT('',(0.443450603945,-1.570796326795));
#3194 = CARTESIAN_POINT('',(0.373106106239,-1.570796326795));
#3195 = CARTESIAN_POINT('',(0.301661439934,-1.570796326795));
#3196 = CARTESIAN_POINT('',(0.228904158181,-1.570796326795));
#3197 = CARTESIAN_POINT('',(0.154606454553,-1.570796326795));
#3198 = CARTESIAN_POINT('',(7.852521262872E-02,-1.570796326795));
#3199 = CARTESIAN_POINT('',(2.643304852828E-02,-1.570796326795));
#3200 = CARTESIAN_POINT('',(0.,-1.570796326795));
#3201 = ( GEOMETRIC_REPRESENTATION_CONTEXT(2) 
PARAMETRIC_REPRESENTATION_CONTEXT() REPRESENTATION_CONTEXT('2D SPACE',''
  ) );
#3202 = PCURVE('',#2412,#3203);
#3203 = DEFINITIONAL_REPRESENTATION('',(#3204),#3208);
#3204 = LINE('',#3205,#3206);
#3205 = CARTESIAN_POINT('',(5.497787143782,-0.225));
#3206 = VECTOR('',#3207,1.);
#3207 = DIRECTION('',(1.,0.));
#3208 = ( GEOMETRIC_REPRESENTATION_CONTEXT(2) 
PARAMETRIC_REPRESENTATION_CONTEXT() REPRESENTATION_CONTEXT('2D SPACE',''
  ) );
#3209 = ORIENTED_EDGE('',*,*,#3210,.T.);
#3210 = EDGE_CURVE('',#3165,#3118,#3211,.T.);
#3211 = SURFACE_CURVE('',#3212,(#3217,#3224),.PCURVE_S1.);
#3212 = CIRCLE('',#3213,0.2);
#3213 = AXIS2_PLACEMENT_3D('',#3214,#3215,#3216);
#3214 = CARTESIAN_POINT('',(-4.440892098501E-15,-50.5,40.7));
#3215 = DIRECTION('',(0.,-1.,0.));
#3216 = DIRECTION('',(-6.123233995737E-17,-0.,-1.));
#3217 = PCURVE('',#1955,#3218);
#3218 = DEFINITIONAL_REPRESENTATION('',(#3219),#3223);
#3219 = LINE('',#3220,#3221);
#3220 = CARTESIAN_POINT('',(1.570796326795,-6.28318530718));
#3221 = VECTOR('',#3222,1.);
#3222 = DIRECTION('',(0.,1.));
#3223 = ( GEOMETRIC_REPRESENTATION_CONTEXT(2) 
PARAMETRIC_REPRESENTATION_CONTEXT() REPRESENTATION_CONTEXT('2D SPACE',''
  ) );
#3224 = PCURVE('',#2355,#3225);
#3225 = DEFINITIONAL_REPRESENTATION('',(#3226),#3230);
#3226 = CIRCLE('',#3227,0.2);
#3227 = AXIS2_PLACEMENT_2D('',#3228,#3229);
#3228 = CARTESIAN_POINT('',(0.,0.45));
#3229 = DIRECTION('',(-6.123233995737E-17,-1.));
#3230 = ( GEOMETRIC_REPRESENTATION_CONTEXT(2) 
PARAMETRIC_REPRESENTATION_CONTEXT() REPRESENTATION_CONTEXT('2D SPACE',''
  ) );
#3231 = ADVANCED_FACE('',(#3232),#2065,.F.);
#3232 = FACE_BOUND('',#3233,.F.);
#3233 = EDGE_LOOP('',(#3234,#3265,#3293,#3322,#3343,#3344,#3345,#3369,
    #3397,#3426,#3454,#3478,#3506,#3535,#3563,#3587));
#3234 = ORIENTED_EDGE('',*,*,#3235,.F.);
#3235 = EDGE_CURVE('',#3236,#3238,#3240,.T.);
#3236 = VERTEX_POINT('',#3237);
#3237 = CARTESIAN_POINT('',(29.768704688391,-51.,21.053957000138));
#3238 = VERTEX_POINT('',#3239);
#3239 = CARTESIAN_POINT('',(29.268704688391,-51.,21.919982403922));
#3240 = SURFACE_CURVE('',#3241,(#3246,#3253),.PCURVE_S1.);
#3241 = CIRCLE('',#3242,2.575);
#3242 = AXIS2_PLACEMENT_3D('',#3243,#3244,#3245);
#3243 = CARTESIAN_POINT('',(27.331133260985,-51.,20.223974749546));
#3244 = DIRECTION('',(0.,-1.,0.));
#3245 = DIRECTION('',(-1.,0.,0.));
#3246 = PCURVE('',#2065,#3247);
#3247 = DEFINITIONAL_REPRESENTATION('',(#3248),#3252);
#3248 = LINE('',#3249,#3250);
#3249 = CARTESIAN_POINT('',(-6.28318530718,2.5));
#3250 = VECTOR('',#3251,1.);
#3251 = DIRECTION('',(1.,0.));
#3252 = ( GEOMETRIC_REPRESENTATION_CONTEXT(2) 
PARAMETRIC_REPRESENTATION_CONTEXT() REPRESENTATION_CONTEXT('2D SPACE',''
  ) );
#3253 = PCURVE('',#3254,#3259);
#3254 = CONICAL_SURFACE('',#3255,2.5,0.785398163397);
#3255 = AXIS2_PLACEMENT_3D('',#3256,#3257,#3258);
#3256 = CARTESIAN_POINT('',(27.331133260985,-51.075,20.223974749546));
#3257 = DIRECTION('',(0.,1.,0.));
#3258 = DIRECTION('',(1.,0.,0.));
#3259 = DEFINITIONAL_REPRESENTATION('',(#3260),#3264);
#3260 = LINE('',#3261,#3262);
#3261 = CARTESIAN_POINT('',(9.424777960769,7.5E-02));
#3262 = VECTOR('',#3263,1.);
#3263 = DIRECTION('',(-1.,5.523794731418E-16));
#3264 = ( GEOMETRIC_REPRESENTATION_CONTEXT(2) 
PARAMETRIC_REPRESENTATION_CONTEXT() REPRESENTATION_CONTEXT('2D SPACE',''
  ) );
#3265 = ORIENTED_EDGE('',*,*,#3266,.F.);
#3266 = EDGE_CURVE('',#3267,#3236,#3269,.T.);
#3267 = VERTEX_POINT('',#3268);
#3268 = CARTESIAN_POINT('',(29.768704688391,-53.2,21.053957000138));
#3269 = SURFACE_CURVE('',#3270,(#3274,#3281),.PCURVE_S1.);
#3270 = LINE('',#3271,#3272);
#3271 = CARTESIAN_POINT('',(29.768704688391,-48.5,21.053957000138));
#3272 = VECTOR('',#3273,1.);
#3273 = DIRECTION('',(0.,1.,0.));
#3274 = PCURVE('',#2065,#3275);
#3275 = DEFINITIONAL_REPRESENTATION('',(#3276),#3280);
#3276 = LINE('',#3277,#3278);
#3277 = CARTESIAN_POINT('',(-2.81341000365,0.));
#3278 = VECTOR('',#3279,1.);
#3279 = DIRECTION('',(0.,-1.));
#3280 = ( GEOMETRIC_REPRESENTATION_CONTEXT(2) 
PARAMETRIC_REPRESENTATION_CONTEXT() REPRESENTATION_CONTEXT('2D SPACE',''
  ) );
#3281 = PCURVE('',#3282,#3287);
#3282 = PLANE('',#3283);
#3283 = AXIS2_PLACEMENT_3D('',#3284,#3285,#3286);
#3284 = CARTESIAN_POINT('',(29.636119574809,-51.,20.97740894912));
#3285 = DIRECTION('',(0.5,0.,-0.866025403784));
#3286 = DIRECTION('',(0.866025403784,0.,0.5));
#3287 = DEFINITIONAL_REPRESENTATION('',(#3288),#3292);
#3288 = LINE('',#3289,#3290);
#3289 = CARTESIAN_POINT('',(0.153096102034,-2.5));
#3290 = VECTOR('',#3291,1.);
#3291 = DIRECTION('',(0.,-1.));
#3292 = ( GEOMETRIC_REPRESENTATION_CONTEXT(2) 
PARAMETRIC_REPRESENTATION_CONTEXT() REPRESENTATION_CONTEXT('2D SPACE',''
  ) );
#3293 = ORIENTED_EDGE('',*,*,#3294,.T.);
#3294 = EDGE_CURVE('',#3267,#3295,#3297,.T.);
#3295 = VERTEX_POINT('',#3296);
#3296 = CARTESIAN_POINT('',(29.906133260985,-53.2,20.223974749546));
#3297 = SURFACE_CURVE('',#3298,(#3303,#3310),.PCURVE_S1.);
#3298 = CIRCLE('',#3299,2.575);
#3299 = AXIS2_PLACEMENT_3D('',#3300,#3301,#3302);
#3300 = CARTESIAN_POINT('',(27.331133260985,-53.2,20.223974749546));
#3301 = DIRECTION('',(0.,1.,0.));
#3302 = DIRECTION('',(-1.,0.,0.));
#3303 = PCURVE('',#2065,#3304);
#3304 = DEFINITIONAL_REPRESENTATION('',(#3305),#3309);
#3305 = LINE('',#3306,#3307);
#3306 = CARTESIAN_POINT('',(0.,4.7));
#3307 = VECTOR('',#3308,1.);
#3308 = DIRECTION('',(-1.,0.));
#3309 = ( GEOMETRIC_REPRESENTATION_CONTEXT(2) 
PARAMETRIC_REPRESENTATION_CONTEXT() REPRESENTATION_CONTEXT('2D SPACE',''
  ) );
#3310 = PCURVE('',#3311,#3316);
#3311 = CONICAL_SURFACE('',#3312,1.825,0.785398163397);
#3312 = AXIS2_PLACEMENT_3D('',#3313,#3314,#3315);
#3313 = CARTESIAN_POINT('',(27.331133260985,-53.95,20.223974749546));
#3314 = DIRECTION('',(0.,1.,0.));
#3315 = DIRECTION('',(-1.,0.,0.));
#3316 = DEFINITIONAL_REPRESENTATION('',(#3317),#3321);
#3317 = LINE('',#3318,#3319);
#3318 = CARTESIAN_POINT('',(4.440892098501E-16,0.75));
#3319 = VECTOR('',#3320,1.);
#3320 = DIRECTION('',(1.,-9.56840624555E-16));
#3321 = ( GEOMETRIC_REPRESENTATION_CONTEXT(2) 
PARAMETRIC_REPRESENTATION_CONTEXT() REPRESENTATION_CONTEXT('2D SPACE',''
  ) );
#3322 = ORIENTED_EDGE('',*,*,#3323,.T.);
#3323 = EDGE_CURVE('',#3295,#2028,#3324,.T.);
#3324 = SEAM_CURVE('',#3325,(#3329,#3336),.PCURVE_S1.);
#3325 = LINE('',#3326,#3327);
#3326 = CARTESIAN_POINT('',(29.906133260985,-48.5,20.223974749546));
#3327 = VECTOR('',#3328,1.);
#3328 = DIRECTION('',(0.,1.,0.));
#3329 = PCURVE('',#2065,#3330);
#3330 = DEFINITIONAL_REPRESENTATION('',(#3331),#3335);
#3331 = LINE('',#3332,#3333);
#3332 = CARTESIAN_POINT('',(-3.14159265359,0.));
#3333 = VECTOR('',#3334,1.);
#3334 = DIRECTION('',(0.,-1.));
#3335 = ( GEOMETRIC_REPRESENTATION_CONTEXT(2) 
PARAMETRIC_REPRESENTATION_CONTEXT() REPRESENTATION_CONTEXT('2D SPACE',''
  ) );
#3336 = PCURVE('',#2065,#3337);
#3337 = DEFINITIONAL_REPRESENTATION('',(#3338),#3342);
#3338 = LINE('',#3339,#3340);
#3339 = CARTESIAN_POINT('',(3.14159265359,0.));
#3340 = VECTOR('',#3341,1.);
#3341 = DIRECTION('',(0.,-1.));
#3342 = ( GEOMETRIC_REPRESENTATION_CONTEXT(2) 
PARAMETRIC_REPRESENTATION_CONTEXT() REPRESENTATION_CONTEXT('2D SPACE',''
  ) );
#3343 = ORIENTED_EDGE('',*,*,#2050,.T.);
#3344 = ORIENTED_EDGE('',*,*,#3323,.F.);
#3345 = ORIENTED_EDGE('',*,*,#3346,.T.);
#3346 = EDGE_CURVE('',#3295,#3347,#3349,.T.);
#3347 = VERTEX_POINT('',#3348);
#3348 = CARTESIAN_POINT('',(27.831133260985,-53.2,17.697984844578));
#3349 = SURFACE_CURVE('',#3350,(#3355,#3362),.PCURVE_S1.);
#3350 = CIRCLE('',#3351,2.575);
#3351 = AXIS2_PLACEMENT_3D('',#3352,#3353,#3354);
#3352 = CARTESIAN_POINT('',(27.331133260985,-53.2,20.223974749546));
#3353 = DIRECTION('',(0.,1.,0.));
#3354 = DIRECTION('',(-1.,0.,0.));
#3355 = PCURVE('',#2065,#3356);
#3356 = DEFINITIONAL_REPRESENTATION('',(#3357),#3361);
#3357 = LINE('',#3358,#3359);
#3358 = CARTESIAN_POINT('',(6.28318530718,4.7));
#3359 = VECTOR('',#3360,1.);
#3360 = DIRECTION('',(-1.,0.));
#3361 = ( GEOMETRIC_REPRESENTATION_CONTEXT(2) 
PARAMETRIC_REPRESENTATION_CONTEXT() REPRESENTATION_CONTEXT('2D SPACE',''
  ) );
#3362 = PCURVE('',#3311,#3363);
#3363 = DEFINITIONAL_REPRESENTATION('',(#3364),#3368);
#3364 = LINE('',#3365,#3366);
#3365 = CARTESIAN_POINT('',(-6.28318530718,0.75));
#3366 = VECTOR('',#3367,1.);
#3367 = DIRECTION('',(1.,6.849418614807E-16));
#3368 = ( GEOMETRIC_REPRESENTATION_CONTEXT(2) 
PARAMETRIC_REPRESENTATION_CONTEXT() REPRESENTATION_CONTEXT('2D SPACE',''
  ) );
#3369 = ORIENTED_EDGE('',*,*,#3370,.F.);
#3370 = EDGE_CURVE('',#3371,#3347,#3373,.T.);
#3371 = VERTEX_POINT('',#3372);
#3372 = CARTESIAN_POINT('',(27.831133260985,-51.,17.697984844578));
#3373 = SURFACE_CURVE('',#3374,(#3378,#3385),.PCURVE_S1.);
#3374 = LINE('',#3375,#3376);
#3375 = CARTESIAN_POINT('',(27.831133260985,-48.5,17.697984844578));
#3376 = VECTOR('',#3377,1.);
#3377 = DIRECTION('',(0.,-1.,0.));
#3378 = PCURVE('',#2065,#3379);
#3379 = DEFINITIONAL_REPRESENTATION('',(#3380),#3384);
#3380 = LINE('',#3381,#3382);
#3381 = CARTESIAN_POINT('',(1.766212452453,0.));
#3382 = VECTOR('',#3383,1.);
#3383 = DIRECTION('',(0.,1.));
#3384 = ( GEOMETRIC_REPRESENTATION_CONTEXT(2) 
PARAMETRIC_REPRESENTATION_CONTEXT() REPRESENTATION_CONTEXT('2D SPACE',''
  ) );
#3385 = PCURVE('',#3386,#3391);
#3386 = PLANE('',#3387);
#3387 = AXIS2_PLACEMENT_3D('',#3388,#3389,#3390);
#3388 = CARTESIAN_POINT('',(27.831133260985,-51.,17.697984844578));
#3389 = DIRECTION('',(1.,0.,0.));
#3390 = DIRECTION('',(0.,0.,1.));
#3391 = DEFINITIONAL_REPRESENTATION('',(#3392),#3396);
#3392 = LINE('',#3393,#3394);
#3393 = CARTESIAN_POINT('',(0.,-2.5));
#3394 = VECTOR('',#3395,1.);
#3395 = DIRECTION('',(0.,1.));
#3396 = ( GEOMETRIC_REPRESENTATION_CONTEXT(2) 
PARAMETRIC_REPRESENTATION_CONTEXT() REPRESENTATION_CONTEXT('2D SPACE',''
  ) );
#3397 = ORIENTED_EDGE('',*,*,#3398,.F.);
#3398 = EDGE_CURVE('',#3399,#3371,#3401,.T.);
#3399 = VERTEX_POINT('',#3400);
#3400 = CARTESIAN_POINT('',(26.831133260985,-51.,17.697984844578));
#3401 = SURFACE_CURVE('',#3402,(#3407,#3414),.PCURVE_S1.);
#3402 = CIRCLE('',#3403,2.575);
#3403 = AXIS2_PLACEMENT_3D('',#3404,#3405,#3406);
#3404 = CARTESIAN_POINT('',(27.331133260985,-51.,20.223974749546));
#3405 = DIRECTION('',(0.,-1.,0.));
#3406 = DIRECTION('',(-1.,0.,0.));
#3407 = PCURVE('',#2065,#3408);
#3408 = DEFINITIONAL_REPRESENTATION('',(#3409),#3413);
#3409 = LINE('',#3410,#3411);
#3410 = CARTESIAN_POINT('',(-2.22044604925E-16,2.5));
#3411 = VECTOR('',#3412,1.);
#3412 = DIRECTION('',(1.,0.));
#3413 = ( GEOMETRIC_REPRESENTATION_CONTEXT(2) 
PARAMETRIC_REPRESENTATION_CONTEXT() REPRESENTATION_CONTEXT('2D SPACE',''
  ) );
#3414 = PCURVE('',#3415,#3420);
#3415 = CONICAL_SURFACE('',#3416,2.5,0.785398163397);
#3416 = AXIS2_PLACEMENT_3D('',#3417,#3418,#3419);
#3417 = CARTESIAN_POINT('',(27.331133260985,-51.075,20.223974749546));
#3418 = DIRECTION('',(0.,1.,0.));
#3419 = DIRECTION('',(1.,0.,0.));
#3420 = DEFINITIONAL_REPRESENTATION('',(#3421),#3425);
#3421 = LINE('',#3422,#3423);
#3422 = CARTESIAN_POINT('',(3.14159265359,7.5E-02));
#3423 = VECTOR('',#3424,1.);
#3424 = DIRECTION('',(-1.,0.));
#3425 = ( GEOMETRIC_REPRESENTATION_CONTEXT(2) 
PARAMETRIC_REPRESENTATION_CONTEXT() REPRESENTATION_CONTEXT('2D SPACE',''
  ) );
#3426 = ORIENTED_EDGE('',*,*,#3427,.F.);
#3427 = EDGE_CURVE('',#3428,#3399,#3430,.T.);
#3428 = VERTEX_POINT('',#3429);
#3429 = CARTESIAN_POINT('',(26.831133260985,-53.2,17.697984844578));
#3430 = SURFACE_CURVE('',#3431,(#3435,#3442),.PCURVE_S1.);
#3431 = LINE('',#3432,#3433);
#3432 = CARTESIAN_POINT('',(26.831133260985,-48.5,17.697984844578));
#3433 = VECTOR('',#3434,1.);
#3434 = DIRECTION('',(0.,1.,0.));
#3435 = PCURVE('',#2065,#3436);
#3436 = DEFINITIONAL_REPRESENTATION('',(#3437),#3441);
#3437 = LINE('',#3438,#3439);
#3438 = CARTESIAN_POINT('',(1.375380201137,0.));
#3439 = VECTOR('',#3440,1.);
#3440 = DIRECTION('',(0.,-1.));
#3441 = ( GEOMETRIC_REPRESENTATION_CONTEXT(2) 
PARAMETRIC_REPRESENTATION_CONTEXT() REPRESENTATION_CONTEXT('2D SPACE',''
  ) );
#3442 = PCURVE('',#3443,#3448);
#3443 = PLANE('',#3444);
#3444 = AXIS2_PLACEMENT_3D('',#3445,#3446,#3447);
#3445 = CARTESIAN_POINT('',(26.831133260985,-51.,17.851080946612));
#3446 = DIRECTION('',(-1.,0.,0.));
#3447 = DIRECTION('',(0.,0.,-1.));
#3448 = DEFINITIONAL_REPRESENTATION('',(#3449),#3453);
#3449 = LINE('',#3450,#3451);
#3450 = CARTESIAN_POINT('',(0.153096102034,-2.5));
#3451 = VECTOR('',#3452,1.);
#3452 = DIRECTION('',(0.,-1.));
#3453 = ( GEOMETRIC_REPRESENTATION_CONTEXT(2) 
PARAMETRIC_REPRESENTATION_CONTEXT() REPRESENTATION_CONTEXT('2D SPACE',''
  ) );
#3454 = ORIENTED_EDGE('',*,*,#3455,.T.);
#3455 = EDGE_CURVE('',#3428,#3456,#3458,.T.);
#3456 = VERTEX_POINT('',#3457);
#3457 = CARTESIAN_POINT('',(24.89356183358,-53.2,21.053957000138));
#3458 = SURFACE_CURVE('',#3459,(#3464,#3471),.PCURVE_S1.);
#3459 = CIRCLE('',#3460,2.575);
#3460 = AXIS2_PLACEMENT_3D('',#3461,#3462,#3463);
#3461 = CARTESIAN_POINT('',(27.331133260985,-53.2,20.223974749546));
#3462 = DIRECTION('',(0.,1.,0.));
#3463 = DIRECTION('',(-1.,0.,0.));
#3464 = PCURVE('',#2065,#3465);
#3465 = DEFINITIONAL_REPRESENTATION('',(#3466),#3470);
#3466 = LINE('',#3467,#3468);
#3467 = CARTESIAN_POINT('',(6.28318530718,4.7));
#3468 = VECTOR('',#3469,1.);
#3469 = DIRECTION('',(-1.,0.));
#3470 = ( GEOMETRIC_REPRESENTATION_CONTEXT(2) 
PARAMETRIC_REPRESENTATION_CONTEXT() REPRESENTATION_CONTEXT('2D SPACE',''
  ) );
#3471 = PCURVE('',#3311,#3472);
#3472 = DEFINITIONAL_REPRESENTATION('',(#3473),#3477);
#3473 = LINE('',#3474,#3475);
#3474 = CARTESIAN_POINT('',(-6.28318530718,0.75));
#3475 = VECTOR('',#3476,1.);
#3476 = DIRECTION('',(1.,-3.686608821486E-16));
#3477 = ( GEOMETRIC_REPRESENTATION_CONTEXT(2) 
PARAMETRIC_REPRESENTATION_CONTEXT() REPRESENTATION_CONTEXT('2D SPACE',''
  ) );
#3478 = ORIENTED_EDGE('',*,*,#3479,.F.);
#3479 = EDGE_CURVE('',#3480,#3456,#3482,.T.);
#3480 = VERTEX_POINT('',#3481);
#3481 = CARTESIAN_POINT('',(24.89356183358,-51.,21.053957000138));
#3482 = SURFACE_CURVE('',#3483,(#3487,#3494),.PCURVE_S1.);
#3483 = LINE('',#3484,#3485);
#3484 = CARTESIAN_POINT('',(24.89356183358,-48.5,21.053957000138));
#3485 = VECTOR('',#3486,1.);
#3486 = DIRECTION('',(0.,-1.,0.));
#3487 = PCURVE('',#2065,#3488);
#3488 = DEFINITIONAL_REPRESENTATION('',(#3489),#3493);
#3489 = LINE('',#3490,#3491);
#3490 = CARTESIAN_POINT('',(-0.32818264994,0.));
#3491 = VECTOR('',#3492,1.);
#3492 = DIRECTION('',(0.,1.));
#3493 = ( GEOMETRIC_REPRESENTATION_CONTEXT(2) 
PARAMETRIC_REPRESENTATION_CONTEXT() REPRESENTATION_CONTEXT('2D SPACE',''
  ) );
#3494 = PCURVE('',#3495,#3500);
#3495 = PLANE('',#3496);
#3496 = AXIS2_PLACEMENT_3D('',#3497,#3498,#3499);
#3497 = CARTESIAN_POINT('',(24.89356183358,-51.,21.053957000138));
#3498 = DIRECTION('',(-0.5,0.,-0.866025403784));
#3499 = DIRECTION('',(0.866025403784,0.,-0.5));
#3500 = DEFINITIONAL_REPRESENTATION('',(#3501),#3505);
#3501 = LINE('',#3502,#3503);
#3502 = CARTESIAN_POINT('',(0.,-2.5));
#3503 = VECTOR('',#3504,1.);
#3504 = DIRECTION('',(0.,1.));
#3505 = ( GEOMETRIC_REPRESENTATION_CONTEXT(2) 
PARAMETRIC_REPRESENTATION_CONTEXT() REPRESENTATION_CONTEXT('2D SPACE',''
  ) );
#3506 = ORIENTED_EDGE('',*,*,#3507,.F.);
#3507 = EDGE_CURVE('',#3508,#3480,#3510,.T.);
#3508 = VERTEX_POINT('',#3509);
#3509 = CARTESIAN_POINT('',(25.39356183358,-51.,21.919982403922));
#3510 = SURFACE_CURVE('',#3511,(#3516,#3523),.PCURVE_S1.);
#3511 = CIRCLE('',#3512,2.575);
#3512 = AXIS2_PLACEMENT_3D('',#3513,#3514,#3515);
#3513 = CARTESIAN_POINT('',(27.331133260985,-51.,20.223974749546));
#3514 = DIRECTION('',(0.,-1.,0.));
#3515 = DIRECTION('',(-1.,0.,0.));
#3516 = PCURVE('',#2065,#3517);
#3517 = DEFINITIONAL_REPRESENTATION('',(#3518),#3522);
#3518 = LINE('',#3519,#3520);
#3519 = CARTESIAN_POINT('',(-6.28318530718,2.5));
#3520 = VECTOR('',#3521,1.);
#3521 = DIRECTION('',(1.,0.));
#3522 = ( GEOMETRIC_REPRESENTATION_CONTEXT(2) 
PARAMETRIC_REPRESENTATION_CONTEXT() REPRESENTATION_CONTEXT('2D SPACE',''
  ) );
#3523 = PCURVE('',#3524,#3529);
#3524 = CONICAL_SURFACE('',#3525,2.5,0.785398163397);
#3525 = AXIS2_PLACEMENT_3D('',#3526,#3527,#3528);
#3526 = CARTESIAN_POINT('',(27.331133260985,-51.075,20.223974749546));
#3527 = DIRECTION('',(0.,1.,0.));
#3528 = DIRECTION('',(-1.,0.,0.));
#3529 = DEFINITIONAL_REPRESENTATION('',(#3530),#3534);
#3530 = LINE('',#3531,#3532);
#3531 = CARTESIAN_POINT('',(6.28318530718,7.499999999999E-02));
#3532 = VECTOR('',#3533,1.);
#3533 = DIRECTION('',(-1.,1.707354735166E-15));
#3534 = ( GEOMETRIC_REPRESENTATION_CONTEXT(2) 
PARAMETRIC_REPRESENTATION_CONTEXT() REPRESENTATION_CONTEXT('2D SPACE',''
  ) );
#3535 = ORIENTED_EDGE('',*,*,#3536,.F.);
#3536 = EDGE_CURVE('',#3537,#3508,#3539,.T.);
#3537 = VERTEX_POINT('',#3538);
#3538 = CARTESIAN_POINT('',(25.39356183358,-53.2,21.919982403922));
#3539 = SURFACE_CURVE('',#3540,(#3544,#3551),.PCURVE_S1.);
#3540 = LINE('',#3541,#3542);
#3541 = CARTESIAN_POINT('',(25.39356183358,-48.5,21.919982403922));
#3542 = VECTOR('',#3543,1.);
#3543 = DIRECTION('',(0.,1.,0.));
#3544 = PCURVE('',#2065,#3545);
#3545 = DEFINITIONAL_REPRESENTATION('',(#3546),#3550);
#3546 = LINE('',#3547,#3548);
#3547 = CARTESIAN_POINT('',(-0.719014901257,0.));
#3548 = VECTOR('',#3549,1.);
#3549 = DIRECTION('',(0.,-1.));
#3550 = ( GEOMETRIC_REPRESENTATION_CONTEXT(2) 
PARAMETRIC_REPRESENTATION_CONTEXT() REPRESENTATION_CONTEXT('2D SPACE',''
  ) );
#3551 = PCURVE('',#3552,#3557);
#3552 = PLANE('',#3553);
#3553 = AXIS2_PLACEMENT_3D('',#3554,#3555,#3556);
#3554 = CARTESIAN_POINT('',(25.526146947162,-51.,21.843434352905));
#3555 = DIRECTION('',(0.5,0.,0.866025403784));
#3556 = DIRECTION('',(-0.866025403784,0.,0.5));
#3557 = DEFINITIONAL_REPRESENTATION('',(#3558),#3562);
#3558 = LINE('',#3559,#3560);
#3559 = CARTESIAN_POINT('',(0.153096102035,-2.5));
#3560 = VECTOR('',#3561,1.);
#3561 = DIRECTION('',(0.,-1.));
#3562 = ( GEOMETRIC_REPRESENTATION_CONTEXT(2) 
PARAMETRIC_REPRESENTATION_CONTEXT() REPRESENTATION_CONTEXT('2D SPACE',''
  ) );
#3563 = ORIENTED_EDGE('',*,*,#3564,.T.);
#3564 = EDGE_CURVE('',#3537,#3565,#3567,.T.);
#3565 = VERTEX_POINT('',#3566);
#3566 = CARTESIAN_POINT('',(29.268704688391,-53.2,21.919982403922));
#3567 = SURFACE_CURVE('',#3568,(#3573,#3580),.PCURVE_S1.);
#3568 = CIRCLE('',#3569,2.575);
#3569 = AXIS2_PLACEMENT_3D('',#3570,#3571,#3572);
#3570 = CARTESIAN_POINT('',(27.331133260985,-53.2,20.223974749546));
#3571 = DIRECTION('',(0.,1.,0.));
#3572 = DIRECTION('',(-1.,0.,0.));
#3573 = PCURVE('',#2065,#3574);
#3574 = DEFINITIONAL_REPRESENTATION('',(#3575),#3579);
#3575 = LINE('',#3576,#3577);
#3576 = CARTESIAN_POINT('',(-8.881784197001E-16,4.7));
#3577 = VECTOR('',#3578,1.);
#3578 = DIRECTION('',(-1.,0.));
#3579 = ( GEOMETRIC_REPRESENTATION_CONTEXT(2) 
PARAMETRIC_REPRESENTATION_CONTEXT() REPRESENTATION_CONTEXT('2D SPACE',''
  ) );
#3580 = PCURVE('',#3311,#3581);
#3581 = DEFINITIONAL_REPRESENTATION('',(#3582),#3586);
#3582 = LINE('',#3583,#3584);
#3583 = CARTESIAN_POINT('',(6.661338147751E-16,0.75));
#3584 = VECTOR('',#3585,1.);
#3585 = DIRECTION('',(1.,9.216522053715E-17));
#3586 = ( GEOMETRIC_REPRESENTATION_CONTEXT(2) 
PARAMETRIC_REPRESENTATION_CONTEXT() REPRESENTATION_CONTEXT('2D SPACE',''
  ) );
#3587 = ORIENTED_EDGE('',*,*,#3588,.F.);
#3588 = EDGE_CURVE('',#3238,#3565,#3589,.T.);
#3589 = SURFACE_CURVE('',#3590,(#3594,#3601),.PCURVE_S1.);
#3590 = LINE('',#3591,#3592);
#3591 = CARTESIAN_POINT('',(29.268704688391,-48.5,21.919982403922));
#3592 = VECTOR('',#3593,1.);
#3593 = DIRECTION('',(0.,-1.,0.));
#3594 = PCURVE('',#2065,#3595);
#3595 = DEFINITIONAL_REPRESENTATION('',(#3596),#3600);
#3596 = LINE('',#3597,#3598);
#3597 = CARTESIAN_POINT('',(-2.422577752333,0.));
#3598 = VECTOR('',#3599,1.);
#3599 = DIRECTION('',(0.,1.));
#3600 = ( GEOMETRIC_REPRESENTATION_CONTEXT(2) 
PARAMETRIC_REPRESENTATION_CONTEXT() REPRESENTATION_CONTEXT('2D SPACE',''
  ) );
#3601 = PCURVE('',#3602,#3607);
#3602 = PLANE('',#3603);
#3603 = AXIS2_PLACEMENT_3D('',#3604,#3605,#3606);
#3604 = CARTESIAN_POINT('',(29.268704688391,-51.,21.919982403922));
#3605 = DIRECTION('',(-0.5,0.,0.866025403784));
#3606 = DIRECTION('',(-0.866025403784,0.,-0.5));
#3607 = DEFINITIONAL_REPRESENTATION('',(#3608),#3612);
#3608 = LINE('',#3609,#3610);
#3609 = CARTESIAN_POINT('',(0.,-2.5));
#3610 = VECTOR('',#3611,1.);
#3611 = DIRECTION('',(-0.,1.));
#3612 = ( GEOMETRIC_REPRESENTATION_CONTEXT(2) 
PARAMETRIC_REPRESENTATION_CONTEXT() REPRESENTATION_CONTEXT('2D SPACE',''
  ) );
#3613 = ADVANCED_FACE('',(#3614),#2120,.F.);
#3614 = FACE_BOUND('',#3615,.F.);
#3615 = EDGE_LOOP('',(#3616,#3647,#3675,#3704,#3732,#3761,#3789,#3813,
    #3834,#3835,#3836,#3860,#3888,#3917,#3945,#3969));
#3616 = ORIENTED_EDGE('',*,*,#3617,.F.);
#3617 = EDGE_CURVE('',#3618,#3620,#3622,.T.);
#3618 = VERTEX_POINT('',#3619);
#3619 = CARTESIAN_POINT('',(-1.937571427405,-51.,-32.30399234562));
#3620 = VERTEX_POINT('',#3621);
#3621 = CARTESIAN_POINT('',(-2.437571427405,-51.,-33.1700177494));
#3622 = SURFACE_CURVE('',#3623,(#3628,#3635),.PCURVE_S1.);
#3623 = CIRCLE('',#3624,2.575);
#3624 = AXIS2_PLACEMENT_3D('',#3625,#3626,#3627);
#3625 = CARTESIAN_POINT('',(-5.405200097032E-14,-51.,-34.));
#3626 = DIRECTION('',(0.,-1.,0.));
#3627 = DIRECTION('',(-1.,0.,0.));
#3628 = PCURVE('',#2120,#3629);
#3629 = DEFINITIONAL_REPRESENTATION('',(#3630),#3634);
#3630 = LINE('',#3631,#3632);
#3631 = CARTESIAN_POINT('',(-6.28318530718,2.5));
#3632 = VECTOR('',#3633,1.);
#3633 = DIRECTION('',(1.,0.));
#3634 = ( GEOMETRIC_REPRESENTATION_CONTEXT(2) 
PARAMETRIC_REPRESENTATION_CONTEXT() REPRESENTATION_CONTEXT('2D SPACE',''
  ) );
#3635 = PCURVE('',#3636,#3641);
#3636 = CONICAL_SURFACE('',#3637,2.5,0.785398163397);
#3637 = AXIS2_PLACEMENT_3D('',#3638,#3639,#3640);
#3638 = CARTESIAN_POINT('',(-5.405200097032E-14,-51.075,-34.));
#3639 = DIRECTION('',(0.,1.,0.));
#3640 = DIRECTION('',(-1.,0.,0.));
#3641 = DEFINITIONAL_REPRESENTATION('',(#3642),#3646);
#3642 = LINE('',#3643,#3644);
#3643 = CARTESIAN_POINT('',(6.28318530718,7.499999999999E-02));
#3644 = VECTOR('',#3645,1.);
#3645 = DIRECTION('',(-1.,1.154975262024E-15));
#3646 = ( GEOMETRIC_REPRESENTATION_CONTEXT(2) 
PARAMETRIC_REPRESENTATION_CONTEXT() REPRESENTATION_CONTEXT('2D SPACE',''
  ) );
#3647 = ORIENTED_EDGE('',*,*,#3648,.F.);
#3648 = EDGE_CURVE('',#3649,#3618,#3651,.T.);
#3649 = VERTEX_POINT('',#3650);
#3650 = CARTESIAN_POINT('',(-1.937571427405,-53.2,-32.30399234562));
#3651 = SURFACE_CURVE('',#3652,(#3656,#3663),.PCURVE_S1.);
#3652 = LINE('',#3653,#3654);
#3653 = CARTESIAN_POINT('',(-1.937571427405,-48.5,-32.30399234562));
#3654 = VECTOR('',#3655,1.);
#3655 = DIRECTION('',(0.,1.,0.));
#3656 = PCURVE('',#2120,#3657);
#3657 = DEFINITIONAL_REPRESENTATION('',(#3658),#3662);
#3658 = LINE('',#3659,#3660);
#3659 = CARTESIAN_POINT('',(-0.719014901257,0.));
#3660 = VECTOR('',#3661,1.);
#3661 = DIRECTION('',(0.,-1.));
#3662 = ( GEOMETRIC_REPRESENTATION_CONTEXT(2) 
PARAMETRIC_REPRESENTATION_CONTEXT() REPRESENTATION_CONTEXT('2D SPACE',''
  ) );
#3663 = PCURVE('',#3664,#3669);
#3664 = PLANE('',#3665);
#3665 = AXIS2_PLACEMENT_3D('',#3666,#3667,#3668);
#3666 = CARTESIAN_POINT('',(-1.804986313823,-51.,-32.38054039664));
#3667 = DIRECTION('',(0.5,0.,0.866025403784));
#3668 = DIRECTION('',(-0.866025403784,0.,0.5));
#3669 = DEFINITIONAL_REPRESENTATION('',(#3670),#3674);
#3670 = LINE('',#3671,#3672);
#3671 = CARTESIAN_POINT('',(0.153096102035,-2.5));
#3672 = VECTOR('',#3673,1.);
#3673 = DIRECTION('',(0.,-1.));
#3674 = ( GEOMETRIC_REPRESENTATION_CONTEXT(2) 
PARAMETRIC_REPRESENTATION_CONTEXT() REPRESENTATION_CONTEXT('2D SPACE',''
  ) );
#3675 = ORIENTED_EDGE('',*,*,#3676,.T.);
#3676 = EDGE_CURVE('',#3649,#3677,#3679,.T.);
#3677 = VERTEX_POINT('',#3678);
#3678 = CARTESIAN_POINT('',(1.937571427405,-53.2,-32.30399234562));
#3679 = SURFACE_CURVE('',#3680,(#3685,#3692),.PCURVE_S1.);
#3680 = CIRCLE('',#3681,2.575);
#3681 = AXIS2_PLACEMENT_3D('',#3682,#3683,#3684);
#3682 = CARTESIAN_POINT('',(-5.405200097032E-14,-53.2,-34.));
#3683 = DIRECTION('',(0.,1.,0.));
#3684 = DIRECTION('',(-1.,0.,0.));
#3685 = PCURVE('',#2120,#3686);
#3686 = DEFINITIONAL_REPRESENTATION('',(#3687),#3691);
#3687 = LINE('',#3688,#3689);
#3688 = CARTESIAN_POINT('',(0.,4.7));
#3689 = VECTOR('',#3690,1.);
#3690 = DIRECTION('',(-1.,0.));
#3691 = ( GEOMETRIC_REPRESENTATION_CONTEXT(2) 
PARAMETRIC_REPRESENTATION_CONTEXT() REPRESENTATION_CONTEXT('2D SPACE',''
  ) );
#3692 = PCURVE('',#3693,#3698);
#3693 = CONICAL_SURFACE('',#3694,1.825,0.785398163397);
#3694 = AXIS2_PLACEMENT_3D('',#3695,#3696,#3697);
#3695 = CARTESIAN_POINT('',(-5.405200097032E-14,-53.95,-34.));
#3696 = DIRECTION('',(0.,1.,0.));
#3697 = DIRECTION('',(-1.,0.,0.));
#3698 = DEFINITIONAL_REPRESENTATION('',(#3699),#3703);
#3699 = LINE('',#3700,#3701);
#3700 = CARTESIAN_POINT('',(0.,0.75));
#3701 = VECTOR('',#3702,1.);
#3702 = DIRECTION('',(1.,-6.4515654376E-16));
#3703 = ( GEOMETRIC_REPRESENTATION_CONTEXT(2) 
PARAMETRIC_REPRESENTATION_CONTEXT() REPRESENTATION_CONTEXT('2D SPACE',''
  ) );
#3704 = ORIENTED_EDGE('',*,*,#3705,.F.);
#3705 = EDGE_CURVE('',#3706,#3677,#3708,.T.);
#3706 = VERTEX_POINT('',#3707);
#3707 = CARTESIAN_POINT('',(1.937571427405,-51.,-32.30399234562));
#3708 = SURFACE_CURVE('',#3709,(#3713,#3720),.PCURVE_S1.);
#3709 = LINE('',#3710,#3711);
#3710 = CARTESIAN_POINT('',(1.937571427405,-48.5,-32.30399234562));
#3711 = VECTOR('',#3712,1.);
#3712 = DIRECTION('',(0.,-1.,0.));
#3713 = PCURVE('',#2120,#3714);
#3714 = DEFINITIONAL_REPRESENTATION('',(#3715),#3719);
#3715 = LINE('',#3716,#3717);
#3716 = CARTESIAN_POINT('',(-2.422577752333,0.));
#3717 = VECTOR('',#3718,1.);
#3718 = DIRECTION('',(0.,1.));
#3719 = ( GEOMETRIC_REPRESENTATION_CONTEXT(2) 
PARAMETRIC_REPRESENTATION_CONTEXT() REPRESENTATION_CONTEXT('2D SPACE',''
  ) );
#3720 = PCURVE('',#3721,#3726);
#3721 = PLANE('',#3722);
#3722 = AXIS2_PLACEMENT_3D('',#3723,#3724,#3725);
#3723 = CARTESIAN_POINT('',(1.937571427405,-51.,-32.30399234562));
#3724 = DIRECTION('',(-0.5,0.,0.866025403784));
#3725 = DIRECTION('',(-0.866025403784,0.,-0.5));
#3726 = DEFINITIONAL_REPRESENTATION('',(#3727),#3731);
#3727 = LINE('',#3728,#3729);
#3728 = CARTESIAN_POINT('',(0.,-2.5));
#3729 = VECTOR('',#3730,1.);
#3730 = DIRECTION('',(-0.,1.));
#3731 = ( GEOMETRIC_REPRESENTATION_CONTEXT(2) 
PARAMETRIC_REPRESENTATION_CONTEXT() REPRESENTATION_CONTEXT('2D SPACE',''
  ) );
#3732 = ORIENTED_EDGE('',*,*,#3733,.F.);
#3733 = EDGE_CURVE('',#3734,#3706,#3736,.T.);
#3734 = VERTEX_POINT('',#3735);
#3735 = CARTESIAN_POINT('',(2.437571427405,-51.,-33.1700177494));
#3736 = SURFACE_CURVE('',#3737,(#3742,#3749),.PCURVE_S1.);
#3737 = CIRCLE('',#3738,2.575);
#3738 = AXIS2_PLACEMENT_3D('',#3739,#3740,#3741);
#3739 = CARTESIAN_POINT('',(-5.405200097032E-14,-51.,-34.));
#3740 = DIRECTION('',(0.,-1.,0.));
#3741 = DIRECTION('',(-1.,0.,0.));
#3742 = PCURVE('',#2120,#3743);
#3743 = DEFINITIONAL_REPRESENTATION('',(#3744),#3748);
#3744 = LINE('',#3745,#3746);
#3745 = CARTESIAN_POINT('',(-6.28318530718,2.5));
#3746 = VECTOR('',#3747,1.);
#3747 = DIRECTION('',(1.,0.));
#3748 = ( GEOMETRIC_REPRESENTATION_CONTEXT(2) 
PARAMETRIC_REPRESENTATION_CONTEXT() REPRESENTATION_CONTEXT('2D SPACE',''
  ) );
#3749 = PCURVE('',#3750,#3755);
#3750 = CONICAL_SURFACE('',#3751,2.5,0.785398163397);
#3751 = AXIS2_PLACEMENT_3D('',#3752,#3753,#3754);
#3752 = CARTESIAN_POINT('',(-5.405200097032E-14,-51.075,-34.));
#3753 = DIRECTION('',(0.,1.,0.));
#3754 = DIRECTION('',(1.,0.,0.));
#3755 = DEFINITIONAL_REPRESENTATION('',(#3756),#3760);
#3756 = LINE('',#3757,#3758);
#3757 = CARTESIAN_POINT('',(9.424777960769,7.500000000001E-02));
#3758 = VECTOR('',#3759,1.);
#3759 = DIRECTION('',(-1.,-1.707354735165E-15));
#3760 = ( GEOMETRIC_REPRESENTATION_CONTEXT(2) 
PARAMETRIC_REPRESENTATION_CONTEXT() REPRESENTATION_CONTEXT('2D SPACE',''
  ) );
#3761 = ORIENTED_EDGE('',*,*,#3762,.F.);
#3762 = EDGE_CURVE('',#3763,#3734,#3765,.T.);
#3763 = VERTEX_POINT('',#3764);
#3764 = CARTESIAN_POINT('',(2.437571427405,-53.2,-33.1700177494));
#3765 = SURFACE_CURVE('',#3766,(#3770,#3777),.PCURVE_S1.);
#3766 = LINE('',#3767,#3768);
#3767 = CARTESIAN_POINT('',(2.437571427405,-48.5,-33.1700177494));
#3768 = VECTOR('',#3769,1.);
#3769 = DIRECTION('',(0.,1.,0.));
#3770 = PCURVE('',#2120,#3771);
#3771 = DEFINITIONAL_REPRESENTATION('',(#3772),#3776);
#3772 = LINE('',#3773,#3774);
#3773 = CARTESIAN_POINT('',(-2.81341000365,0.));
#3774 = VECTOR('',#3775,1.);
#3775 = DIRECTION('',(0.,-1.));
#3776 = ( GEOMETRIC_REPRESENTATION_CONTEXT(2) 
PARAMETRIC_REPRESENTATION_CONTEXT() REPRESENTATION_CONTEXT('2D SPACE',''
  ) );
#3777 = PCURVE('',#3778,#3783);
#3778 = PLANE('',#3779);
#3779 = AXIS2_PLACEMENT_3D('',#3780,#3781,#3782);
#3780 = CARTESIAN_POINT('',(2.304986313823,-51.,-33.24656580042));
#3781 = DIRECTION('',(0.5,0.,-0.866025403784));
#3782 = DIRECTION('',(0.866025403784,0.,0.5));
#3783 = DEFINITIONAL_REPRESENTATION('',(#3784),#3788);
#3784 = LINE('',#3785,#3786);
#3785 = CARTESIAN_POINT('',(0.153096102035,-2.5));
#3786 = VECTOR('',#3787,1.);
#3787 = DIRECTION('',(0.,-1.));
#3788 = ( GEOMETRIC_REPRESENTATION_CONTEXT(2) 
PARAMETRIC_REPRESENTATION_CONTEXT() REPRESENTATION_CONTEXT('2D SPACE',''
  ) );
#3789 = ORIENTED_EDGE('',*,*,#3790,.T.);
#3790 = EDGE_CURVE('',#3763,#3791,#3793,.T.);
#3791 = VERTEX_POINT('',#3792);
#3792 = CARTESIAN_POINT('',(2.575,-53.2,-34.));
#3793 = SURFACE_CURVE('',#3794,(#3799,#3806),.PCURVE_S1.);
#3794 = CIRCLE('',#3795,2.575);
#3795 = AXIS2_PLACEMENT_3D('',#3796,#3797,#3798);
#3796 = CARTESIAN_POINT('',(-5.405200097032E-14,-53.2,-34.));
#3797 = DIRECTION('',(0.,1.,0.));
#3798 = DIRECTION('',(-1.,0.,0.));
#3799 = PCURVE('',#2120,#3800);
#3800 = DEFINITIONAL_REPRESENTATION('',(#3801),#3805);
#3801 = LINE('',#3802,#3803);
#3802 = CARTESIAN_POINT('',(-1.7763568394E-15,4.7));
#3803 = VECTOR('',#3804,1.);
#3804 = DIRECTION('',(-1.,0.));
#3805 = ( GEOMETRIC_REPRESENTATION_CONTEXT(2) 
PARAMETRIC_REPRESENTATION_CONTEXT() REPRESENTATION_CONTEXT('2D SPACE',''
  ) );
#3806 = PCURVE('',#3693,#3807);
#3807 = DEFINITIONAL_REPRESENTATION('',(#3808),#3812);
#3808 = LINE('',#3809,#3810);
#3809 = CARTESIAN_POINT('',(1.7763568394E-15,0.75));
#3810 = VECTOR('',#3811,1.);
#3811 = DIRECTION('',(1.,1.435260936832E-15));
#3812 = ( GEOMETRIC_REPRESENTATION_CONTEXT(2) 
PARAMETRIC_REPRESENTATION_CONTEXT() REPRESENTATION_CONTEXT('2D SPACE',''
  ) );
#3813 = ORIENTED_EDGE('',*,*,#3814,.T.);
#3814 = EDGE_CURVE('',#3791,#2083,#3815,.T.);
#3815 = SEAM_CURVE('',#3816,(#3820,#3827),.PCURVE_S1.);
#3816 = LINE('',#3817,#3818);
#3817 = CARTESIAN_POINT('',(2.575,-48.5,-34.));
#3818 = VECTOR('',#3819,1.);
#3819 = DIRECTION('',(0.,1.,0.));
#3820 = PCURVE('',#2120,#3821);
#3821 = DEFINITIONAL_REPRESENTATION('',(#3822),#3826);
#3822 = LINE('',#3823,#3824);
#3823 = CARTESIAN_POINT('',(-3.14159265359,0.));
#3824 = VECTOR('',#3825,1.);
#3825 = DIRECTION('',(0.,-1.));
#3826 = ( GEOMETRIC_REPRESENTATION_CONTEXT(2) 
PARAMETRIC_REPRESENTATION_CONTEXT() REPRESENTATION_CONTEXT('2D SPACE',''
  ) );
#3827 = PCURVE('',#2120,#3828);
#3828 = DEFINITIONAL_REPRESENTATION('',(#3829),#3833);
#3829 = LINE('',#3830,#3831);
#3830 = CARTESIAN_POINT('',(3.14159265359,0.));
#3831 = VECTOR('',#3832,1.);
#3832 = DIRECTION('',(0.,-1.));
#3833 = ( GEOMETRIC_REPRESENTATION_CONTEXT(2) 
PARAMETRIC_REPRESENTATION_CONTEXT() REPRESENTATION_CONTEXT('2D SPACE',''
  ) );
#3834 = ORIENTED_EDGE('',*,*,#2105,.T.);
#3835 = ORIENTED_EDGE('',*,*,#3814,.F.);
#3836 = ORIENTED_EDGE('',*,*,#3837,.T.);
#3837 = EDGE_CURVE('',#3791,#3838,#3840,.T.);
#3838 = VERTEX_POINT('',#3839);
#3839 = CARTESIAN_POINT('',(0.5,-53.2,-36.52598990496));
#3840 = SURFACE_CURVE('',#3841,(#3846,#3853),.PCURVE_S1.);
#3841 = CIRCLE('',#3842,2.575);
#3842 = AXIS2_PLACEMENT_3D('',#3843,#3844,#3845);
#3843 = CARTESIAN_POINT('',(-5.405200097032E-14,-53.2,-34.));
#3844 = DIRECTION('',(0.,1.,0.));
#3845 = DIRECTION('',(-1.,0.,0.));
#3846 = PCURVE('',#2120,#3847);
#3847 = DEFINITIONAL_REPRESENTATION('',(#3848),#3852);
#3848 = LINE('',#3849,#3850);
#3849 = CARTESIAN_POINT('',(6.28318530718,4.7));
#3850 = VECTOR('',#3851,1.);
#3851 = DIRECTION('',(-1.,0.));
#3852 = ( GEOMETRIC_REPRESENTATION_CONTEXT(2) 
PARAMETRIC_REPRESENTATION_CONTEXT() REPRESENTATION_CONTEXT('2D SPACE',''
  ) );
#3853 = PCURVE('',#3693,#3854);
#3854 = DEFINITIONAL_REPRESENTATION('',(#3855),#3859);
#3855 = LINE('',#3856,#3857);
#3856 = CARTESIAN_POINT('',(-6.28318530718,0.75));
#3857 = VECTOR('',#3858,1.);
#3858 = DIRECTION('',(1.,2.283139538269E-16));
#3859 = ( GEOMETRIC_REPRESENTATION_CONTEXT(2) 
PARAMETRIC_REPRESENTATION_CONTEXT() REPRESENTATION_CONTEXT('2D SPACE',''
  ) );
#3860 = ORIENTED_EDGE('',*,*,#3861,.F.);
#3861 = EDGE_CURVE('',#3862,#3838,#3864,.T.);
#3862 = VERTEX_POINT('',#3863);
#3863 = CARTESIAN_POINT('',(0.5,-51.,-36.52598990496));
#3864 = SURFACE_CURVE('',#3865,(#3869,#3876),.PCURVE_S1.);
#3865 = LINE('',#3866,#3867);
#3866 = CARTESIAN_POINT('',(0.5,-48.5,-36.52598990496));
#3867 = VECTOR('',#3868,1.);
#3868 = DIRECTION('',(0.,-1.,0.));
#3869 = PCURVE('',#2120,#3870);
#3870 = DEFINITIONAL_REPRESENTATION('',(#3871),#3875);
#3871 = LINE('',#3872,#3873);
#3872 = CARTESIAN_POINT('',(1.766212452453,0.));
#3873 = VECTOR('',#3874,1.);
#3874 = DIRECTION('',(0.,1.));
#3875 = ( GEOMETRIC_REPRESENTATION_CONTEXT(2) 
PARAMETRIC_REPRESENTATION_CONTEXT() REPRESENTATION_CONTEXT('2D SPACE',''
  ) );
#3876 = PCURVE('',#3877,#3882);
#3877 = PLANE('',#3878);
#3878 = AXIS2_PLACEMENT_3D('',#3879,#3880,#3881);
#3879 = CARTESIAN_POINT('',(0.5,-51.,-36.52598990496));
#3880 = DIRECTION('',(1.,0.,0.));
#3881 = DIRECTION('',(0.,0.,1.));
#3882 = DEFINITIONAL_REPRESENTATION('',(#3883),#3887);
#3883 = LINE('',#3884,#3885);
#3884 = CARTESIAN_POINT('',(0.,-2.5));
#3885 = VECTOR('',#3886,1.);
#3886 = DIRECTION('',(0.,1.));
#3887 = ( GEOMETRIC_REPRESENTATION_CONTEXT(2) 
PARAMETRIC_REPRESENTATION_CONTEXT() REPRESENTATION_CONTEXT('2D SPACE',''
  ) );
#3888 = ORIENTED_EDGE('',*,*,#3889,.F.);
#3889 = EDGE_CURVE('',#3890,#3862,#3892,.T.);
#3890 = VERTEX_POINT('',#3891);
#3891 = CARTESIAN_POINT('',(-0.5,-51.,-36.52598990496));
#3892 = SURFACE_CURVE('',#3893,(#3898,#3905),.PCURVE_S1.);
#3893 = CIRCLE('',#3894,2.575);
#3894 = AXIS2_PLACEMENT_3D('',#3895,#3896,#3897);
#3895 = CARTESIAN_POINT('',(-5.405200097032E-14,-51.,-34.));
#3896 = DIRECTION('',(0.,-1.,0.));
#3897 = DIRECTION('',(-1.,0.,0.));
#3898 = PCURVE('',#2120,#3899);
#3899 = DEFINITIONAL_REPRESENTATION('',(#3900),#3904);
#3900 = LINE('',#3901,#3902);
#3901 = CARTESIAN_POINT('',(0.,2.5));
#3902 = VECTOR('',#3903,1.);
#3903 = DIRECTION('',(1.,0.));
#3904 = ( GEOMETRIC_REPRESENTATION_CONTEXT(2) 
PARAMETRIC_REPRESENTATION_CONTEXT() REPRESENTATION_CONTEXT('2D SPACE',''
  ) );
#3905 = PCURVE('',#3906,#3911);
#3906 = CONICAL_SURFACE('',#3907,2.5,0.785398163397);
#3907 = AXIS2_PLACEMENT_3D('',#3908,#3909,#3910);
#3908 = CARTESIAN_POINT('',(-5.405200097032E-14,-51.075,-34.));
#3909 = DIRECTION('',(0.,1.,0.));
#3910 = DIRECTION('',(1.,0.,0.));
#3911 = DEFINITIONAL_REPRESENTATION('',(#3912),#3916);
#3912 = LINE('',#3913,#3914);
#3913 = CARTESIAN_POINT('',(3.14159265359,7.5E-02));
#3914 = VECTOR('',#3915,1.);
#3915 = DIRECTION('',(-1.,0.));
#3916 = ( GEOMETRIC_REPRESENTATION_CONTEXT(2) 
PARAMETRIC_REPRESENTATION_CONTEXT() REPRESENTATION_CONTEXT('2D SPACE',''
  ) );
#3917 = ORIENTED_EDGE('',*,*,#3918,.F.);
#3918 = EDGE_CURVE('',#3919,#3890,#3921,.T.);
#3919 = VERTEX_POINT('',#3920);
#3920 = CARTESIAN_POINT('',(-0.5,-53.2,-36.52598990496));
#3921 = SURFACE_CURVE('',#3922,(#3926,#3933),.PCURVE_S1.);
#3922 = LINE('',#3923,#3924);
#3923 = CARTESIAN_POINT('',(-0.5,-48.5,-36.52598990496));
#3924 = VECTOR('',#3925,1.);
#3925 = DIRECTION('',(0.,1.,0.));
#3926 = PCURVE('',#2120,#3927);
#3927 = DEFINITIONAL_REPRESENTATION('',(#3928),#3932);
#3928 = LINE('',#3929,#3930);
#3929 = CARTESIAN_POINT('',(1.375380201137,0.));
#3930 = VECTOR('',#3931,1.);
#3931 = DIRECTION('',(0.,-1.));
#3932 = ( GEOMETRIC_REPRESENTATION_CONTEXT(2) 
PARAMETRIC_REPRESENTATION_CONTEXT() REPRESENTATION_CONTEXT('2D SPACE',''
  ) );
#3933 = PCURVE('',#3934,#3939);
#3934 = PLANE('',#3935);
#3935 = AXIS2_PLACEMENT_3D('',#3936,#3937,#3938);
#3936 = CARTESIAN_POINT('',(-0.5,-51.,-36.37289380293));
#3937 = DIRECTION('',(-1.,0.,0.));
#3938 = DIRECTION('',(0.,0.,-1.));
#3939 = DEFINITIONAL_REPRESENTATION('',(#3940),#3944);
#3940 = LINE('',#3941,#3942);
#3941 = CARTESIAN_POINT('',(0.153096102034,-2.5));
#3942 = VECTOR('',#3943,1.);
#3943 = DIRECTION('',(0.,-1.));
#3944 = ( GEOMETRIC_REPRESENTATION_CONTEXT(2) 
PARAMETRIC_REPRESENTATION_CONTEXT() REPRESENTATION_CONTEXT('2D SPACE',''
  ) );
#3945 = ORIENTED_EDGE('',*,*,#3946,.T.);
#3946 = EDGE_CURVE('',#3919,#3947,#3949,.T.);
#3947 = VERTEX_POINT('',#3948);
#3948 = CARTESIAN_POINT('',(-2.437571427405,-53.2,-33.1700177494));
#3949 = SURFACE_CURVE('',#3950,(#3955,#3962),.PCURVE_S1.);
#3950 = CIRCLE('',#3951,2.575);
#3951 = AXIS2_PLACEMENT_3D('',#3952,#3953,#3954);
#3952 = CARTESIAN_POINT('',(-5.405200097032E-14,-53.2,-34.));
#3953 = DIRECTION('',(0.,1.,0.));
#3954 = DIRECTION('',(-1.,0.,0.));
#3955 = PCURVE('',#2120,#3956);
#3956 = DEFINITIONAL_REPRESENTATION('',(#3957),#3961);
#3957 = LINE('',#3958,#3959);
#3958 = CARTESIAN_POINT('',(6.28318530718,4.7));
#3959 = VECTOR('',#3960,1.);
#3960 = DIRECTION('',(-1.,0.));
#3961 = ( GEOMETRIC_REPRESENTATION_CONTEXT(2) 
PARAMETRIC_REPRESENTATION_CONTEXT() REPRESENTATION_CONTEXT('2D SPACE',''
  ) );
#3962 = PCURVE('',#3693,#3963);
#3963 = DEFINITIONAL_REPRESENTATION('',(#3964),#3968);
#3964 = LINE('',#3965,#3966);
#3965 = CARTESIAN_POINT('',(-6.28318530718,0.75));
#3966 = VECTOR('',#3967,1.);
#3967 = DIRECTION('',(1.,-4.608261026857E-16));
#3968 = ( GEOMETRIC_REPRESENTATION_CONTEXT(2) 
PARAMETRIC_REPRESENTATION_CONTEXT() REPRESENTATION_CONTEXT('2D SPACE',''
  ) );
#3969 = ORIENTED_EDGE('',*,*,#3970,.F.);
#3970 = EDGE_CURVE('',#3620,#3947,#3971,.T.);
#3971 = SURFACE_CURVE('',#3972,(#3976,#3983),.PCURVE_S1.);
#3972 = LINE('',#3973,#3974);
#3973 = CARTESIAN_POINT('',(-2.437571427405,-48.5,-33.1700177494));
#3974 = VECTOR('',#3975,1.);
#3975 = DIRECTION('',(0.,-1.,0.));
#3976 = PCURVE('',#2120,#3977);
#3977 = DEFINITIONAL_REPRESENTATION('',(#3978),#3982);
#3978 = LINE('',#3979,#3980);
#3979 = CARTESIAN_POINT('',(-0.32818264994,0.));
#3980 = VECTOR('',#3981,1.);
#3981 = DIRECTION('',(0.,1.));
#3982 = ( GEOMETRIC_REPRESENTATION_CONTEXT(2) 
PARAMETRIC_REPRESENTATION_CONTEXT() REPRESENTATION_CONTEXT('2D SPACE',''
  ) );
#3983 = PCURVE('',#3984,#3989);
#3984 = PLANE('',#3985);
#3985 = AXIS2_PLACEMENT_3D('',#3986,#3987,#3988);
#3986 = CARTESIAN_POINT('',(-2.437571427405,-51.,-33.1700177494));
#3987 = DIRECTION('',(-0.5,0.,-0.866025403784));
#3988 = DIRECTION('',(0.866025403784,0.,-0.5));
#3989 = DEFINITIONAL_REPRESENTATION('',(#3990),#3994);
#3990 = LINE('',#3991,#3992);
#3991 = CARTESIAN_POINT('',(0.,-2.5));
#3992 = VECTOR('',#3993,1.);
#3993 = DIRECTION('',(0.,1.));
#3994 = ( GEOMETRIC_REPRESENTATION_CONTEXT(2) 
PARAMETRIC_REPRESENTATION_CONTEXT() REPRESENTATION_CONTEXT('2D SPACE',''
  ) );
#3995 = ADVANCED_FACE('',(#3996),#2175,.F.);
#3996 = FACE_BOUND('',#3997,.F.);
#3997 = EDGE_LOOP('',(#3998,#4029,#4057,#4086,#4107,#4108,#4109,#4133,
    #4161,#4190,#4218,#4242,#4270,#4299,#4327,#4351));
#3998 = ORIENTED_EDGE('',*,*,#3999,.F.);
#3999 = EDGE_CURVE('',#4000,#4002,#4004,.T.);
#4000 = VERTEX_POINT('',#4001);
#4001 = CARTESIAN_POINT('',(-31.43304830771,-51.,3.793277504012));
#4002 = VERTEX_POINT('',#4003);
#4003 = CARTESIAN_POINT('',(-31.93304830771,-51.,4.659302907797));
#4004 = SURFACE_CURVE('',#4005,(#4010,#4017),.PCURVE_S1.);
#4005 = CIRCLE('',#4006,2.575);
#4006 = AXIS2_PLACEMENT_3D('',#4007,#4008,#4009);
#4007 = CARTESIAN_POINT('',(-33.87061973511,-51.,2.96329525342));
#4008 = DIRECTION('',(0.,-1.,0.));
#4009 = DIRECTION('',(-1.,0.,0.));
#4010 = PCURVE('',#2175,#4011);
#4011 = DEFINITIONAL_REPRESENTATION('',(#4012),#4016);
#4012 = LINE('',#4013,#4014);
#4013 = CARTESIAN_POINT('',(-6.28318530718,2.5));
#4014 = VECTOR('',#4015,1.);
#4015 = DIRECTION('',(1.,0.));
#4016 = ( GEOMETRIC_REPRESENTATION_CONTEXT(2) 
PARAMETRIC_REPRESENTATION_CONTEXT() REPRESENTATION_CONTEXT('2D SPACE',''
  ) );
#4017 = PCURVE('',#4018,#4023);
#4018 = CONICAL_SURFACE('',#4019,2.5,0.785398163397);
#4019 = AXIS2_PLACEMENT_3D('',#4020,#4021,#4022);
#4020 = CARTESIAN_POINT('',(-33.87061973511,-51.075,2.96329525342));
#4021 = DIRECTION('',(0.,1.,0.));
#4022 = DIRECTION('',(1.,0.,0.));
#4023 = DEFINITIONAL_REPRESENTATION('',(#4024),#4028);
#4024 = LINE('',#4025,#4026);
#4025 = CARTESIAN_POINT('',(9.424777960769,7.499999999999E-02));
#4026 = VECTOR('',#4027,1.);
#4027 = DIRECTION('',(-1.,2.284842366177E-15));
#4028 = ( GEOMETRIC_REPRESENTATION_CONTEXT(2) 
PARAMETRIC_REPRESENTATION_CONTEXT() REPRESENTATION_CONTEXT('2D SPACE',''
  ) );
#4029 = ORIENTED_EDGE('',*,*,#4030,.F.);
#4030 = EDGE_CURVE('',#4031,#4000,#4033,.T.);
#4031 = VERTEX_POINT('',#4032);
#4032 = CARTESIAN_POINT('',(-31.43304830771,-53.2,3.793277504012));
#4033 = SURFACE_CURVE('',#4034,(#4038,#4045),.PCURVE_S1.);
#4034 = LINE('',#4035,#4036);
#4035 = CARTESIAN_POINT('',(-31.43304830771,-48.5,3.793277504012));
#4036 = VECTOR('',#4037,1.);
#4037 = DIRECTION('',(0.,1.,0.));
#4038 = PCURVE('',#2175,#4039);
#4039 = DEFINITIONAL_REPRESENTATION('',(#4040),#4044);
#4040 = LINE('',#4041,#4042);
#4041 = CARTESIAN_POINT('',(-2.81341000365,0.));
#4042 = VECTOR('',#4043,1.);
#4043 = DIRECTION('',(0.,-1.));
#4044 = ( GEOMETRIC_REPRESENTATION_CONTEXT(2) 
PARAMETRIC_REPRESENTATION_CONTEXT() REPRESENTATION_CONTEXT('2D SPACE',''
  ) );
#4045 = PCURVE('',#4046,#4051);
#4046 = PLANE('',#4047);
#4047 = AXIS2_PLACEMENT_3D('',#4048,#4049,#4050);
#4048 = CARTESIAN_POINT('',(-31.56563342129,-51.,3.716729452995));
#4049 = DIRECTION('',(0.5,0.,-0.866025403784));
#4050 = DIRECTION('',(0.866025403784,0.,0.5));
#4051 = DEFINITIONAL_REPRESENTATION('',(#4052),#4056);
#4052 = LINE('',#4053,#4054);
#4053 = CARTESIAN_POINT('',(0.153096102035,-2.5));
#4054 = VECTOR('',#4055,1.);
#4055 = DIRECTION('',(0.,-1.));
#4056 = ( GEOMETRIC_REPRESENTATION_CONTEXT(2) 
PARAMETRIC_REPRESENTATION_CONTEXT() REPRESENTATION_CONTEXT('2D SPACE',''
  ) );
#4057 = ORIENTED_EDGE('',*,*,#4058,.T.);
#4058 = EDGE_CURVE('',#4031,#4059,#4061,.T.);
#4059 = VERTEX_POINT('',#4060);
#4060 = CARTESIAN_POINT('',(-31.29561973512,-53.2,2.96329525342));
#4061 = SURFACE_CURVE('',#4062,(#4067,#4074),.PCURVE_S1.);
#4062 = CIRCLE('',#4063,2.575);
#4063 = AXIS2_PLACEMENT_3D('',#4064,#4065,#4066);
#4064 = CARTESIAN_POINT('',(-33.87061973511,-53.2,2.96329525342));
#4065 = DIRECTION('',(0.,1.,0.));
#4066 = DIRECTION('',(-1.,0.,0.));
#4067 = PCURVE('',#2175,#4068);
#4068 = DEFINITIONAL_REPRESENTATION('',(#4069),#4073);
#4069 = LINE('',#4070,#4071);
#4070 = CARTESIAN_POINT('',(0.,4.7));
#4071 = VECTOR('',#4072,1.);
#4072 = DIRECTION('',(-1.,0.));
#4073 = ( GEOMETRIC_REPRESENTATION_CONTEXT(2) 
PARAMETRIC_REPRESENTATION_CONTEXT() REPRESENTATION_CONTEXT('2D SPACE',''
  ) );
#4074 = PCURVE('',#4075,#4080);
#4075 = CONICAL_SURFACE('',#4076,1.825,0.785398163397);
#4076 = AXIS2_PLACEMENT_3D('',#4077,#4078,#4079);
#4077 = CARTESIAN_POINT('',(-33.87061973511,-53.95,2.96329525342));
#4078 = DIRECTION('',(0.,1.,0.));
#4079 = DIRECTION('',(-1.,0.,0.));
#4080 = DEFINITIONAL_REPRESENTATION('',(#4081),#4085);
#4081 = LINE('',#4082,#4083);
#4082 = CARTESIAN_POINT('',(6.28318530718,0.75));
#4083 = VECTOR('',#4084,1.);
#4084 = DIRECTION('',(1.,4.784203122775E-16));
#4085 = ( GEOMETRIC_REPRESENTATION_CONTEXT(2) 
PARAMETRIC_REPRESENTATION_CONTEXT() REPRESENTATION_CONTEXT('2D SPACE',''
  ) );
#4086 = ORIENTED_EDGE('',*,*,#4087,.T.);
#4087 = EDGE_CURVE('',#4059,#2138,#4088,.T.);
#4088 = SEAM_CURVE('',#4089,(#4093,#4100),.PCURVE_S1.);
#4089 = LINE('',#4090,#4091);
#4090 = CARTESIAN_POINT('',(-31.29561973512,-48.5,2.96329525342));
#4091 = VECTOR('',#4092,1.);
#4092 = DIRECTION('',(0.,1.,0.));
#4093 = PCURVE('',#2175,#4094);
#4094 = DEFINITIONAL_REPRESENTATION('',(#4095),#4099);
#4095 = LINE('',#4096,#4097);
#4096 = CARTESIAN_POINT('',(-3.14159265359,0.));
#4097 = VECTOR('',#4098,1.);
#4098 = DIRECTION('',(0.,-1.));
#4099 = ( GEOMETRIC_REPRESENTATION_CONTEXT(2) 
PARAMETRIC_REPRESENTATION_CONTEXT() REPRESENTATION_CONTEXT('2D SPACE',''
  ) );
#4100 = PCURVE('',#2175,#4101);
#4101 = DEFINITIONAL_REPRESENTATION('',(#4102),#4106);
#4102 = LINE('',#4103,#4104);
#4103 = CARTESIAN_POINT('',(3.14159265359,0.));
#4104 = VECTOR('',#4105,1.);
#4105 = DIRECTION('',(0.,-1.));
#4106 = ( GEOMETRIC_REPRESENTATION_CONTEXT(2) 
PARAMETRIC_REPRESENTATION_CONTEXT() REPRESENTATION_CONTEXT('2D SPACE',''
  ) );
#4107 = ORIENTED_EDGE('',*,*,#2160,.T.);
#4108 = ORIENTED_EDGE('',*,*,#4087,.F.);
#4109 = ORIENTED_EDGE('',*,*,#4110,.T.);
#4110 = EDGE_CURVE('',#4059,#4111,#4113,.T.);
#4111 = VERTEX_POINT('',#4112);
#4112 = CARTESIAN_POINT('',(-33.37061973511,-53.2,0.437305348452));
#4113 = SURFACE_CURVE('',#4114,(#4119,#4126),.PCURVE_S1.);
#4114 = CIRCLE('',#4115,2.575);
#4115 = AXIS2_PLACEMENT_3D('',#4116,#4117,#4118);
#4116 = CARTESIAN_POINT('',(-33.87061973511,-53.2,2.96329525342));
#4117 = DIRECTION('',(0.,1.,0.));
#4118 = DIRECTION('',(-1.,0.,0.));
#4119 = PCURVE('',#2175,#4120);
#4120 = DEFINITIONAL_REPRESENTATION('',(#4121),#4125);
#4121 = LINE('',#4122,#4123);
#4122 = CARTESIAN_POINT('',(6.28318530718,4.7));
#4123 = VECTOR('',#4124,1.);
#4124 = DIRECTION('',(-1.,0.));
#4125 = ( GEOMETRIC_REPRESENTATION_CONTEXT(2) 
PARAMETRIC_REPRESENTATION_CONTEXT() REPRESENTATION_CONTEXT('2D SPACE',''
  ) );
#4126 = PCURVE('',#4075,#4127);
#4127 = DEFINITIONAL_REPRESENTATION('',(#4128),#4132);
#4128 = LINE('',#4129,#4130);
#4129 = CARTESIAN_POINT('',(0.,0.75));
#4130 = VECTOR('',#4131,1.);
#4131 = DIRECTION('',(1.,3.424709307404E-16));
#4132 = ( GEOMETRIC_REPRESENTATION_CONTEXT(2) 
PARAMETRIC_REPRESENTATION_CONTEXT() REPRESENTATION_CONTEXT('2D SPACE',''
  ) );
#4133 = ORIENTED_EDGE('',*,*,#4134,.F.);
#4134 = EDGE_CURVE('',#4135,#4111,#4137,.T.);
#4135 = VERTEX_POINT('',#4136);
#4136 = CARTESIAN_POINT('',(-33.37061973511,-51.,0.437305348452));
#4137 = SURFACE_CURVE('',#4138,(#4142,#4149),.PCURVE_S1.);
#4138 = LINE('',#4139,#4140);
#4139 = CARTESIAN_POINT('',(-33.37061973511,-48.5,0.437305348452));
#4140 = VECTOR('',#4141,1.);
#4141 = DIRECTION('',(0.,-1.,0.));
#4142 = PCURVE('',#2175,#4143);
#4143 = DEFINITIONAL_REPRESENTATION('',(#4144),#4148);
#4144 = LINE('',#4145,#4146);
#4145 = CARTESIAN_POINT('',(1.766212452453,0.));
#4146 = VECTOR('',#4147,1.);
#4147 = DIRECTION('',(0.,1.));
#4148 = ( GEOMETRIC_REPRESENTATION_CONTEXT(2) 
PARAMETRIC_REPRESENTATION_CONTEXT() REPRESENTATION_CONTEXT('2D SPACE',''
  ) );
#4149 = PCURVE('',#4150,#4155);
#4150 = PLANE('',#4151);
#4151 = AXIS2_PLACEMENT_3D('',#4152,#4153,#4154);
#4152 = CARTESIAN_POINT('',(-33.37061973511,-51.,0.437305348452));
#4153 = DIRECTION('',(1.,0.,0.));
#4154 = DIRECTION('',(0.,0.,1.));
#4155 = DEFINITIONAL_REPRESENTATION('',(#4156),#4160);
#4156 = LINE('',#4157,#4158);
#4157 = CARTESIAN_POINT('',(0.,-2.5));
#4158 = VECTOR('',#4159,1.);
#4159 = DIRECTION('',(0.,1.));
#4160 = ( GEOMETRIC_REPRESENTATION_CONTEXT(2) 
PARAMETRIC_REPRESENTATION_CONTEXT() REPRESENTATION_CONTEXT('2D SPACE',''
  ) );
#4161 = ORIENTED_EDGE('',*,*,#4162,.F.);
#4162 = EDGE_CURVE('',#4163,#4135,#4165,.T.);
#4163 = VERTEX_POINT('',#4164);
#4164 = CARTESIAN_POINT('',(-34.37061973511,-51.,0.437305348452));
#4165 = SURFACE_CURVE('',#4166,(#4171,#4178),.PCURVE_S1.);
#4166 = CIRCLE('',#4167,2.575);
#4167 = AXIS2_PLACEMENT_3D('',#4168,#4169,#4170);
#4168 = CARTESIAN_POINT('',(-33.87061973511,-51.,2.96329525342));
#4169 = DIRECTION('',(0.,-1.,0.));
#4170 = DIRECTION('',(-1.,0.,0.));
#4171 = PCURVE('',#2175,#4172);
#4172 = DEFINITIONAL_REPRESENTATION('',(#4173),#4177);
#4173 = LINE('',#4174,#4175);
#4174 = CARTESIAN_POINT('',(0.,2.5));
#4175 = VECTOR('',#4176,1.);
#4176 = DIRECTION('',(1.,0.));
#4177 = ( GEOMETRIC_REPRESENTATION_CONTEXT(2) 
PARAMETRIC_REPRESENTATION_CONTEXT() REPRESENTATION_CONTEXT('2D SPACE',''
  ) );
#4178 = PCURVE('',#4179,#4184);
#4179 = CONICAL_SURFACE('',#4180,2.5,0.785398163397);
#4180 = AXIS2_PLACEMENT_3D('',#4181,#4182,#4183);
#4181 = CARTESIAN_POINT('',(-33.87061973511,-51.075,2.96329525342));
#4182 = DIRECTION('',(0.,1.,0.));
#4183 = DIRECTION('',(1.,0.,0.));
#4184 = DEFINITIONAL_REPRESENTATION('',(#4185),#4189);
#4185 = LINE('',#4186,#4187);
#4186 = CARTESIAN_POINT('',(3.14159265359,7.5E-02));
#4187 = VECTOR('',#4188,1.);
#4188 = DIRECTION('',(-1.,0.));
#4189 = ( GEOMETRIC_REPRESENTATION_CONTEXT(2) 
PARAMETRIC_REPRESENTATION_CONTEXT() REPRESENTATION_CONTEXT('2D SPACE',''
  ) );
#4190 = ORIENTED_EDGE('',*,*,#4191,.F.);
#4191 = EDGE_CURVE('',#4192,#4163,#4194,.T.);
#4192 = VERTEX_POINT('',#4193);
#4193 = CARTESIAN_POINT('',(-34.37061973511,-53.2,0.437305348452));
#4194 = SURFACE_CURVE('',#4195,(#4199,#4206),.PCURVE_S1.);
#4195 = LINE('',#4196,#4197);
#4196 = CARTESIAN_POINT('',(-34.37061973511,-48.5,0.437305348452));
#4197 = VECTOR('',#4198,1.);
#4198 = DIRECTION('',(0.,1.,0.));
#4199 = PCURVE('',#2175,#4200);
#4200 = DEFINITIONAL_REPRESENTATION('',(#4201),#4205);
#4201 = LINE('',#4202,#4203);
#4202 = CARTESIAN_POINT('',(1.375380201137,0.));
#4203 = VECTOR('',#4204,1.);
#4204 = DIRECTION('',(0.,-1.));
#4205 = ( GEOMETRIC_REPRESENTATION_CONTEXT(2) 
PARAMETRIC_REPRESENTATION_CONTEXT() REPRESENTATION_CONTEXT('2D SPACE',''
  ) );
#4206 = PCURVE('',#4207,#4212);
#4207 = PLANE('',#4208);
#4208 = AXIS2_PLACEMENT_3D('',#4209,#4210,#4211);
#4209 = CARTESIAN_POINT('',(-34.37061973511,-51.,0.590401450487));
#4210 = DIRECTION('',(-1.,0.,0.));
#4211 = DIRECTION('',(0.,0.,-1.));
#4212 = DEFINITIONAL_REPRESENTATION('',(#4213),#4217);
#4213 = LINE('',#4214,#4215);
#4214 = CARTESIAN_POINT('',(0.153096102034,-2.5));
#4215 = VECTOR('',#4216,1.);
#4216 = DIRECTION('',(0.,-1.));
#4217 = ( GEOMETRIC_REPRESENTATION_CONTEXT(2) 
PARAMETRIC_REPRESENTATION_CONTEXT() REPRESENTATION_CONTEXT('2D SPACE',''
  ) );
#4218 = ORIENTED_EDGE('',*,*,#4219,.T.);
#4219 = EDGE_CURVE('',#4192,#4220,#4222,.T.);
#4220 = VERTEX_POINT('',#4221);
#4221 = CARTESIAN_POINT('',(-36.30819116252,-53.2,3.793277504012));
#4222 = SURFACE_CURVE('',#4223,(#4228,#4235),.PCURVE_S1.);
#4223 = CIRCLE('',#4224,2.575);
#4224 = AXIS2_PLACEMENT_3D('',#4225,#4226,#4227);
#4225 = CARTESIAN_POINT('',(-33.87061973511,-53.2,2.96329525342));
#4226 = DIRECTION('',(0.,1.,0.));
#4227 = DIRECTION('',(-1.,0.,0.));
#4228 = PCURVE('',#2175,#4229);
#4229 = DEFINITIONAL_REPRESENTATION('',(#4230),#4234);
#4230 = LINE('',#4231,#4232);
#4231 = CARTESIAN_POINT('',(6.28318530718,4.7));
#4232 = VECTOR('',#4233,1.);
#4233 = DIRECTION('',(-1.,0.));
#4234 = ( GEOMETRIC_REPRESENTATION_CONTEXT(2) 
PARAMETRIC_REPRESENTATION_CONTEXT() REPRESENTATION_CONTEXT('2D SPACE',''
  ) );
#4235 = PCURVE('',#4075,#4236);
#4236 = DEFINITIONAL_REPRESENTATION('',(#4237),#4241);
#4237 = LINE('',#4238,#4239);
#4238 = CARTESIAN_POINT('',(0.,0.75));
#4239 = VECTOR('',#4240,1.);
#4240 = DIRECTION('',(1.,-3.686608821486E-16));
#4241 = ( GEOMETRIC_REPRESENTATION_CONTEXT(2) 
PARAMETRIC_REPRESENTATION_CONTEXT() REPRESENTATION_CONTEXT('2D SPACE',''
  ) );
#4242 = ORIENTED_EDGE('',*,*,#4243,.F.);
#4243 = EDGE_CURVE('',#4244,#4220,#4246,.T.);
#4244 = VERTEX_POINT('',#4245);
#4245 = CARTESIAN_POINT('',(-36.30819116252,-51.,3.793277504012));
#4246 = SURFACE_CURVE('',#4247,(#4251,#4258),.PCURVE_S1.);
#4247 = LINE('',#4248,#4249);
#4248 = CARTESIAN_POINT('',(-36.30819116252,-48.5,3.793277504012));
#4249 = VECTOR('',#4250,1.);
#4250 = DIRECTION('',(0.,-1.,0.));
#4251 = PCURVE('',#2175,#4252);
#4252 = DEFINITIONAL_REPRESENTATION('',(#4253),#4257);
#4253 = LINE('',#4254,#4255);
#4254 = CARTESIAN_POINT('',(-0.32818264994,0.));
#4255 = VECTOR('',#4256,1.);
#4256 = DIRECTION('',(0.,1.));
#4257 = ( GEOMETRIC_REPRESENTATION_CONTEXT(2) 
PARAMETRIC_REPRESENTATION_CONTEXT() REPRESENTATION_CONTEXT('2D SPACE',''
  ) );
#4258 = PCURVE('',#4259,#4264);
#4259 = PLANE('',#4260);
#4260 = AXIS2_PLACEMENT_3D('',#4261,#4262,#4263);
#4261 = CARTESIAN_POINT('',(-36.30819116252,-51.,3.793277504012));
#4262 = DIRECTION('',(-0.5,0.,-0.866025403784));
#4263 = DIRECTION('',(0.866025403784,0.,-0.5));
#4264 = DEFINITIONAL_REPRESENTATION('',(#4265),#4269);
#4265 = LINE('',#4266,#4267);
#4266 = CARTESIAN_POINT('',(0.,-2.5));
#4267 = VECTOR('',#4268,1.);
#4268 = DIRECTION('',(0.,1.));
#4269 = ( GEOMETRIC_REPRESENTATION_CONTEXT(2) 
PARAMETRIC_REPRESENTATION_CONTEXT() REPRESENTATION_CONTEXT('2D SPACE',''
  ) );
#4270 = ORIENTED_EDGE('',*,*,#4271,.F.);
#4271 = EDGE_CURVE('',#4272,#4244,#4274,.T.);
#4272 = VERTEX_POINT('',#4273);
#4273 = CARTESIAN_POINT('',(-35.80819116252,-51.,4.659302907797));
#4274 = SURFACE_CURVE('',#4275,(#4280,#4287),.PCURVE_S1.);
#4275 = CIRCLE('',#4276,2.575);
#4276 = AXIS2_PLACEMENT_3D('',#4277,#4278,#4279);
#4277 = CARTESIAN_POINT('',(-33.87061973511,-51.,2.96329525342));
#4278 = DIRECTION('',(0.,-1.,0.));
#4279 = DIRECTION('',(-1.,0.,0.));
#4280 = PCURVE('',#2175,#4281);
#4281 = DEFINITIONAL_REPRESENTATION('',(#4282),#4286);
#4282 = LINE('',#4283,#4284);
#4283 = CARTESIAN_POINT('',(-6.28318530718,2.5));
#4284 = VECTOR('',#4285,1.);
#4285 = DIRECTION('',(1.,0.));
#4286 = ( GEOMETRIC_REPRESENTATION_CONTEXT(2) 
PARAMETRIC_REPRESENTATION_CONTEXT() REPRESENTATION_CONTEXT('2D SPACE',''
  ) );
#4287 = PCURVE('',#4288,#4293);
#4288 = CONICAL_SURFACE('',#4289,2.5,0.785398163397);
#4289 = AXIS2_PLACEMENT_3D('',#4290,#4291,#4292);
#4290 = CARTESIAN_POINT('',(-33.87061973511,-51.075,2.96329525342));
#4291 = DIRECTION('',(0.,1.,0.));
#4292 = DIRECTION('',(-1.,0.,0.));
#4293 = DEFINITIONAL_REPRESENTATION('',(#4294),#4298);
#4294 = LINE('',#4295,#4296);
#4295 = CARTESIAN_POINT('',(6.28318530718,7.500000000001E-02));
#4296 = VECTOR('',#4297,1.);
#4297 = DIRECTION('',(-1.,-1.707354735165E-15));
#4298 = ( GEOMETRIC_REPRESENTATION_CONTEXT(2) 
PARAMETRIC_REPRESENTATION_CONTEXT() REPRESENTATION_CONTEXT('2D SPACE',''
  ) );
#4299 = ORIENTED_EDGE('',*,*,#4300,.F.);
#4300 = EDGE_CURVE('',#4301,#4272,#4303,.T.);
#4301 = VERTEX_POINT('',#4302);
#4302 = CARTESIAN_POINT('',(-35.80819116252,-53.2,4.659302907797));
#4303 = SURFACE_CURVE('',#4304,(#4308,#4315),.PCURVE_S1.);
#4304 = LINE('',#4305,#4306);
#4305 = CARTESIAN_POINT('',(-35.80819116252,-48.5,4.659302907797));
#4306 = VECTOR('',#4307,1.);
#4307 = DIRECTION('',(0.,1.,0.));
#4308 = PCURVE('',#2175,#4309);
#4309 = DEFINITIONAL_REPRESENTATION('',(#4310),#4314);
#4310 = LINE('',#4311,#4312);
#4311 = CARTESIAN_POINT('',(-0.719014901257,0.));
#4312 = VECTOR('',#4313,1.);
#4313 = DIRECTION('',(0.,-1.));
#4314 = ( GEOMETRIC_REPRESENTATION_CONTEXT(2) 
PARAMETRIC_REPRESENTATION_CONTEXT() REPRESENTATION_CONTEXT('2D SPACE',''
  ) );
#4315 = PCURVE('',#4316,#4321);
#4316 = PLANE('',#4317);
#4317 = AXIS2_PLACEMENT_3D('',#4318,#4319,#4320);
#4318 = CARTESIAN_POINT('',(-35.67560604894,-51.,4.582754856779));
#4319 = DIRECTION('',(0.5,0.,0.866025403784));
#4320 = DIRECTION('',(-0.866025403784,0.,0.5));
#4321 = DEFINITIONAL_REPRESENTATION('',(#4322),#4326);
#4322 = LINE('',#4323,#4324);
#4323 = CARTESIAN_POINT('',(0.153096102034,-2.5));
#4324 = VECTOR('',#4325,1.);
#4325 = DIRECTION('',(0.,-1.));
#4326 = ( GEOMETRIC_REPRESENTATION_CONTEXT(2) 
PARAMETRIC_REPRESENTATION_CONTEXT() REPRESENTATION_CONTEXT('2D SPACE',''
  ) );
#4327 = ORIENTED_EDGE('',*,*,#4328,.T.);
#4328 = EDGE_CURVE('',#4301,#4329,#4331,.T.);
#4329 = VERTEX_POINT('',#4330);
#4330 = CARTESIAN_POINT('',(-31.93304830771,-53.2,4.659302907797));
#4331 = SURFACE_CURVE('',#4332,(#4337,#4344),.PCURVE_S1.);
#4332 = CIRCLE('',#4333,2.575);
#4333 = AXIS2_PLACEMENT_3D('',#4334,#4335,#4336);
#4334 = CARTESIAN_POINT('',(-33.87061973511,-53.2,2.96329525342));
#4335 = DIRECTION('',(0.,1.,0.));
#4336 = DIRECTION('',(-1.,0.,0.));
#4337 = PCURVE('',#2175,#4338);
#4338 = DEFINITIONAL_REPRESENTATION('',(#4339),#4343);
#4339 = LINE('',#4340,#4341);
#4340 = CARTESIAN_POINT('',(-1.110223024625E-16,4.7));
#4341 = VECTOR('',#4342,1.);
#4342 = DIRECTION('',(-1.,0.));
#4343 = ( GEOMETRIC_REPRESENTATION_CONTEXT(2) 
PARAMETRIC_REPRESENTATION_CONTEXT() REPRESENTATION_CONTEXT('2D SPACE',''
  ) );
#4344 = PCURVE('',#4075,#4345);
#4345 = DEFINITIONAL_REPRESENTATION('',(#4346),#4350);
#4346 = LINE('',#4347,#4348);
#4347 = CARTESIAN_POINT('',(6.28318530718,0.75));
#4348 = VECTOR('',#4349,1.);
#4349 = DIRECTION('',(1.,4.608261026857E-16));
#4350 = ( GEOMETRIC_REPRESENTATION_CONTEXT(2) 
PARAMETRIC_REPRESENTATION_CONTEXT() REPRESENTATION_CONTEXT('2D SPACE',''
  ) );
#4351 = ORIENTED_EDGE('',*,*,#4352,.F.);
#4352 = EDGE_CURVE('',#4002,#4329,#4353,.T.);
#4353 = SURFACE_CURVE('',#4354,(#4358,#4365),.PCURVE_S1.);
#4354 = LINE('',#4355,#4356);
#4355 = CARTESIAN_POINT('',(-31.93304830771,-48.5,4.659302907797));
#4356 = VECTOR('',#4357,1.);
#4357 = DIRECTION('',(0.,-1.,0.));
#4358 = PCURVE('',#2175,#4359);
#4359 = DEFINITIONAL_REPRESENTATION('',(#4360),#4364);
#4360 = LINE('',#4361,#4362);
#4361 = CARTESIAN_POINT('',(-2.422577752333,0.));
#4362 = VECTOR('',#4363,1.);
#4363 = DIRECTION('',(0.,1.));
#4364 = ( GEOMETRIC_REPRESENTATION_CONTEXT(2) 
PARAMETRIC_REPRESENTATION_CONTEXT() REPRESENTATION_CONTEXT('2D SPACE',''
  ) );
#4365 = PCURVE('',#4366,#4371);
#4366 = PLANE('',#4367);
#4367 = AXIS2_PLACEMENT_3D('',#4368,#4369,#4370);
#4368 = CARTESIAN_POINT('',(-31.93304830771,-51.,4.659302907797));
#4369 = DIRECTION('',(-0.5,0.,0.866025403784));
#4370 = DIRECTION('',(-0.866025403784,0.,-0.5));
#4371 = DEFINITIONAL_REPRESENTATION('',(#4372),#4376);
#4372 = LINE('',#4373,#4374);
#4373 = CARTESIAN_POINT('',(0.,-2.5));
#4374 = VECTOR('',#4375,1.);
#4375 = DIRECTION('',(-0.,1.));
#4376 = ( GEOMETRIC_REPRESENTATION_CONTEXT(2) 
PARAMETRIC_REPRESENTATION_CONTEXT() REPRESENTATION_CONTEXT('2D SPACE',''
  ) );
#4377 = ADVANCED_FACE('',(#4378),#2216,.T.);
#4378 = FACE_BOUND('',#4379,.F.);
#4379 = EDGE_LOOP('',(#4380,#4403,#4434,#4435));
#4380 = ORIENTED_EDGE('',*,*,#4381,.F.);
#4381 = EDGE_CURVE('',#4382,#2196,#4384,.T.);
#4382 = VERTEX_POINT('',#4383);
#4383 = CARTESIAN_POINT('',(29.2,-69.7,0.));
#4384 = SEAM_CURVE('',#4385,(#4389,#4396),.PCURVE_S1.);
#4385 = LINE('',#4386,#4387);
#4386 = CARTESIAN_POINT('',(29.2,-59.2,0.));
#4387 = VECTOR('',#4388,1.);
#4388 = DIRECTION('',(0.,-1.,0.));
#4389 = PCURVE('',#2216,#4390);
#4390 = DEFINITIONAL_REPRESENTATION('',(#4391),#4395);
#4391 = LINE('',#4392,#4393);
#4392 = CARTESIAN_POINT('',(-0.,0.));
#4393 = VECTOR('',#4394,1.);
#4394 = DIRECTION('',(-0.,1.));
#4395 = ( GEOMETRIC_REPRESENTATION_CONTEXT(2) 
PARAMETRIC_REPRESENTATION_CONTEXT() REPRESENTATION_CONTEXT('2D SPACE',''
  ) );
#4396 = PCURVE('',#2216,#4397);
#4397 = DEFINITIONAL_REPRESENTATION('',(#4398),#4402);
#4398 = LINE('',#4399,#4400);
#4399 = CARTESIAN_POINT('',(-6.28318530718,0.));
#4400 = VECTOR('',#4401,1.);
#4401 = DIRECTION('',(-0.,1.));
#4402 = ( GEOMETRIC_REPRESENTATION_CONTEXT(2) 
PARAMETRIC_REPRESENTATION_CONTEXT() REPRESENTATION_CONTEXT('2D SPACE',''
  ) );
#4403 = ORIENTED_EDGE('',*,*,#4404,.F.);
#4404 = EDGE_CURVE('',#4382,#4382,#4405,.T.);
#4405 = SURFACE_CURVE('',#4406,(#4411,#4418),.PCURVE_S1.);
#4406 = CIRCLE('',#4407,29.2);
#4407 = AXIS2_PLACEMENT_3D('',#4408,#4409,#4410);
#4408 = CARTESIAN_POINT('',(0.,-69.7,0.));
#4409 = DIRECTION('',(-0.,-1.,0.));
#4410 = DIRECTION('',(1.,-0.,0.));
#4411 = PCURVE('',#2216,#4412);
#4412 = DEFINITIONAL_REPRESENTATION('',(#4413),#4417);
#4413 = LINE('',#4414,#4415);
#4414 = CARTESIAN_POINT('',(-6.28318530718,10.5));
#4415 = VECTOR('',#4416,1.);
#4416 = DIRECTION('',(1.,-0.));
#4417 = ( GEOMETRIC_REPRESENTATION_CONTEXT(2) 
PARAMETRIC_REPRESENTATION_CONTEXT() REPRESENTATION_CONTEXT('2D SPACE',''
  ) );
#4418 = PCURVE('',#4419,#4424);
#4419 = PLANE('',#4420);
#4420 = AXIS2_PLACEMENT_3D('',#4421,#4422,#4423);
#4421 = CARTESIAN_POINT('',(0.,-69.7,0.));
#4422 = DIRECTION('',(0.,1.,0.));
#4423 = DIRECTION('',(1.,0.,0.));
#4424 = DEFINITIONAL_REPRESENTATION('',(#4425),#4433);
#4425 = ( BOUNDED_CURVE() B_SPLINE_CURVE(2,(#4426,#4427,#4428,#4429,
#4430,#4431,#4432),.UNSPECIFIED.,.T.,.F.) B_SPLINE_CURVE_WITH_KNOTS((1,2
    ,2,2,2,1),(-2.094395102393,0.,2.094395102393,4.188790204786,
6.28318530718,8.377580409573),.UNSPECIFIED.) CURVE() 
GEOMETRIC_REPRESENTATION_ITEM() RATIONAL_B_SPLINE_CURVE((1.,0.5,1.,0.5,
1.,0.5,1.)) REPRESENTATION_ITEM('') );
#4426 = CARTESIAN_POINT('',(29.2,0.));
#4427 = CARTESIAN_POINT('',(29.2,-50.57588358101));
#4428 = CARTESIAN_POINT('',(-14.6,-25.2879417905));
#4429 = CARTESIAN_POINT('',(-58.4,-7.151937307021E-15));
#4430 = CARTESIAN_POINT('',(-14.6,25.287941790506));
#4431 = CARTESIAN_POINT('',(29.2,50.575883581011));
#4432 = CARTESIAN_POINT('',(29.2,0.));
#4433 = ( GEOMETRIC_REPRESENTATION_CONTEXT(2) 
PARAMETRIC_REPRESENTATION_CONTEXT() REPRESENTATION_CONTEXT('2D SPACE',''
  ) );
#4434 = ORIENTED_EDGE('',*,*,#4381,.T.);
#4435 = ORIENTED_EDGE('',*,*,#2195,.T.);
#4436 = ADVANCED_FACE('',(#4437),#2268,.F.);
#4437 = FACE_BOUND('',#4438,.F.);
#4438 = EDGE_LOOP('',(#4439,#4460,#4461,#4462));
#4439 = ORIENTED_EDGE('',*,*,#4440,.F.);
#4440 = EDGE_CURVE('',#3118,#2288,#4441,.T.);
#4441 = SURFACE_CURVE('',#4442,(#4446,#4453),.PCURVE_S1.);
#4442 = LINE('',#4443,#4444);
#4443 = CARTESIAN_POINT('',(0.2,-50.5,40.616217630975));
#4444 = VECTOR('',#4445,1.);
#4445 = DIRECTION('',(0.,0.,1.));
#4446 = PCURVE('',#2268,#4447);
#4447 = DEFINITIONAL_REPRESENTATION('',(#4448),#4452);
#4448 = LINE('',#4449,#4450);
#4449 = CARTESIAN_POINT('',(-0.785398163397,0.));
#4450 = VECTOR('',#4451,1.);
#4451 = DIRECTION('',(0.,1.));
#4452 = ( GEOMETRIC_REPRESENTATION_CONTEXT(2) 
PARAMETRIC_REPRESENTATION_CONTEXT() REPRESENTATION_CONTEXT('2D SPACE',''
  ) );
#4453 = PCURVE('',#2355,#4454);
#4454 = DEFINITIONAL_REPRESENTATION('',(#4455),#4459);
#4455 = LINE('',#4456,#4457);
#4456 = CARTESIAN_POINT('',(0.2,0.366217630975));
#4457 = VECTOR('',#4458,1.);
#4458 = DIRECTION('',(0.,1.));
#4459 = ( GEOMETRIC_REPRESENTATION_CONTEXT(2) 
PARAMETRIC_REPRESENTATION_CONTEXT() REPRESENTATION_CONTEXT('2D SPACE',''
  ) );
#4460 = ORIENTED_EDGE('',*,*,#3117,.T.);
#4461 = ORIENTED_EDGE('',*,*,#2254,.F.);
#4462 = ORIENTED_EDGE('',*,*,#2287,.F.);
#4463 = ADVANCED_FACE('',(#4464),#2355,.F.);
#4464 = FACE_BOUND('',#4465,.T.);
#4465 = EDGE_LOOP('',(#4466,#4467,#4468,#4489));
#4466 = ORIENTED_EDGE('',*,*,#4440,.F.);
#4467 = ORIENTED_EDGE('',*,*,#3210,.F.);
#4468 = ORIENTED_EDGE('',*,*,#4469,.F.);
#4469 = EDGE_CURVE('',#2339,#3165,#4470,.T.);
#4470 = SURFACE_CURVE('',#4471,(#4475,#4482),.PCURVE_S1.);
#4471 = LINE('',#4472,#4473);
#4472 = CARTESIAN_POINT('',(-0.2,-50.5,40.475));
#4473 = VECTOR('',#4474,1.);
#4474 = DIRECTION('',(0.,0.,-1.));
#4475 = PCURVE('',#2355,#4476);
#4476 = DEFINITIONAL_REPRESENTATION('',(#4477),#4481);
#4477 = LINE('',#4478,#4479);
#4478 = CARTESIAN_POINT('',(-0.2,0.225));
#4479 = VECTOR('',#4480,1.);
#4480 = DIRECTION('',(0.,-1.));
#4481 = ( GEOMETRIC_REPRESENTATION_CONTEXT(2) 
PARAMETRIC_REPRESENTATION_CONTEXT() REPRESENTATION_CONTEXT('2D SPACE',''
  ) );
#4482 = PCURVE('',#2412,#4483);
#4483 = DEFINITIONAL_REPRESENTATION('',(#4484),#4488);
#4484 = LINE('',#4485,#4486);
#4485 = CARTESIAN_POINT('',(5.497787143782,0.));
#4486 = VECTOR('',#4487,1.);
#4487 = DIRECTION('',(0.,1.));
#4488 = ( GEOMETRIC_REPRESENTATION_CONTEXT(2) 
PARAMETRIC_REPRESENTATION_CONTEXT() REPRESENTATION_CONTEXT('2D SPACE',''
  ) );
#4489 = ORIENTED_EDGE('',*,*,#2338,.F.);
#4490 = ADVANCED_FACE('',(#4491),#2412,.F.);
#4491 = FACE_BOUND('',#4492,.F.);
#4492 = EDGE_LOOP('',(#4493,#4494,#4495,#4496));
#4493 = ORIENTED_EDGE('',*,*,#4469,.F.);
#4494 = ORIENTED_EDGE('',*,*,#2367,.F.);
#4495 = ORIENTED_EDGE('',*,*,#3091,.F.);
#4496 = ORIENTED_EDGE('',*,*,#3164,.F.);
#4497 = ADVANCED_FACE('',(#4498),#2716,.T.);
#4498 = FACE_BOUND('',#4499,.T.);
#4499 = EDGE_LOOP('',(#4500,#4577,#4606,#4680));
#4500 = ORIENTED_EDGE('',*,*,#4501,.T.);
#4501 = EDGE_CURVE('',#2694,#4502,#4504,.T.);
#4502 = VERTEX_POINT('',#4503);
#4503 = CARTESIAN_POINT('',(-3.246026949749,-58.2,-30.19713505088));
#4504 = SURFACE_CURVE('',#4505,(#4519,#4548),.PCURVE_S1.);
#4505 = B_SPLINE_CURVE_WITH_KNOTS('',3,(#4506,#4507,#4508,#4509,#4510,
    #4511,#4512,#4513,#4514,#4515,#4516,#4517,#4518),.UNSPECIFIED.,.F.,
  .F.,(4,2,3,2,2,4),(3.184363011296,3.394194497243,3.669142369557,
    3.918382246675,4.167622123793,4.194421466191),.UNSPECIFIED.);
#4506 = CARTESIAN_POINT('',(-4.113679807774,-51.50000000392,
    -36.84211865324));
#4507 = CARTESIAN_POINT('',(-4.439284806535,-51.93223822276,
    -36.3708382909));
#4508 = CARTESIAN_POINT('',(-4.678230510155,-52.41892084792,
    -35.84882825189));
#4509 = CARTESIAN_POINT('',(-5.013742760561,-53.59108105266,
    -34.61996334637));
#4510 = CARTESIAN_POINT('',(-5.040941439935,-54.29266602031,
    -33.90571837879));
#4511 = CARTESIAN_POINT('',(-4.945638741412,-54.94072437026,
    -33.26470588235));
#4512 = CARTESIAN_POINT('',(-4.859246973151,-55.52818839443,
    -32.68362891492));
#4513 = CARTESIAN_POINT('',(-4.658312443922,-56.16670063893,
    -32.06874265879));
#4514 = CARTESIAN_POINT('',(-4.003117296783,-57.38080453134,
    -30.93329427142));
#4515 = CARTESIAN_POINT('',(-3.549886427757,-57.95651578676,
    -30.41226611496));
#4516 = CARTESIAN_POINT('',(-2.940107441522,-58.47207980203,
    -29.9550966742));
#4517 = CARTESIAN_POINT('',(-2.878609965045,-58.52188266704,
    -29.91104571601));
#4518 = CARTESIAN_POINT('',(-2.814899495461,-58.57106781186,
    -29.86764705882));
#4519 = PCURVE('',#2716,#4520);
#4520 = DEFINITIONAL_REPRESENTATION('',(#4521),#4547);
#4521 = B_SPLINE_CURVE_WITH_KNOTS('',3,(#4522,#4523,#4524,#4525,#4526,
    #4527,#4528,#4529,#4530,#4531,#4532,#4533,#4534,#4535,#4536,#4537,
    #4538,#4539,#4540,#4541,#4542,#4543,#4544,#4545,#4546),
  .UNSPECIFIED.,.F.,.F.,(4,1,1,1,1,1,1,1,1,1,1,1,1,1,1,1,1,1,1,1,1,1,4),
  (3.184363011296,3.230274759246,3.276186507195,3.322098255145,
    3.368010003095,3.413921751045,3.459833498995,3.505745246944,
    3.551656994894,3.597568742844,3.643480490794,3.689392238743,
    3.735303986693,3.781215734643,3.827127482593,3.873039230543,
    3.918950978492,3.964862726442,4.010774474392,4.056686222342,
    4.102597970292,4.148509718241,4.194421466191),
  .QUASI_UNIFORM_KNOTS.);
#4522 = CARTESIAN_POINT('',(3.252789057098,3.535533902003));
#4523 = CARTESIAN_POINT('',(3.255007363537,3.440959685164));
#4524 = CARTESIAN_POINT('',(3.259271155914,3.246601477447));
#4525 = CARTESIAN_POINT('',(3.265119827335,2.941549118362));
#4526 = CARTESIAN_POINT('',(3.270394081204,2.625092017245));
#4527 = CARTESIAN_POINT('',(3.275062473817,2.29935437149));
#4528 = CARTESIAN_POINT('',(3.279087577358,1.966473886081));
#4529 = CARTESIAN_POINT('',(3.282437608281,1.628534909128));
#4530 = CARTESIAN_POINT('',(3.285121520943,1.288059232342));
#4531 = CARTESIAN_POINT('',(3.287140580286,0.947474199898));
#4532 = CARTESIAN_POINT('',(3.288497594493,0.609522594983));
#4533 = CARTESIAN_POINT('',(3.289193237309,0.275939913051));
#4534 = CARTESIAN_POINT('',(3.289234302157,-4.767322390386E-02));
#4535 = CARTESIAN_POINT('',(3.288603445835,-0.381280215109));
#4536 = CARTESIAN_POINT('',(3.287247260383,-0.720564644878));
#4537 = CARTESIAN_POINT('',(3.285116289167,-1.062803145017));
#4538 = CARTESIAN_POINT('',(3.282157869626,-1.404807514745));
#4539 = CARTESIAN_POINT('',(3.278316808553,-1.743459240333));
#4540 = CARTESIAN_POINT('',(3.273543807071,-2.075598417272));
#4541 = CARTESIAN_POINT('',(3.267840286804,-2.398383016288));
#4542 = CARTESIAN_POINT('',(3.261208881301,-2.708805481755));
#4543 = CARTESIAN_POINT('',(3.253645005329,-3.004190311615));
#4544 = CARTESIAN_POINT('',(3.245198430955,-3.280522310994));
#4545 = CARTESIAN_POINT('',(3.238894114208,-3.452611659356));
#4546 = CARTESIAN_POINT('',(3.235560866006,-3.535533905933));
#4547 = ( GEOMETRIC_REPRESENTATION_CONTEXT(2) 
PARAMETRIC_REPRESENTATION_CONTEXT() REPRESENTATION_CONTEXT('2D SPACE',''
  ) );
#4548 = PCURVE('',#2879,#4549);
#4549 = DEFINITIONAL_REPRESENTATION('',(#4550),#4576);
#4550 = B_SPLINE_CURVE_WITH_KNOTS('',3,(#4551,#4552,#4553,#4554,#4555,
    #4556,#4557,#4558,#4559,#4560,#4561,#4562,#4563,#4564,#4565,#4566,
    #4567,#4568,#4569,#4570,#4571,#4572,#4573,#4574,#4575),
  .UNSPECIFIED.,.F.,.F.,(4,1,1,1,1,1,1,1,1,1,1,1,1,1,1,1,1,1,1,1,1,1,4),
  (3.184363011296,3.230274759246,3.276186507195,3.322098255145,
    3.368010003095,3.413921751045,3.459833498995,3.505745246944,
    3.551656994894,3.597568742844,3.643480490794,3.689392238743,
    3.735303986693,3.781215734643,3.827127482593,3.873039230543,
    3.918950978492,3.964862726442,4.010774474392,4.056686222342,
    4.102597970292,4.148509718241,4.194421466191),
  .QUASI_UNIFORM_KNOTS.);
#4551 = CARTESIAN_POINT('',(5.316977677469,3.929301328753E-09));
#4552 = CARTESIAN_POINT('',(5.291913656123,9.457500094573E-02));
#4553 = CARTESIAN_POINT('',(5.241918080162,0.288938016209));
#4554 = CARTESIAN_POINT('',(5.167410841814,0.593999130741));
#4555 = CARTESIAN_POINT('',(5.093468513363,0.910454316765));
#4556 = CARTESIAN_POINT('',(5.020204672955,1.236181222448));
#4557 = CARTESIAN_POINT('',(4.9477490666,1.569056870801));
#4558 = CARTESIAN_POINT('',(4.876188428361,1.907047913261));
#4559 = CARTESIAN_POINT('',(4.80558808065,2.247561964447));
#4560 = CARTESIAN_POINT('',(4.736073232661,2.588148592948));
#4561 = CARTESIAN_POINT('',(4.667863373237,2.926064550415));
#4562 = CARTESIAN_POINT('',(4.601001487946,3.259595902283));
#4563 = CARTESIAN_POINT('',(4.536316150011,3.58320427579));
#4564 = CARTESIAN_POINT('',(4.469506008377,3.916862348197));
#4565 = CARTESIAN_POINT('',(4.401096600266,4.256180722852));
#4566 = CARTESIAN_POINT('',(4.331275513837,4.598411849064));
#4567 = CARTESIAN_POINT('',(4.260281568823,4.940369247525));
#4568 = CARTESIAN_POINT('',(4.188279022781,5.278980307431));
#4569 = CARTESIAN_POINT('',(4.115369844357,5.611155884056));
#4570 = CARTESIAN_POINT('',(4.041648439142,5.933975900352));
#4571 = CARTESIAN_POINT('',(3.967242446124,6.244404124659));
#4572 = CARTESIAN_POINT('',(3.892157900584,6.539760422296));
#4573 = CARTESIAN_POINT('',(3.816778925864,6.81605642528));
#4574 = CARTESIAN_POINT('',(3.765554739556,6.988139209664));
#4575 = CARTESIAN_POINT('',(3.7395796163,7.071067811865));
#4576 = ( GEOMETRIC_REPRESENTATION_CONTEXT(2) 
PARAMETRIC_REPRESENTATION_CONTEXT() REPRESENTATION_CONTEXT('2D SPACE',''
  ) );
#4577 = ORIENTED_EDGE('',*,*,#4578,.T.);
#4578 = EDGE_CURVE('',#4502,#4579,#4581,.T.);
#4579 = VERTEX_POINT('',#4580);
#4580 = CARTESIAN_POINT('',(-30.36513572504,-58.2,-0.601821102992));
#4581 = SURFACE_CURVE('',#4582,(#4587,#4594),.PCURVE_S1.);
#4582 = CIRCLE('',#4583,30.371067811865);
#4583 = AXIS2_PLACEMENT_3D('',#4584,#4585,#4586);
#4584 = CARTESIAN_POINT('',(0.,-58.2,0.));
#4585 = DIRECTION('',(0.,1.,0.));
#4586 = DIRECTION('',(1.653892159486E-15,-0.,1.));
#4587 = PCURVE('',#2716,#4588);
#4588 = DEFINITIONAL_REPRESENTATION('',(#4589),#4593);
#4589 = LINE('',#4590,#4591);
#4590 = CARTESIAN_POINT('',(0.,-3.164466094067));
#4591 = VECTOR('',#4592,1.);
#4592 = DIRECTION('',(1.,0.));
#4593 = ( GEOMETRIC_REPRESENTATION_CONTEXT(2) 
PARAMETRIC_REPRESENTATION_CONTEXT() REPRESENTATION_CONTEXT('2D SPACE',''
  ) );
#4594 = PCURVE('',#4595,#4600);
#4595 = PLANE('',#4596);
#4596 = AXIS2_PLACEMENT_3D('',#4597,#4598,#4599);
#4597 = CARTESIAN_POINT('',(0.,-58.2,0.));
#4598 = DIRECTION('',(0.,1.,0.));
#4599 = DIRECTION('',(1.,0.,0.));
#4600 = DEFINITIONAL_REPRESENTATION('',(#4601),#4605);
#4601 = CIRCLE('',#4602,30.371067811865);
#4602 = AXIS2_PLACEMENT_2D('',#4603,#4604);
#4603 = CARTESIAN_POINT('',(0.,0.));
#4604 = DIRECTION('',(1.653892159486E-15,-1.));
#4605 = ( GEOMETRIC_REPRESENTATION_CONTEXT(2) 
PARAMETRIC_REPRESENTATION_CONTEXT() REPRESENTATION_CONTEXT('2D SPACE',''
  ) );
#4606 = ORIENTED_EDGE('',*,*,#4607,.T.);
#4607 = EDGE_CURVE('',#4579,#2696,#4608,.T.);
#4608 = SURFACE_CURVE('',#4609,(#4622,#4651),.PCURVE_S1.);
#4609 = B_SPLINE_CURVE_WITH_KNOTS('',3,(#4610,#4611,#4612,#4613,#4614,
    #4615,#4616,#4617,#4618,#4619,#4620,#4621),.UNSPECIFIED.,.F.,.F.,(4,
    2,2,2,2,4),(1.140308491047,1.167107833445,1.416347710563,
    1.665587587681,1.940535459995,2.150366946578),.UNSPECIFIED.);
#4610 = CARTESIAN_POINT('',(-29.99932630076,-58.57106781186,
    -0.201050989503));
#4611 = CARTESIAN_POINT('',(-30.04811254625,-58.52188266704,
    -0.260736579313));
#4612 = CARTESIAN_POINT('',(-30.09735573549,-58.47207980203,
    -0.318160745346));
#4613 = CARTESIAN_POINT('',(-30.60593124896,-57.95651578676,
    -0.885774396269));
#4614 = CARTESIAN_POINT('',(-31.16447840901,-57.38080453134,
    -1.291869989037));
#4615 = CARTESIAN_POINT('',(-32.35271009216,-56.16670063893,
    -1.845611073279));
#4616 = CARTESIAN_POINT('',(-32.98276911858,-55.52818839443,
    -1.992190117602));
#4617 = CARTESIAN_POINT('',(-34.21604387929,-54.29266602031,
    -2.066681067157));
#4618 = CARTESIAN_POINT('',(-34.92520040803,-53.59108105266,
    -1.977335336316));
#4619 = CARTESIAN_POINT('',(-36.12014729376,-52.41892084638,
    -1.535997177162));
#4620 = CARTESIAN_POINT('',(-36.61934543815,-51.93223821981,
    -1.252464560261));
#4621 = CARTESIAN_POINT('',(-37.06045409191,-51.5,-0.887023795208));
#4622 = PCURVE('',#2716,#4623);
#4623 = DEFINITIONAL_REPRESENTATION('',(#4624),#4650);
#4624 = B_SPLINE_CURVE_WITH_KNOTS('',3,(#4625,#4626,#4627,#4628,#4629,
    #4630,#4631,#4632,#4633,#4634,#4635,#4636,#4637,#4638,#4639,#4640,
    #4641,#4642,#4643,#4644,#4645,#4646,#4647,#4648,#4649),
  .UNSPECIFIED.,.F.,.F.,(4,1,1,1,1,1,1,1,1,1,1,1,1,1,1,1,1,1,1,1,1,1,4),
  (1.140308491047,1.186220239025,1.232131987004,1.278043734983,
    1.323955482962,1.36986723094,1.415778978919,1.461690726898,
    1.507602474876,1.553514222855,1.599425970834,1.645337718812,
    1.691249466791,1.73716121477,1.783072962748,1.828984710727,
    1.874896458706,1.920808206684,1.966719954663,2.012631702642,
    2.058543450621,2.104455198599,2.150366946578),
  .QUASI_UNIFORM_KNOTS.);
#4625 = CARTESIAN_POINT('',(4.705687230568,-3.535533905933));
#4626 = CARTESIAN_POINT('',(4.702353982364,-3.452611659305));
#4627 = CARTESIAN_POINT('',(4.696049665614,-3.280522310831));
#4628 = CARTESIAN_POINT('',(4.687603091235,-3.004190311258));
#4629 = CARTESIAN_POINT('',(4.68003921526,-2.708805481185));
#4630 = CARTESIAN_POINT('',(4.673407809755,-2.398383015492));
#4631 = CARTESIAN_POINT('',(4.667704289487,-2.075598416242));
#4632 = CARTESIAN_POINT('',(4.662931288004,-1.743459239066));
#4633 = CARTESIAN_POINT('',(4.659090226933,-1.404807513244));
#4634 = CARTESIAN_POINT('',(4.656131807394,-1.062803143291));
#4635 = CARTESIAN_POINT('',(4.654000836181,-0.720564642945));
#4636 = CARTESIAN_POINT('',(4.652644650733,-0.381280212982));
#4637 = CARTESIAN_POINT('',(4.652013794415,-4.767322163866E-02));
#4638 = CARTESIAN_POINT('',(4.652054859267,0.275939915527));
#4639 = CARTESIAN_POINT('',(4.65275050209,0.609522597735));
#4640 = CARTESIAN_POINT('',(4.654107516303,0.947474202891));
#4641 = CARTESIAN_POINT('',(4.656126575654,1.288059235561));
#4642 = CARTESIAN_POINT('',(4.658810488323,1.628534912549));
#4643 = CARTESIAN_POINT('',(4.662160519256,1.966473889675));
#4644 = CARTESIAN_POINT('',(4.666185622807,2.299354375226));
#4645 = CARTESIAN_POINT('',(4.670854015429,2.625092021091));
#4646 = CARTESIAN_POINT('',(4.676128269309,2.941549122279));
#4647 = CARTESIAN_POINT('',(4.681976940742,3.246601481396));
#4648 = CARTESIAN_POINT('',(4.686240733126,3.440959689105));
#4649 = CARTESIAN_POINT('',(4.688459039569,3.535533905933));
#4650 = ( GEOMETRIC_REPRESENTATION_CONTEXT(2) 
PARAMETRIC_REPRESENTATION_CONTEXT() REPRESENTATION_CONTEXT('2D SPACE',''
  ) );
#4651 = PCURVE('',#2749,#4652);
#4652 = DEFINITIONAL_REPRESENTATION('',(#4653),#4679);
#4653 = B_SPLINE_CURVE_WITH_KNOTS('',3,(#4654,#4655,#4656,#4657,#4658,
    #4659,#4660,#4661,#4662,#4663,#4664,#4665,#4666,#4667,#4668,#4669,
    #4670,#4671,#4672,#4673,#4674,#4675,#4676,#4677,#4678),
  .UNSPECIFIED.,.F.,.F.,(4,1,1,1,1,1,1,1,1,1,1,1,1,1,1,1,1,1,1,1,1,1,4),
  (1.140308491047,1.186220239025,1.232131987004,1.278043734983,
    1.323955482962,1.36986723094,1.415778978919,1.461690726898,
    1.507602474876,1.553514222855,1.599425970834,1.645337718812,
    1.691249466791,1.73716121477,1.783072962748,1.828984710727,
    1.874896458706,1.920808206684,1.966719954663,2.012631702642,
    2.058543450621,2.104455198599,2.150366946578),
  .QUASI_UNIFORM_KNOTS.);
#4654 = CARTESIAN_POINT('',(8.826790998059,7.071067811865));
#4655 = CARTESIAN_POINT('',(8.800815874787,6.988139209613));
#4656 = CARTESIAN_POINT('',(8.749591688447,6.816056425116));
#4657 = CARTESIAN_POINT('',(8.67421271368,6.53976042194));
#4658 = CARTESIAN_POINT('',(8.599128168094,6.24440412409));
#4659 = CARTESIAN_POINT('',(8.524722175031,5.933975899556));
#4660 = CARTESIAN_POINT('',(8.451000769771,5.611155883025));
#4661 = CARTESIAN_POINT('',(8.378091591305,5.278980306164));
#4662 = CARTESIAN_POINT('',(8.306089045221,4.940369246024));
#4663 = CARTESIAN_POINT('',(8.235095100167,4.598411847338));
#4664 = CARTESIAN_POINT('',(8.165274013701,4.256180720919));
#4665 = CARTESIAN_POINT('',(8.096864605555,3.916862346071));
#4666 = CARTESIAN_POINT('',(8.030054463895,3.583204273525));
#4667 = CARTESIAN_POINT('',(7.965369125918,3.259595899807));
#4668 = CARTESIAN_POINT('',(7.89850724057,2.926064547664));
#4669 = CARTESIAN_POINT('',(7.830297381092,2.588148589956));
#4670 = CARTESIAN_POINT('',(7.760782533047,2.247561961228));
#4671 = CARTESIAN_POINT('',(7.690182185282,1.90704790984));
#4672 = CARTESIAN_POINT('',(7.618621546989,1.569056867206));
#4673 = CARTESIAN_POINT('',(7.546165940578,1.236181218711));
#4674 = CARTESIAN_POINT('',(7.472902100116,0.91045431292));
#4675 = CARTESIAN_POINT('',(7.39895977161,0.593999126824));
#4676 = CARTESIAN_POINT('',(7.324452533209,0.28893801226));
#4677 = CARTESIAN_POINT('',(7.274456957212,9.45749970047E-02));
#4678 = CARTESIAN_POINT('',(7.249392935849,0.));
#4679 = ( GEOMETRIC_REPRESENTATION_CONTEXT(2) 
PARAMETRIC_REPRESENTATION_CONTEXT() REPRESENTATION_CONTEXT('2D SPACE',''
  ) );
#4680 = ORIENTED_EDGE('',*,*,#2693,.F.);
#4681 = ADVANCED_FACE('',(#4682),#2749,.T.);
#4682 = FACE_BOUND('',#4683,.T.);
#4683 = EDGE_LOOP('',(#4684,#4761,#4762,#4763,#4791,#4817,#4850,#4871));
#4684 = ORIENTED_EDGE('',*,*,#4685,.F.);
#4685 = EDGE_CURVE('',#2729,#4686,#4688,.T.);
#4686 = VERTEX_POINT('',#4687);
#4687 = CARTESIAN_POINT('',(-29.79931594547,-58.2,5.865528571415));
#4688 = SURFACE_CURVE('',#4689,(#4703,#4732),.PCURVE_S1.);
#4689 = B_SPLINE_CURVE_WITH_KNOTS('',3,(#4690,#4691,#4692,#4693,#4694,
    #4695,#4696,#4697,#4698,#4699,#4700,#4701,#4702),.UNSPECIFIED.,.F.,
  .F.,(4,2,3,2,2,4),(3.184363011296,3.394194497243,3.669142369557,
    3.918382246675,4.167622123793,4.194421466191),.UNSPECIFIED.);
#4690 = CARTESIAN_POINT('',(-36.34339244975,-51.50000000392,
    7.309028229772));
#4691 = CARTESIAN_POINT('',(-35.84552710596,-51.93223822276,
    7.592319413188));
#4692 = CARTESIAN_POINT('',(-35.30467798248,-52.41892084792,
    7.784859683595));
#4693 = CARTESIAN_POINT('',(-34.05124745954,-53.59108105266,
    8.011992575016));
#4694 = CARTESIAN_POINT('',(-33.3373498886,-54.29266602031,
    7.976837204551));
#4695 = CARTESIAN_POINT('',(-32.70708281571,-54.94072437026,
    7.826029241331));
#4696 = CARTESIAN_POINT('',(-32.1357465603,-55.52818839443,
    7.689322025141));
#4697 = CARTESIAN_POINT('',(-31.54071273016,-56.16670063893,
    7.435561244101));
#4698 = CARTESIAN_POINT('',(-30.4666890864,-57.38080453134,
    6.683898464753));
#4699 = CARTESIAN_POINT('',(-29.9871452724,-57.95651578676,
    6.186981680048));
#4700 = CARTESIAN_POINT('',(-29.58486123984,-58.47207980203,
    5.539678144783));
#4701 = CARTESIAN_POINT('',(-29.54633776708,-58.52188266704,
    5.47457539079));
#4702 = CARTESIAN_POINT('',(-29.50865698818,-58.57106781186,
    5.407324916577));
#4703 = PCURVE('',#2749,#4704);
#4704 = DEFINITIONAL_REPRESENTATION('',(#4705),#4731);
#4705 = B_SPLINE_CURVE_WITH_KNOTS('',3,(#4706,#4707,#4708,#4709,#4710,
    #4711,#4712,#4713,#4714,#4715,#4716,#4717,#4718,#4719,#4720,#4721,
    #4722,#4723,#4724,#4725,#4726,#4727,#4728,#4729,#4730),
  .UNSPECIFIED.,.F.,.F.,(4,1,1,1,1,1,1,1,1,1,1,1,1,1,1,1,1,1,1,1,1,1,4),
  (3.184363011296,3.230274759246,3.276186507195,3.322098255145,
    3.368010003095,3.413921751045,3.459833498995,3.505745246944,
    3.551656994894,3.597568742844,3.643480490794,3.689392238743,
    3.735303986693,3.781215734643,3.827127482593,3.873039230543,
    3.918950978492,3.964862726442,4.010774474392,4.056686222342,
    4.102597970292,4.148509718241,4.194421466191),
  .QUASI_UNIFORM_KNOTS.);
#4706 = CARTESIAN_POINT('',(5.316977677469,3.929301328753E-09));
#4707 = CARTESIAN_POINT('',(5.291913656123,9.457500094573E-02));
#4708 = CARTESIAN_POINT('',(5.241918080162,0.288938016209));
#4709 = CARTESIAN_POINT('',(5.167410841814,0.593999130741));
#4710 = CARTESIAN_POINT('',(5.093468513363,0.910454316765));
#4711 = CARTESIAN_POINT('',(5.020204672955,1.236181222448));
#4712 = CARTESIAN_POINT('',(4.9477490666,1.569056870801));
#4713 = CARTESIAN_POINT('',(4.876188428361,1.907047913261));
#4714 = CARTESIAN_POINT('',(4.80558808065,2.247561964447));
#4715 = CARTESIAN_POINT('',(4.736073232661,2.588148592948));
#4716 = CARTESIAN_POINT('',(4.667863373237,2.926064550415));
#4717 = CARTESIAN_POINT('',(4.601001487946,3.259595902283));
#4718 = CARTESIAN_POINT('',(4.536316150011,3.58320427579));
#4719 = CARTESIAN_POINT('',(4.469506008377,3.916862348197));
#4720 = CARTESIAN_POINT('',(4.401096600266,4.256180722852));
#4721 = CARTESIAN_POINT('',(4.331275513837,4.598411849064));
#4722 = CARTESIAN_POINT('',(4.260281568823,4.940369247525));
#4723 = CARTESIAN_POINT('',(4.188279022781,5.278980307431));
#4724 = CARTESIAN_POINT('',(4.115369844357,5.611155884056));
#4725 = CARTESIAN_POINT('',(4.041648439142,5.933975900352));
#4726 = CARTESIAN_POINT('',(3.967242446124,6.244404124659));
#4727 = CARTESIAN_POINT('',(3.892157900584,6.539760422296));
#4728 = CARTESIAN_POINT('',(3.816778925864,6.81605642528));
#4729 = CARTESIAN_POINT('',(3.765554739556,6.988139209664));
#4730 = CARTESIAN_POINT('',(3.7395796163,7.071067811865));
#4731 = ( GEOMETRIC_REPRESENTATION_CONTEXT(2) 
PARAMETRIC_REPRESENTATION_CONTEXT() REPRESENTATION_CONTEXT('2D SPACE',''
  ) );
#4732 = PCURVE('',#2782,#4733);
#4733 = DEFINITIONAL_REPRESENTATION('',(#4734),#4760);
#4734 = B_SPLINE_CURVE_WITH_KNOTS('',3,(#4735,#4736,#4737,#4738,#4739,
    #4740,#4741,#4742,#4743,#4744,#4745,#4746,#4747,#4748,#4749,#4750,
    #4751,#4752,#4753,#4754,#4755,#4756,#4757,#4758,#4759),
  .UNSPECIFIED.,.F.,.F.,(4,1,1,1,1,1,1,1,1,1,1,1,1,1,1,1,1,1,1,1,1,1,4),
  (3.184363011296,3.230274759246,3.276186507195,3.322098255145,
    3.368010003095,3.413921751045,3.459833498995,3.505745246944,
    3.551656994894,3.597568742844,3.643480490794,3.689392238743,
    3.735303986693,3.781215734643,3.827127482593,3.873039230543,
    3.918950978492,3.964862726442,4.010774474392,4.056686222342,
    4.102597970292,4.148509718241,4.194421466191),
  .QUASI_UNIFORM_KNOTS.);
#4735 = CARTESIAN_POINT('',(4.910851846492,3.535533902003));
#4736 = CARTESIAN_POINT('',(4.913070152932,3.440959685164));
#4737 = CARTESIAN_POINT('',(4.917333945308,3.246601477447));
#4738 = CARTESIAN_POINT('',(4.92318261673,2.941549118362));
#4739 = CARTESIAN_POINT('',(4.928456870599,2.625092017245));
#4740 = CARTESIAN_POINT('',(4.933125263211,2.29935437149));
#4741 = CARTESIAN_POINT('',(4.937150366752,1.966473886081));
#4742 = CARTESIAN_POINT('',(4.940500397676,1.628534909128));
#4743 = CARTESIAN_POINT('',(4.943184310337,1.288059232342));
#4744 = CARTESIAN_POINT('',(4.94520336968,0.947474199898));
#4745 = CARTESIAN_POINT('',(4.946560383887,0.609522594983));
#4746 = CARTESIAN_POINT('',(4.947256026704,0.275939913051));
#4747 = CARTESIAN_POINT('',(4.947297091552,-4.767322390387E-02));
#4748 = CARTESIAN_POINT('',(4.94666623523,-0.381280215109));
#4749 = CARTESIAN_POINT('',(4.945310049778,-0.720564644878));
#4750 = CARTESIAN_POINT('',(4.943179078562,-1.062803145017));
#4751 = CARTESIAN_POINT('',(4.940220659021,-1.404807514745));
#4752 = CARTESIAN_POINT('',(4.936379597948,-1.743459240333));
#4753 = CARTESIAN_POINT('',(4.931606596465,-2.075598417272));
#4754 = CARTESIAN_POINT('',(4.925903076198,-2.398383016288));
#4755 = CARTESIAN_POINT('',(4.919271670696,-2.708805481755));
#4756 = CARTESIAN_POINT('',(4.911707794723,-3.004190311615));
#4757 = CARTESIAN_POINT('',(4.903261220349,-3.280522310994));
#4758 = CARTESIAN_POINT('',(4.896956903603,-3.452611659356));
#4759 = CARTESIAN_POINT('',(4.893623655401,-3.535533905933));
#4760 = ( GEOMETRIC_REPRESENTATION_CONTEXT(2) 
PARAMETRIC_REPRESENTATION_CONTEXT() REPRESENTATION_CONTEXT('2D SPACE',''
  ) );
#4761 = ORIENTED_EDGE('',*,*,#2728,.F.);
#4762 = ORIENTED_EDGE('',*,*,#4607,.F.);
#4763 = ORIENTED_EDGE('',*,*,#4764,.F.);
#4764 = EDGE_CURVE('',#4765,#4579,#4767,.T.);
#4765 = VERTEX_POINT('',#4766);
#4766 = CARTESIAN_POINT('',(-30.97989204666,-58.2,-1.11637304574));
#4767 = SURFACE_CURVE('',#4768,(#4773,#4780),.PCURVE_S1.);
#4768 = CIRCLE('',#4769,5.);
#4769 = AXIS2_PLACEMENT_3D('',#4770,#4771,#4772);
#4770 = CARTESIAN_POINT('',(-33.87061973511,-58.2,2.96329525342));
#4771 = DIRECTION('',(0.,-1.,0.));
#4772 = DIRECTION('',(-0.996194698092,0.,8.715574274766E-02));
#4773 = PCURVE('',#2749,#4774);
#4774 = DEFINITIONAL_REPRESENTATION('',(#4775),#4779);
#4775 = LINE('',#4776,#4777);
#4776 = CARTESIAN_POINT('',(6.28318530718,6.7));
#4777 = VECTOR('',#4778,1.);
#4778 = DIRECTION('',(1.,0.));
#4779 = ( GEOMETRIC_REPRESENTATION_CONTEXT(2) 
PARAMETRIC_REPRESENTATION_CONTEXT() REPRESENTATION_CONTEXT('2D SPACE',''
  ) );
#4780 = PCURVE('',#4595,#4781);
#4781 = DEFINITIONAL_REPRESENTATION('',(#4782),#4790);
#4782 = ( BOUNDED_CURVE() B_SPLINE_CURVE(2,(#4783,#4784,#4785,#4786,
#4787,#4788,#4789),.UNSPECIFIED.,.T.,.F.) B_SPLINE_CURVE_WITH_KNOTS((1,2
    ,2,2,2,1),(-2.094395102393,0.,2.094395102393,4.188790204786,
6.28318530718,8.377580409573),.UNSPECIFIED.) CURVE() 
GEOMETRIC_REPRESENTATION_ITEM() RATIONAL_B_SPLINE_CURVE((1.,0.5,1.,0.5,
1.,0.5,1.)) REPRESENTATION_ITEM('') );
#4783 = CARTESIAN_POINT('',(-38.85159322557,-3.399073967159));
#4784 = CARTESIAN_POINT('',(-39.60638409863,5.228225189469));
#4785 = CARTESIAN_POINT('',(-31.75752842641,1.568243681763));
#4786 = CARTESIAN_POINT('',(-23.9086727542,-2.091737825944));
#4787 = CARTESIAN_POINT('',(-31.00273755336,-7.059055474865));
#4788 = CARTESIAN_POINT('',(-38.09680235252,-12.02637312378));
#4789 = CARTESIAN_POINT('',(-38.85159322557,-3.399073967159));
#4790 = ( GEOMETRIC_REPRESENTATION_CONTEXT(2) 
PARAMETRIC_REPRESENTATION_CONTEXT() REPRESENTATION_CONTEXT('2D SPACE',''
  ) );
#4791 = ORIENTED_EDGE('',*,*,#4792,.T.);
#4792 = EDGE_CURVE('',#4765,#4793,#4795,.T.);
#4793 = VERTEX_POINT('',#4794);
#4794 = CARTESIAN_POINT('',(-30.97989204666,-58.57106781186,
    -1.11637304574));
#4795 = SURFACE_CURVE('',#4796,(#4800,#4806),.PCURVE_S1.);
#4796 = LINE('',#4797,#4798);
#4797 = CARTESIAN_POINT('',(-30.97989204666,-51.5,-1.11637304574));
#4798 = VECTOR('',#4799,1.);
#4799 = DIRECTION('',(0.,-1.,0.));
#4800 = PCURVE('',#2749,#4801);
#4801 = DEFINITIONAL_REPRESENTATION('',(#4802),#4805);
#4802 = B_SPLINE_CURVE_WITH_KNOTS('',1,(#4803,#4804),.UNSPECIFIED.,.F.,
  .F.,(2,2),(6.6999994,7.071068411865),.PIECEWISE_BEZIER_KNOTS.);
#4803 = CARTESIAN_POINT('',(8.557702142058,6.6999994));
#4804 = CARTESIAN_POINT('',(8.557702142058,7.071068411865));
#4805 = ( GEOMETRIC_REPRESENTATION_CONTEXT(2) 
PARAMETRIC_REPRESENTATION_CONTEXT() REPRESENTATION_CONTEXT('2D SPACE',''
  ) );
#4806 = PCURVE('',#4807,#4812);
#4807 = CYLINDRICAL_SURFACE('',#4808,31.);
#4808 = AXIS2_PLACEMENT_3D('',#4809,#4810,#4811);
#4809 = CARTESIAN_POINT('',(0.,-58.2,0.));
#4810 = DIRECTION('',(-0.,-1.,-0.));
#4811 = DIRECTION('',(1.,-0.,0.));
#4812 = DEFINITIONAL_REPRESENTATION('',(#4813),#4816);
#4813 = B_SPLINE_CURVE_WITH_KNOTS('',1,(#4814,#4815),.UNSPECIFIED.,.F.,
  .F.,(2,2),(6.7,7.071067811865),.PIECEWISE_BEZIER_KNOTS.);
#4814 = CARTESIAN_POINT('',(-9.388758138689,0.));
#4815 = CARTESIAN_POINT('',(-9.388758138689,0.371067811865));
#4816 = ( GEOMETRIC_REPRESENTATION_CONTEXT(2) 
PARAMETRIC_REPRESENTATION_CONTEXT() REPRESENTATION_CONTEXT('2D SPACE',''
  ) );
#4817 = ORIENTED_EDGE('',*,*,#4818,.T.);
#4818 = EDGE_CURVE('',#4793,#4819,#4821,.T.);
#4819 = VERTEX_POINT('',#4820);
#4820 = CARTESIAN_POINT('',(-30.31538173004,-58.57106781186,
    6.47901462892));
#4821 = SURFACE_CURVE('',#4822,(#4827,#4834),.PCURVE_S1.);
#4822 = CIRCLE('',#4823,5.);
#4823 = AXIS2_PLACEMENT_3D('',#4824,#4825,#4826);
#4824 = CARTESIAN_POINT('',(-33.87061973511,-58.57106781186,
    2.96329525342));
#4825 = DIRECTION('',(0.,1.,0.));
#4826 = DIRECTION('',(0.965925826289,-0.,0.258819045103));
#4827 = PCURVE('',#2749,#4828);
#4828 = DEFINITIONAL_REPRESENTATION('',(#4829),#4833);
#4829 = LINE('',#4830,#4831);
#4830 = CARTESIAN_POINT('',(9.773843811168,7.071067811865));
#4831 = VECTOR('',#4832,1.);
#4832 = DIRECTION('',(-1.,0.));
#4833 = ( GEOMETRIC_REPRESENTATION_CONTEXT(2) 
PARAMETRIC_REPRESENTATION_CONTEXT() REPRESENTATION_CONTEXT('2D SPACE',''
  ) );
#4834 = PCURVE('',#4835,#4840);
#4835 = PLANE('',#4836);
#4836 = AXIS2_PLACEMENT_3D('',#4837,#4838,#4839);
#4837 = CARTESIAN_POINT('',(-4.665386729666,-58.57106781186,
    -2.197981936397));
#4838 = DIRECTION('',(0.,-1.,0.));
#4839 = DIRECTION('',(0.258819045103,0.,-0.965925826289));
#4840 = DEFINITIONAL_REPRESENTATION('',(#4841),#4849);
#4841 = ( BOUNDED_CURVE() B_SPLINE_CURVE(2,(#4842,#4843,#4844,#4845,
#4846,#4847,#4848),.UNSPECIFIED.,.T.,.F.) B_SPLINE_CURVE_WITH_KNOTS((1,2
    ,2,2,2,1),(-2.094395102393,0.,2.094395102393,4.188790204786,
6.28318530718,8.377580409573),.UNSPECIFIED.) CURVE() 
GEOMETRIC_REPRESENTATION_ITEM() RATIONAL_B_SPLINE_CURVE((1.,0.5,1.,0.5,
1.,0.5,1.)) REPRESENTATION_ITEM('') );
#4842 = CARTESIAN_POINT('',(-12.54428145275,-21.87425198897));
#4843 = CARTESIAN_POINT('',(-3.884027414905,-21.87425198897));
#4844 = CARTESIAN_POINT('',(-8.214154433827,-29.37425198897));
#4845 = CARTESIAN_POINT('',(-12.54428145275,-36.87425198897));
#4846 = CARTESIAN_POINT('',(-16.87440847167,-29.37425198897));
#4847 = CARTESIAN_POINT('',(-21.20453549059,-21.87425198897));
#4848 = CARTESIAN_POINT('',(-12.54428145275,-21.87425198897));
#4849 = ( GEOMETRIC_REPRESENTATION_CONTEXT(2) 
PARAMETRIC_REPRESENTATION_CONTEXT() REPRESENTATION_CONTEXT('2D SPACE',''
  ) );
#4850 = ORIENTED_EDGE('',*,*,#4851,.F.);
#4851 = EDGE_CURVE('',#4852,#4819,#4854,.T.);
#4852 = VERTEX_POINT('',#4853);
#4853 = CARTESIAN_POINT('',(-30.31538173004,-58.2,6.47901462892));
#4854 = SURFACE_CURVE('',#4855,(#4859,#4865),.PCURVE_S1.);
#4855 = LINE('',#4856,#4857);
#4856 = CARTESIAN_POINT('',(-30.31538173004,-51.5,6.47901462892));
#4857 = VECTOR('',#4858,1.);
#4858 = DIRECTION('',(0.,-1.,0.));
#4859 = PCURVE('',#2749,#4860);
#4860 = DEFINITIONAL_REPRESENTATION('',(#4861),#4864);
#4861 = B_SPLINE_CURVE_WITH_KNOTS('',1,(#4862,#4863),.UNSPECIFIED.,.F.,
  .F.,(2,2),(6.6999994,7.071068411865),.PIECEWISE_BEZIER_KNOTS.);
#4862 = CARTESIAN_POINT('',(4.008668472301,6.6999994));
#4863 = CARTESIAN_POINT('',(4.008668472301,7.071068411865));
#4864 = ( GEOMETRIC_REPRESENTATION_CONTEXT(2) 
PARAMETRIC_REPRESENTATION_CONTEXT() REPRESENTATION_CONTEXT('2D SPACE',''
  ) );
#4865 = PCURVE('',#4807,#4866);
#4866 = DEFINITIONAL_REPRESENTATION('',(#4867),#4870);
#4867 = B_SPLINE_CURVE_WITH_KNOTS('',1,(#4868,#4869),.UNSPECIFIED.,.F.,
  .F.,(2,2),(6.7,7.071067811865),.PIECEWISE_BEZIER_KNOTS.);
#4868 = CARTESIAN_POINT('',(-9.635330708049,0.));
#4869 = CARTESIAN_POINT('',(-9.635330708049,0.371067811865));
#4870 = ( GEOMETRIC_REPRESENTATION_CONTEXT(2) 
PARAMETRIC_REPRESENTATION_CONTEXT() REPRESENTATION_CONTEXT('2D SPACE',''
  ) );
#4871 = ORIENTED_EDGE('',*,*,#4872,.F.);
#4872 = EDGE_CURVE('',#4686,#4852,#4873,.T.);
#4873 = SURFACE_CURVE('',#4874,(#4879,#4886),.PCURVE_S1.);
#4874 = CIRCLE('',#4875,5.);
#4875 = AXIS2_PLACEMENT_3D('',#4876,#4877,#4878);
#4876 = CARTESIAN_POINT('',(-33.87061973511,-58.2,2.96329525342));
#4877 = DIRECTION('',(0.,-1.,0.));
#4878 = DIRECTION('',(-0.996194698092,0.,8.715574274766E-02));
#4879 = PCURVE('',#2749,#4880);
#4880 = DEFINITIONAL_REPRESENTATION('',(#4881),#4885);
#4881 = LINE('',#4882,#4883);
#4882 = CARTESIAN_POINT('',(4.795255403354E-19,6.7));
#4883 = VECTOR('',#4884,1.);
#4884 = DIRECTION('',(1.,0.));
#4885 = ( GEOMETRIC_REPRESENTATION_CONTEXT(2) 
PARAMETRIC_REPRESENTATION_CONTEXT() REPRESENTATION_CONTEXT('2D SPACE',''
  ) );
#4886 = PCURVE('',#4887,#4892);
#4887 = PLANE('',#4888);
#4888 = AXIS2_PLACEMENT_3D('',#4889,#4890,#4891);
#4889 = CARTESIAN_POINT('',(0.,-58.2,0.));
#4890 = DIRECTION('',(0.,1.,0.));
#4891 = DIRECTION('',(1.,0.,0.));
#4892 = DEFINITIONAL_REPRESENTATION('',(#4893),#4901);
#4893 = ( BOUNDED_CURVE() B_SPLINE_CURVE(2,(#4894,#4895,#4896,#4897,
#4898,#4899,#4900),.UNSPECIFIED.,.T.,.F.) B_SPLINE_CURVE_WITH_KNOTS((1,2
    ,2,2,2,1),(-2.094395102393,0.,2.094395102393,4.188790204786,
6.28318530718,8.377580409573),.UNSPECIFIED.) CURVE() 
GEOMETRIC_REPRESENTATION_ITEM() RATIONAL_B_SPLINE_CURVE((1.,0.5,1.,0.5,
1.,0.5,1.)) REPRESENTATION_ITEM('') );
#4894 = CARTESIAN_POINT('',(-38.85159322557,-3.399073967159));
#4895 = CARTESIAN_POINT('',(-39.60638409863,5.228225189469));
#4896 = CARTESIAN_POINT('',(-31.75752842641,1.568243681763));
#4897 = CARTESIAN_POINT('',(-23.9086727542,-2.091737825944));
#4898 = CARTESIAN_POINT('',(-31.00273755336,-7.059055474865));
#4899 = CARTESIAN_POINT('',(-38.09680235252,-12.02637312378));
#4900 = CARTESIAN_POINT('',(-38.85159322557,-3.399073967159));
#4901 = ( GEOMETRIC_REPRESENTATION_CONTEXT(2) 
PARAMETRIC_REPRESENTATION_CONTEXT() REPRESENTATION_CONTEXT('2D SPACE',''
  ) );
#4902 = ADVANCED_FACE('',(#4903),#2782,.T.);
#4903 = FACE_BOUND('',#4904,.T.);
#4904 = EDGE_LOOP('',(#4905,#4929,#4979,#5029,#5079,#5108,#5182,#5183));
#4905 = ORIENTED_EDGE('',*,*,#4906,.T.);
#4906 = EDGE_CURVE('',#4686,#4907,#4909,.T.);
#4907 = VERTEX_POINT('',#4908);
#4908 = CARTESIAN_POINT('',(-5.,-58.2,29.956664701414));
#4909 = SURFACE_CURVE('',#4910,(#4915,#4922),.PCURVE_S1.);
#4910 = CIRCLE('',#4911,30.371067811865);
#4911 = AXIS2_PLACEMENT_3D('',#4912,#4913,#4914);
#4912 = CARTESIAN_POINT('',(0.,-58.2,0.));
#4913 = DIRECTION('',(0.,1.,0.));
#4914 = DIRECTION('',(1.653892159486E-15,-0.,1.));
#4915 = PCURVE('',#2782,#4916);
#4916 = DEFINITIONAL_REPRESENTATION('',(#4917),#4921);
#4917 = LINE('',#4918,#4919);
#4918 = CARTESIAN_POINT('',(0.,-3.164466094067));
#4919 = VECTOR('',#4920,1.);
#4920 = DIRECTION('',(1.,0.));
#4921 = ( GEOMETRIC_REPRESENTATION_CONTEXT(2) 
PARAMETRIC_REPRESENTATION_CONTEXT() REPRESENTATION_CONTEXT('2D SPACE',''
  ) );
#4922 = PCURVE('',#4887,#4923);
#4923 = DEFINITIONAL_REPRESENTATION('',(#4924),#4928);
#4924 = CIRCLE('',#4925,30.371067811865);
#4925 = AXIS2_PLACEMENT_2D('',#4926,#4927);
#4926 = CARTESIAN_POINT('',(0.,0.));
#4927 = DIRECTION('',(1.653892159486E-15,-1.));
#4928 = ( GEOMETRIC_REPRESENTATION_CONTEXT(2) 
PARAMETRIC_REPRESENTATION_CONTEXT() REPRESENTATION_CONTEXT('2D SPACE',''
  ) );
#4929 = ORIENTED_EDGE('',*,*,#4930,.T.);
#4930 = EDGE_CURVE('',#4907,#4931,#4933,.T.);
#4931 = VERTEX_POINT('',#4932);
#4932 = CARTESIAN_POINT('',(-5.,-57.14670984557,31.024027359346));
#4933 = SURFACE_CURVE('',#4934,(#4938,#4967),.PCURVE_S1.);
#4934 = ( BOUNDED_CURVE() B_SPLINE_CURVE(2,(#4935,#4936,#4937),
.UNSPECIFIED.,.F.,.F.) B_SPLINE_CURVE_WITH_KNOTS((3,3),(
2.307302011088E-04,0.274238350941),.PIECEWISE_BEZIER_KNOTS.) CURVE() 
GEOMETRIC_REPRESENTATION_ITEM() RATIONAL_B_SPLINE_CURVE((1.000000863988,
1.000513453724,1.)) REPRESENTATION_ITEM('') );
#4935 = CARTESIAN_POINT('',(-5.,-59.071,29.073252327606));
#4936 = CARTESIAN_POINT('',(-5.,-58.14008642934,30.017832354353));
#4937 = CARTESIAN_POINT('',(-5.,-57.14670984557,31.024027359346));
#4938 = PCURVE('',#2782,#4939);
#4939 = DEFINITIONAL_REPRESENTATION('',(#4940),#4966);
#4940 = B_SPLINE_CURVE_WITH_KNOTS('',3,(#4941,#4942,#4943,#4944,#4945,
    #4946,#4947,#4948,#4949,#4950,#4951,#4952,#4953,#4954,#4955,#4956,
    #4957,#4958,#4959,#4960,#4961,#4962,#4963,#4964,#4965),
  .UNSPECIFIED.,.F.,.F.,(4,1,1,1,1,1,1,1,1,1,1,1,1,1,1,1,1,1,1,1,1,1,4),
  (2.307302011088E-04,1.268562205291E-02,2.514051390471E-02,
    3.759540575651E-02,5.005029760831E-02,6.250518946011E-02,
    7.49600813119E-02,8.74149731637E-02,9.98698650155E-02,0.112324756867
    ,0.124779648719,0.137234540571,0.149689432423,0.162144324274,
    0.174599216126,0.187054107978,0.19950899983,0.211963891682,
    0.224418783533,0.236873675385,0.249328567237,0.261783459089,
    0.274238350941),.QUASI_UNIFORM_KNOTS.);
#4941 = CARTESIAN_POINT('',(6.112871995666,-4.035466094067));
#4942 = CARTESIAN_POINT('',(6.11303653561,-4.007242131527));
#4943 = CARTESIAN_POINT('',(6.113365135573,-3.950712118419));
#4944 = CARTESIAN_POINT('',(6.113856601932,-3.865669782351));
#4945 = CARTESIAN_POINT('',(6.114346640901,-3.780379079965));
#4946 = CARTESIAN_POINT('',(6.114835258627,-3.694838952912));
#4947 = CARTESIAN_POINT('',(6.115322461228,-3.609048337252));
#4948 = CARTESIAN_POINT('',(6.115808254784,-3.523006162635));
#4949 = CARTESIAN_POINT('',(6.116292645343,-3.436711352468));
#4950 = CARTESIAN_POINT('',(6.116775638916,-3.350162823811));
#4951 = CARTESIAN_POINT('',(6.117257241483,-3.263359487348));
#4952 = CARTESIAN_POINT('',(6.117737458987,-3.176300247338));
#4953 = CARTESIAN_POINT('',(6.118216297342,-3.088984001566));
#4954 = CARTESIAN_POINT('',(6.118693762424,-3.001409641302));
#4955 = CARTESIAN_POINT('',(6.119169860078,-2.913576051251));
#4956 = CARTESIAN_POINT('',(6.119644596117,-2.825482109505));
#4957 = CARTESIAN_POINT('',(6.120117976321,-2.737126687496));
#4958 = CARTESIAN_POINT('',(6.120590006436,-2.648508649948));
#4959 = CARTESIAN_POINT('',(6.121060692178,-2.559626854832));
#4960 = CARTESIAN_POINT('',(6.12153003923,-2.4704801533));
#4961 = CARTESIAN_POINT('',(6.121998053244,-2.381067389698));
#4962 = CARTESIAN_POINT('',(6.122464739839,-2.29138740128));
#4963 = CARTESIAN_POINT('',(6.122930104606,-2.201439019046));
#4964 = CARTESIAN_POINT('',(6.123239470264,-2.141293715926));
#4965 = CARTESIAN_POINT('',(6.12339393464,-2.111175939644));
#4966 = ( GEOMETRIC_REPRESENTATION_CONTEXT(2) 
PARAMETRIC_REPRESENTATION_CONTEXT() REPRESENTATION_CONTEXT('2D SPACE',''
  ) );
#4967 = PCURVE('',#4968,#4973);
#4968 = PLANE('',#4969);
#4969 = AXIS2_PLACEMENT_3D('',#4970,#4971,#4972);
#4970 = CARTESIAN_POINT('',(-5.,-77.5,26.024027359346));
#4971 = DIRECTION('',(-1.,0.,2.22044604925E-16));
#4972 = DIRECTION('',(2.22044604925E-16,0.,1.));
#4973 = DEFINITIONAL_REPRESENTATION('',(#4974),#4978);
#4974 = ( BOUNDED_CURVE() B_SPLINE_CURVE(2,(#4975,#4976,#4977),
.UNSPECIFIED.,.F.,.F.) B_SPLINE_CURVE_WITH_KNOTS((3,3),(
2.307302011088E-04,0.274238350941),.PIECEWISE_BEZIER_KNOTS.) CURVE() 
GEOMETRIC_REPRESENTATION_ITEM() RATIONAL_B_SPLINE_CURVE((1.000000863988,
1.000513453724,1.)) REPRESENTATION_ITEM('') );
#4975 = CARTESIAN_POINT('',(3.04922496826,18.429));
#4976 = CARTESIAN_POINT('',(3.993804995006,19.359913570652));
#4977 = CARTESIAN_POINT('',(5.,20.353290154423));
#4978 = ( GEOMETRIC_REPRESENTATION_CONTEXT(2) 
PARAMETRIC_REPRESENTATION_CONTEXT() REPRESENTATION_CONTEXT('2D SPACE',''
  ) );
#4979 = ORIENTED_EDGE('',*,*,#4980,.T.);
#4980 = EDGE_CURVE('',#4931,#4981,#4983,.T.);
#4981 = VERTEX_POINT('',#4982);
#4982 = CARTESIAN_POINT('',(5.,-57.14670984557,31.024027359346));
#4983 = SURFACE_CURVE('',#4984,(#4988,#5017),.PCURVE_S1.);
#4984 = ( BOUNDED_CURVE() B_SPLINE_CURVE(2,(#4985,#4986,#4987),
.UNSPECIFIED.,.F.,.F.) B_SPLINE_CURVE_WITH_KNOTS((3,3),(0.,
1.003200171349),.PIECEWISE_BEZIER_KNOTS.) CURVE() 
GEOMETRIC_REPRESENTATION_ITEM() RATIONAL_B_SPLINE_CURVE((1.,
1.01290388905,1.)) REPRESENTATION_ITEM('') );
#4985 = CARTESIAN_POINT('',(-5.,-57.14670984557,31.024027359346));
#4986 = CARTESIAN_POINT('',(0.,-57.94227104771,31.024027359346));
#4987 = CARTESIAN_POINT('',(5.,-57.14670984557,31.024027359346));
#4988 = PCURVE('',#2782,#4989);
#4989 = DEFINITIONAL_REPRESENTATION('',(#4990),#5016);
#4990 = B_SPLINE_CURVE_WITH_KNOTS('',3,(#4991,#4992,#4993,#4994,#4995,
    #4996,#4997,#4998,#4999,#5000,#5001,#5002,#5003,#5004,#5005,#5006,
    #5007,#5008,#5009,#5010,#5011,#5012,#5013,#5014,#5015),
  .UNSPECIFIED.,.F.,.F.,(4,1,1,1,1,1,1,1,1,1,1,1,1,1,1,1,1,1,1,1,1,1,4),
  (0.,4.560000778858E-02,9.120001557716E-02,0.136800023366,
    0.182400031154,0.228000038943,0.273600046731,0.31920005452,
    0.364800062309,0.410400070097,0.456000077886,0.501600085674,
    0.547200093463,0.592800101252,0.63840010904,0.684000116829,
    0.729600124617,0.775200132406,0.820800140194,0.866400147983,
    0.912000155772,0.95760016356,1.003200171349),.QUASI_UNIFORM_KNOTS.);
#4991 = CARTESIAN_POINT('',(6.12339393464,-2.111175939644));
#4992 = CARTESIAN_POINT('',(6.128215516903,-2.135594565102));
#4993 = CARTESIAN_POINT('',(6.137864268468,-2.182156044204));
#4994 = CARTESIAN_POINT('',(6.152352657398,-2.24521118846));
#4995 = CARTESIAN_POINT('',(6.166854811841,-2.301521252317));
#4996 = CARTESIAN_POINT('',(6.1813692236,-2.351122094433));
#4997 = CARTESIAN_POINT('',(6.1958943777,-2.394045628));
#4998 = CARTESIAN_POINT('',(6.210428752138,-2.430319300892));
#4999 = CARTESIAN_POINT('',(6.22497081915,-2.459966292788));
#5000 = CARTESIAN_POINT('',(6.239519046085,-2.48300551126));
#5001 = CARTESIAN_POINT('',(6.254071896388,-2.499451632966));
#5002 = CARTESIAN_POINT('',(6.268627830569,-2.509315124097));
#5003 = CARTESIAN_POINT('',(6.28318530718,-2.512602257831));
#5004 = CARTESIAN_POINT('',(6.29774278379,-2.509315124097));
#5005 = CARTESIAN_POINT('',(6.312298717971,-2.499451632966));
#5006 = CARTESIAN_POINT('',(6.326851568274,-2.48300551126));
#5007 = CARTESIAN_POINT('',(6.341399795209,-2.459966292788));
#5008 = CARTESIAN_POINT('',(6.355941862221,-2.430319300892));
#5009 = CARTESIAN_POINT('',(6.370476236659,-2.394045628));
#5010 = CARTESIAN_POINT('',(6.385001390759,-2.351122094433));
#5011 = CARTESIAN_POINT('',(6.399515802518,-2.301521252317));
#5012 = CARTESIAN_POINT('',(6.414017956961,-2.24521118846));
#5013 = CARTESIAN_POINT('',(6.428506345892,-2.182156044204));
#5014 = CARTESIAN_POINT('',(6.438155097456,-2.135594565102));
#5015 = CARTESIAN_POINT('',(6.442976679719,-2.111175939644));
#5016 = ( GEOMETRIC_REPRESENTATION_CONTEXT(2) 
PARAMETRIC_REPRESENTATION_CONTEXT() REPRESENTATION_CONTEXT('2D SPACE',''
  ) );
#5017 = PCURVE('',#5018,#5023);
#5018 = PLANE('',#5019);
#5019 = AXIS2_PLACEMENT_3D('',#5020,#5021,#5022);
#5020 = CARTESIAN_POINT('',(-5.,-77.5,31.024027359346));
#5021 = DIRECTION('',(0.,0.,1.));
#5022 = DIRECTION('',(1.,0.,-0.));
#5023 = DEFINITIONAL_REPRESENTATION('',(#5024),#5028);
#5024 = ( BOUNDED_CURVE() B_SPLINE_CURVE(2,(#5025,#5026,#5027),
.UNSPECIFIED.,.F.,.F.) B_SPLINE_CURVE_WITH_KNOTS((3,3),(0.,
1.003200171349),.PIECEWISE_BEZIER_KNOTS.) CURVE() 
GEOMETRIC_REPRESENTATION_ITEM() RATIONAL_B_SPLINE_CURVE((1.,
1.01290388905,1.)) REPRESENTATION_ITEM('') );
#5025 = CARTESIAN_POINT('',(9.769962616701E-15,20.353290154423));
#5026 = CARTESIAN_POINT('',(5.,19.557728952288));
#5027 = CARTESIAN_POINT('',(10.,20.353290154423));
#5028 = ( GEOMETRIC_REPRESENTATION_CONTEXT(2) 
PARAMETRIC_REPRESENTATION_CONTEXT() REPRESENTATION_CONTEXT('2D SPACE',''
  ) );
#5029 = ORIENTED_EDGE('',*,*,#5030,.T.);
#5030 = EDGE_CURVE('',#4981,#5031,#5033,.T.);
#5031 = VERTEX_POINT('',#5032);
#5032 = CARTESIAN_POINT('',(5.,-58.2,29.956664701414));
#5033 = SURFACE_CURVE('',#5034,(#5038,#5067),.PCURVE_S1.);
#5034 = ( BOUNDED_CURVE() B_SPLINE_CURVE(2,(#5035,#5036,#5037),
.UNSPECIFIED.,.F.,.F.) B_SPLINE_CURVE_WITH_KNOTS((3,3),(0.,0.27400762074
),.PIECEWISE_BEZIER_KNOTS.) CURVE() GEOMETRIC_REPRESENTATION_ITEM() 
RATIONAL_B_SPLINE_CURVE((1.,1.000513453724,1.000000863988)) 
REPRESENTATION_ITEM('') );
#5035 = CARTESIAN_POINT('',(5.,-57.14670984557,31.024027359346));
#5036 = CARTESIAN_POINT('',(5.,-58.14008642934,30.017832354353));
#5037 = CARTESIAN_POINT('',(5.,-59.071,29.073252327606));
#5038 = PCURVE('',#2782,#5039);
#5039 = DEFINITIONAL_REPRESENTATION('',(#5040),#5066);
#5040 = B_SPLINE_CURVE_WITH_KNOTS('',3,(#5041,#5042,#5043,#5044,#5045,
    #5046,#5047,#5048,#5049,#5050,#5051,#5052,#5053,#5054,#5055,#5056,
    #5057,#5058,#5059,#5060,#5061,#5062,#5063,#5064,#5065),
  .UNSPECIFIED.,.F.,.F.,(4,1,1,1,1,1,1,1,1,1,1,1,1,1,1,1,1,1,1,1,1,1,4),
  (0.,1.24548918518E-02,2.49097837036E-02,3.73646755554E-02,
    4.98195674072E-02,6.2274459259E-02,7.47293511108E-02,
    8.718424296259E-02,9.963913481439E-02,0.112094026666,0.124548918518,
    0.13700381037,0.149458702222,0.161913594073,0.174368485925,
    0.186823377777,0.199278269629,0.211733161481,0.224188053332,
    0.236642945184,0.249097837036,0.261552728888,0.27400762074),
  .QUASI_UNIFORM_KNOTS.);
#5041 = CARTESIAN_POINT('',(6.442976679719,-2.111175939644));
#5042 = CARTESIAN_POINT('',(6.443131144095,-2.141293715926));
#5043 = CARTESIAN_POINT('',(6.443440509753,-2.201439019046));
#5044 = CARTESIAN_POINT('',(6.44390587452,-2.29138740128));
#5045 = CARTESIAN_POINT('',(6.444372561115,-2.381067389698));
#5046 = CARTESIAN_POINT('',(6.444840575129,-2.4704801533));
#5047 = CARTESIAN_POINT('',(6.445309922181,-2.559626854832));
#5048 = CARTESIAN_POINT('',(6.445780607923,-2.648508649948));
#5049 = CARTESIAN_POINT('',(6.446252638038,-2.737126687496));
#5050 = CARTESIAN_POINT('',(6.446726018242,-2.825482109505));
#5051 = CARTESIAN_POINT('',(6.447200754281,-2.913576051251));
#5052 = CARTESIAN_POINT('',(6.447676851935,-3.001409641302));
#5053 = CARTESIAN_POINT('',(6.448154317017,-3.088984001566));
#5054 = CARTESIAN_POINT('',(6.448633155372,-3.176300247338));
#5055 = CARTESIAN_POINT('',(6.449113372877,-3.263359487348));
#5056 = CARTESIAN_POINT('',(6.449594975443,-3.350162823811));
#5057 = CARTESIAN_POINT('',(6.450077969016,-3.436711352468));
#5058 = CARTESIAN_POINT('',(6.450562359575,-3.523006162635));
#5059 = CARTESIAN_POINT('',(6.451048153131,-3.609048337252));
#5060 = CARTESIAN_POINT('',(6.451535355732,-3.694838952912));
#5061 = CARTESIAN_POINT('',(6.452023973458,-3.780379079965));
#5062 = CARTESIAN_POINT('',(6.452514012427,-3.865669782351));
#5063 = CARTESIAN_POINT('',(6.453005478786,-3.950712118419));
#5064 = CARTESIAN_POINT('',(6.45333407875,-4.007242131527));
#5065 = CARTESIAN_POINT('',(6.453498618693,-4.035466094067));
#5066 = ( GEOMETRIC_REPRESENTATION_CONTEXT(2) 
PARAMETRIC_REPRESENTATION_CONTEXT() REPRESENTATION_CONTEXT('2D SPACE',''
  ) );
#5067 = PCURVE('',#5068,#5073);
#5068 = PLANE('',#5069);
#5069 = AXIS2_PLACEMENT_3D('',#5070,#5071,#5072);
#5070 = CARTESIAN_POINT('',(5.,-77.5,31.024027359346));
#5071 = DIRECTION('',(1.,0.,2.22044604925E-16));
#5072 = DIRECTION('',(2.22044604925E-16,0.,-1.));
#5073 = DEFINITIONAL_REPRESENTATION('',(#5074),#5078);
#5074 = ( BOUNDED_CURVE() B_SPLINE_CURVE(2,(#5075,#5076,#5077),
.UNSPECIFIED.,.F.,.F.) B_SPLINE_CURVE_WITH_KNOTS((3,3),(0.,0.27400762074
),.PIECEWISE_BEZIER_KNOTS.) CURVE() GEOMETRIC_REPRESENTATION_ITEM() 
RATIONAL_B_SPLINE_CURVE((1.,1.000513453724,1.000000863988)) 
REPRESENTATION_ITEM('') );
#5075 = CARTESIAN_POINT('',(0.,20.353290154423));
#5076 = CARTESIAN_POINT('',(1.006195004994,19.359913570652));
#5077 = CARTESIAN_POINT('',(1.95077503174,18.429));
#5078 = ( GEOMETRIC_REPRESENTATION_CONTEXT(2) 
PARAMETRIC_REPRESENTATION_CONTEXT() REPRESENTATION_CONTEXT('2D SPACE',''
  ) );
#5079 = ORIENTED_EDGE('',*,*,#5080,.T.);
#5080 = EDGE_CURVE('',#5031,#5081,#5083,.T.);
#5081 = VERTEX_POINT('',#5082);
#5082 = CARTESIAN_POINT('',(22.343363385521,-58.2,20.57128505618));
#5083 = SURFACE_CURVE('',#5084,(#5089,#5096),.PCURVE_S1.);
#5084 = CIRCLE('',#5085,30.371067811865);
#5085 = AXIS2_PLACEMENT_3D('',#5086,#5087,#5088);
#5086 = CARTESIAN_POINT('',(0.,-58.2,0.));
#5087 = DIRECTION('',(0.,1.,0.));
#5088 = DIRECTION('',(1.653892159486E-15,-0.,1.));
#5089 = PCURVE('',#2782,#5090);
#5090 = DEFINITIONAL_REPRESENTATION('',(#5091),#5095);
#5091 = LINE('',#5092,#5093);
#5092 = CARTESIAN_POINT('',(0.,-3.164466094067));
#5093 = VECTOR('',#5094,1.);
#5094 = DIRECTION('',(1.,0.));
#5095 = ( GEOMETRIC_REPRESENTATION_CONTEXT(2) 
PARAMETRIC_REPRESENTATION_CONTEXT() REPRESENTATION_CONTEXT('2D SPACE',''
  ) );
#5096 = PCURVE('',#5097,#5102);
#5097 = PLANE('',#5098);
#5098 = AXIS2_PLACEMENT_3D('',#5099,#5100,#5101);
#5099 = CARTESIAN_POINT('',(0.,-58.2,0.));
#5100 = DIRECTION('',(0.,1.,0.));
#5101 = DIRECTION('',(1.,0.,0.));
#5102 = DEFINITIONAL_REPRESENTATION('',(#5103),#5107);
#5103 = CIRCLE('',#5104,30.371067811865);
#5104 = AXIS2_PLACEMENT_2D('',#5105,#5106);
#5105 = CARTESIAN_POINT('',(0.,0.));
#5106 = DIRECTION('',(1.653892159486E-15,-1.));
#5107 = ( GEOMETRIC_REPRESENTATION_CONTEXT(2) 
PARAMETRIC_REPRESENTATION_CONTEXT() REPRESENTATION_CONTEXT('2D SPACE',''
  ) );
#5108 = ORIENTED_EDGE('',*,*,#5109,.T.);
#5109 = EDGE_CURVE('',#5081,#2762,#5110,.T.);
#5110 = SURFACE_CURVE('',#5111,(#5124,#5153),.PCURVE_S1.);
#5111 = B_SPLINE_CURVE_WITH_KNOTS('',3,(#5112,#5113,#5114,#5115,#5116,
    #5117,#5118,#5119,#5120,#5121,#5122,#5123),.UNSPECIFIED.,.F.,.F.,(4,
    2,2,2,2,4),(1.140308491282,1.167107833445,1.416347710563,
    1.665587587681,1.940535459995,2.150366946578),.UNSPECIFIED.);
#5112 = CARTESIAN_POINT('',(22.334946636334,-58.57106781056,
    20.02873333064));
#5113 = CARTESIAN_POINT('',(22.331936505655,-58.52188266617,
    20.105761938218));
#5114 = CARTESIAN_POINT('',(22.330767070301,-58.47207980159,
    20.181399619626));
#5115 = CARTESIAN_POINT('',(22.335555425824,-57.95651578676,
    20.943509441293));
#5116 = CARTESIAN_POINT('',(22.484795435412,-57.38080453134,
    21.617761604804));
#5117 = CARTESIAN_POINT('',(23.007808408192,-56.16670063893,
    22.819835292864));
#5118 = CARTESIAN_POINT('',(23.382568507047,-55.52818839443,
    23.347106249123));
#5119 = CARTESIAN_POINT('',(24.256877497801,-54.29266602031,
    24.220089253345));
#5120 = CARTESIAN_POINT('',(24.84720660941,-53.59108105266,
    24.623074590367));
#5121 = CARTESIAN_POINT('',(26.034608427814,-52.41892084638,
    25.084327614304));
#5122 = CARTESIAN_POINT('',(26.596360130146,-51.93223821981,
    25.202752937352));
#5123 = CARTESIAN_POINT('',(27.168879357226,-51.5,25.221341423176));
#5124 = PCURVE('',#2782,#5125);
#5125 = DEFINITIONAL_REPRESENTATION('',(#5126),#5152);
#5126 = B_SPLINE_CURVE_WITH_KNOTS('',3,(#5127,#5128,#5129,#5130,#5131,
    #5132,#5133,#5134,#5135,#5136,#5137,#5138,#5139,#5140,#5141,#5142,
    #5143,#5144,#5145,#5146,#5147,#5148,#5149,#5150,#5151),
  .UNSPECIFIED.,.F.,.F.,(4,1,1,1,1,1,1,1,1,1,1,1,1,1,1,1,1,1,1,1,1,1,4),
  (1.140308491282,1.18622023925,1.232131987218,1.278043735186,
    1.323955483154,1.369867231122,1.41577897909,1.461690727058,
    1.507602475026,1.553514222994,1.599425970962,1.64533771893,
    1.691249466898,1.737161214866,1.783072962834,1.828984710802,
    1.87489645877,1.920808206738,1.966719954706,2.012631702674,
    2.058543450642,2.10445519861,2.150366946578),.QUASI_UNIFORM_KNOTS.);
#5127 = CARTESIAN_POINT('',(7.122968244528,-3.535533904636));
#5128 = CARTESIAN_POINT('',(7.119634996327,-3.452611658015));
#5129 = CARTESIAN_POINT('',(7.113330679582,-3.280522309531));
#5130 = CARTESIAN_POINT('',(7.10488410521,-3.004190309918));
#5131 = CARTESIAN_POINT('',(7.09732022924,-2.708805479841));
#5132 = CARTESIAN_POINT('',(7.090688823741,-2.398383014161));
#5133 = CARTESIAN_POINT('',(7.084985303478,-2.075598414941));
#5134 = CARTESIAN_POINT('',(7.080212302,-1.743459237812));
#5135 = CARTESIAN_POINT('',(7.076371240933,-1.404807512052));
#5136 = CARTESIAN_POINT('',(7.073412821398,-1.062803142173));
#5137 = CARTESIAN_POINT('',(7.071281850188,-0.720564641911));
#5138 = CARTESIAN_POINT('',(7.069925664742,-0.381280212039));
#5139 = CARTESIAN_POINT('',(7.069294808426,-4.76732208007E-02));
#5140 = CARTESIAN_POINT('',(7.06933587328,0.275939916293));
#5141 = CARTESIAN_POINT('',(7.070031516104,0.609522598441));
#5142 = CARTESIAN_POINT('',(7.071388530318,0.947474203524));
#5143 = CARTESIAN_POINT('',(7.07340758967,1.288059236117));
#5144 = CARTESIAN_POINT('',(7.07609150234,1.628534913024));
#5145 = CARTESIAN_POINT('',(7.079441533272,1.966473890066));
#5146 = CARTESIAN_POINT('',(7.083466636823,2.299354375533));
#5147 = CARTESIAN_POINT('',(7.088135029445,2.625092021315));
#5148 = CARTESIAN_POINT('',(7.093409283324,2.941549122423));
#5149 = CARTESIAN_POINT('',(7.099257954755,3.246601481465));
#5150 = CARTESIAN_POINT('',(7.103521747138,3.440959689127));
#5151 = CARTESIAN_POINT('',(7.105740053581,3.535533905933));
#5152 = ( GEOMETRIC_REPRESENTATION_CONTEXT(2) 
PARAMETRIC_REPRESENTATION_CONTEXT() REPRESENTATION_CONTEXT('2D SPACE',''
  ) );
#5153 = PCURVE('',#2815,#5154);
#5154 = DEFINITIONAL_REPRESENTATION('',(#5155),#5181);
#5155 = B_SPLINE_CURVE_WITH_KNOTS('',3,(#5156,#5157,#5158,#5159,#5160,
    #5161,#5162,#5163,#5164,#5165,#5166,#5167,#5168,#5169,#5170,#5171,
    #5172,#5173,#5174,#5175,#5176,#5177,#5178,#5179,#5180),
  .UNSPECIFIED.,.F.,.F.,(4,1,1,1,1,1,1,1,1,1,1,1,1,1,1,1,1,1,1,1,1,1,4),
  (1.140308491282,1.18622023925,1.232131987218,1.278043735186,
    1.323955483154,1.369867231122,1.41577897909,1.461690727058,
    1.507602475026,1.553514222994,1.599425970962,1.64533771893,
    1.691249466898,1.737161214866,1.783072962834,1.828984710802,
    1.87489645877,1.920808206738,1.966719954706,2.012631702674,
    2.058543450642,2.10445519861,2.150366946578),.QUASI_UNIFORM_KNOTS.);
#5156 = CARTESIAN_POINT('',(2.543605690473,7.071067810569));
#5157 = CARTESIAN_POINT('',(2.517630567217,6.988139208322));
#5158 = CARTESIAN_POINT('',(2.466406380899,6.816056423817));
#5159 = CARTESIAN_POINT('',(2.391027406149,6.5397604206));
#5160 = CARTESIAN_POINT('',(2.315942860583,6.244404122745));
#5161 = CARTESIAN_POINT('',(2.24153686754,5.933975898224));
#5162 = CARTESIAN_POINT('',(2.167815462301,5.611155881725));
#5163 = CARTESIAN_POINT('',(2.094906283855,5.278980304911));
#5164 = CARTESIAN_POINT('',(2.022903737791,4.940369244832));
#5165 = CARTESIAN_POINT('',(1.951909792758,4.59841184622));
#5166 = CARTESIAN_POINT('',(1.882088706312,4.256180719886));
#5167 = CARTESIAN_POINT('',(1.813679298186,3.916862345127));
#5168 = CARTESIAN_POINT('',(1.746869156548,3.583204272687));
#5169 = CARTESIAN_POINT('',(1.682183818585,3.259595899042));
#5170 = CARTESIAN_POINT('',(1.615321933248,2.926064546958));
#5171 = CARTESIAN_POINT('',(1.547112073784,2.588148589322));
#5172 = CARTESIAN_POINT('',(1.477597225753,2.247561960671));
#5173 = CARTESIAN_POINT('',(1.406996878003,1.907047909365));
#5174 = CARTESIAN_POINT('',(1.335436239725,1.569056866815));
#5175 = CARTESIAN_POINT('',(1.262980633331,1.236181218405));
#5176 = CARTESIAN_POINT('',(1.189716792885,0.910454312695));
#5177 = CARTESIAN_POINT('',(1.115774464396,0.59399912668));
#5178 = CARTESIAN_POINT('',(1.041267226011,0.288938012192));
#5179 = CARTESIAN_POINT('',(0.991271650027,9.457499698265E-02));
#5180 = CARTESIAN_POINT('',(0.966207628669,0.));
#5181 = ( GEOMETRIC_REPRESENTATION_CONTEXT(2) 
PARAMETRIC_REPRESENTATION_CONTEXT() REPRESENTATION_CONTEXT('2D SPACE',''
  ) );
#5182 = ORIENTED_EDGE('',*,*,#2761,.F.);
#5183 = ORIENTED_EDGE('',*,*,#4685,.T.);
#5184 = ADVANCED_FACE('',(#5185),#2815,.T.);
#5185 = FACE_BOUND('',#5186,.T.);
#5186 = EDGE_LOOP('',(#5187,#5264,#5265,#5266,#5294,#5315,#5348,#5369));
#5187 = ORIENTED_EDGE('',*,*,#5188,.F.);
#5188 = EDGE_CURVE('',#2795,#5189,#5191,.T.);
#5189 = VERTEX_POINT('',#5190);
#5190 = CARTESIAN_POINT('',(26.204984977761,-58.2,15.352602989572));
#5191 = SURFACE_CURVE('',#5192,(#5206,#5235),.PCURVE_S1.);
#5192 = B_SPLINE_CURVE_WITH_KNOTS('',3,(#5193,#5194,#5195,#5196,#5197,
    #5198,#5199,#5200,#5201,#5202,#5203,#5204,#5205),.UNSPECIFIED.,.F.,
  .F.,(4,2,3,2,2,4),(3.184363011296,3.394194497243,3.669142369557,
    3.918382246675,4.167622123793,4.194421465956),.UNSPECIFIED.);
#5193 = CARTESIAN_POINT('',(32.062700326146,-51.50000000392,
    18.607721951285));
#5194 = CARTESIAN_POINT('',(31.877535646348,-51.93223822276,
    18.065653840711));
#5195 = CARTESIAN_POINT('',(31.600044644488,-52.41892084792,
    17.563072231424));
#5196 = CARTESIAN_POINT('',(30.811783491192,-53.59108105266,
    16.562411559474));
#5197 = CARTESIAN_POINT('',(30.253811168105,-54.29266602031,
    16.115698532423));
#5198 = CARTESIAN_POINT('',(29.681840658375,-54.94072437026,
    15.811019420987));
#5199 = CARTESIAN_POINT('',(29.163350159212,-55.52818839443,
    15.534828215522));
#5200 = CARTESIAN_POINT('',(28.549549187096,-56.16670063893,
    15.330602458973));
#5201 = CARTESIAN_POINT('',(27.247086207743,-57.38080453134,
    15.181894999055));
#5202 = CARTESIAN_POINT('',(26.558662101042,-57.95651578676,
    15.236308322565));
#5203 = CARTESIAN_POINT('',(25.828452874349,-58.47207980159,
    15.454548543151));
#5204 = CARTESIAN_POINT('',(25.756462109696,-58.52188266617,
    15.477781197596));
#5205 = CARTESIAN_POINT('',(25.683679362963,-58.57106781056,
    15.503180785191));
#5206 = PCURVE('',#2815,#5207);
#5207 = DEFINITIONAL_REPRESENTATION('',(#5208),#5234);
#5208 = B_SPLINE_CURVE_WITH_KNOTS('',3,(#5209,#5210,#5211,#5212,#5213,
    #5214,#5215,#5216,#5217,#5218,#5219,#5220,#5221,#5222,#5223,#5224,
    #5225,#5226,#5227,#5228,#5229,#5230,#5231,#5232,#5233),
  .UNSPECIFIED.,.F.,.F.,(4,1,1,1,1,1,1,1,1,1,1,1,1,1,1,1,1,1,1,1,1,1,4),
  (3.184363011296,3.230274759235,3.276186507174,3.322098255113,
    3.368010003052,3.413921750991,3.45983349893,3.505745246869,
    3.551656994808,3.597568742748,3.643480490687,3.689392238626,
    3.735303986565,3.781215734504,3.827127482443,3.873039230382,
    3.918950978321,3.96486272626,4.010774474199,4.056686222138,
    4.102597970077,4.148509718017,4.194421465956),
  .QUASI_UNIFORM_KNOTS.);
#5209 = CARTESIAN_POINT('',(-0.966207629711,3.929301328753E-09));
#5210 = CARTESIAN_POINT('',(-0.991271651051,9.457500092369E-02));
#5211 = CARTESIAN_POINT('',(-1.041267227,0.288938016141));
#5212 = CARTESIAN_POINT('',(-1.115774465331,0.593999130597));
#5213 = CARTESIAN_POINT('',(-1.189716793765,0.910454316541));
#5214 = CARTESIAN_POINT('',(-1.262980634156,1.236181222141));
#5215 = CARTESIAN_POINT('',(-1.335436240495,1.569056870409));
#5216 = CARTESIAN_POINT('',(-1.406996878719,1.907047912786));
#5217 = CARTESIAN_POINT('',(-1.477597226415,2.247561963891));
#5218 = CARTESIAN_POINT('',(-1.54711207439,2.588148592315));
#5219 = CARTESIAN_POINT('',(-1.615321933801,2.926064549709));
#5220 = CARTESIAN_POINT('',(-1.68218381908,3.259595901518));
#5221 = CARTESIAN_POINT('',(-1.746869157001,3.583204274952));
#5222 = CARTESIAN_POINT('',(-1.813679298613,3.916862347254));
#5223 = CARTESIAN_POINT('',(-1.882088706704,4.256180721818));
#5224 = CARTESIAN_POINT('',(-1.951909793113,4.598411847945));
#5225 = CARTESIAN_POINT('',(-2.022903738107,4.940369246333));
#5226 = CARTESIAN_POINT('',(-2.094906284129,5.278980306178));
#5227 = CARTESIAN_POINT('',(-2.167815462532,5.611155882755));
#5228 = CARTESIAN_POINT('',(-2.241536867727,5.93397589902));
#5229 = CARTESIAN_POINT('',(-2.315942860724,6.244404123315));
#5230 = CARTESIAN_POINT('',(-2.391027406244,6.539760420957));
#5231 = CARTESIAN_POINT('',(-2.466406380947,6.81605642398));
#5232 = CARTESIAN_POINT('',(-2.517630567233,6.988139208373));
#5233 = CARTESIAN_POINT('',(-2.543605690473,7.071067810569));
#5234 = ( GEOMETRIC_REPRESENTATION_CONTEXT(2) 
PARAMETRIC_REPRESENTATION_CONTEXT() REPRESENTATION_CONTEXT('2D SPACE',''
  ) );
#5235 = PCURVE('',#2848,#5236);
#5236 = DEFINITIONAL_REPRESENTATION('',(#5237),#5263);
#5237 = B_SPLINE_CURVE_WITH_KNOTS('',3,(#5238,#5239,#5240,#5241,#5242,
    #5243,#5244,#5245,#5246,#5247,#5248,#5249,#5250,#5251,#5252,#5253,
    #5254,#5255,#5256,#5257,#5258,#5259,#5260,#5261,#5262),
  .UNSPECIFIED.,.F.,.F.,(4,1,1,1,1,1,1,1,1,1,1,1,1,1,1,1,1,1,1,1,1,1,4),
  (3.184363011296,3.230274759235,3.276186507174,3.322098255113,
    3.368010003052,3.413921750991,3.45983349893,3.505745246869,
    3.551656994808,3.597568742748,3.643480490687,3.689392238626,
    3.735303986565,3.781215734504,3.827127482443,3.873039230382,
    3.918950978321,3.96486272626,4.010774474199,4.056686222138,
    4.102597970077,4.148509718017,4.194421465956),
  .QUASI_UNIFORM_KNOTS.);
#5238 = CARTESIAN_POINT('',(7.328132860504,3.535533902003));
#5239 = CARTESIAN_POINT('',(7.330351166943,3.440959685186));
#5240 = CARTESIAN_POINT('',(7.334614959319,3.246601477516));
#5241 = CARTESIAN_POINT('',(7.340463630739,2.941549118506));
#5242 = CARTESIAN_POINT('',(7.345737884608,2.625092017469));
#5243 = CARTESIAN_POINT('',(7.350406277219,2.299354371797));
#5244 = CARTESIAN_POINT('',(7.35443138076,1.966473886472));
#5245 = CARTESIAN_POINT('',(7.357781411684,1.628534909603));
#5246 = CARTESIAN_POINT('',(7.360465324345,1.288059232898));
#5247 = CARTESIAN_POINT('',(7.362484383689,0.947474200532));
#5248 = CARTESIAN_POINT('',(7.363841397897,0.609522595689));
#5249 = CARTESIAN_POINT('',(7.364537040715,0.275939913816));
#5250 = CARTESIAN_POINT('',(7.364578105565,-4.767322306588E-02));
#5251 = CARTESIAN_POINT('',(7.363947249244,-0.381280214165));
#5252 = CARTESIAN_POINT('',(7.362591063795,-0.720564643844));
#5253 = CARTESIAN_POINT('',(7.360460092582,-1.062803143898));
#5254 = CARTESIAN_POINT('',(7.357501673045,-1.404807513553));
#5255 = CARTESIAN_POINT('',(7.353660611976,-1.743459239079));
#5256 = CARTESIAN_POINT('',(7.348887610498,-2.075598415971));
#5257 = CARTESIAN_POINT('',(7.343184090236,-2.398383014956));
#5258 = CARTESIAN_POINT('',(7.336552684739,-2.708805480411));
#5259 = CARTESIAN_POINT('',(7.328988808773,-3.004190310275));
#5260 = CARTESIAN_POINT('',(7.320542234405,-3.280522309695));
#5261 = CARTESIAN_POINT('',(7.314237917664,-3.452611658066));
#5262 = CARTESIAN_POINT('',(7.310904669465,-3.535533904636));
#5263 = ( GEOMETRIC_REPRESENTATION_CONTEXT(2) 
PARAMETRIC_REPRESENTATION_CONTEXT() REPRESENTATION_CONTEXT('2D SPACE',''
  ) );
#5264 = ORIENTED_EDGE('',*,*,#2794,.F.);
#5265 = ORIENTED_EDGE('',*,*,#5109,.F.);
#5266 = ORIENTED_EDGE('',*,*,#5267,.F.);
#5267 = EDGE_CURVE('',#5268,#5081,#5270,.T.);
#5268 = VERTEX_POINT('',#5269);
#5269 = CARTESIAN_POINT('',(22.462836216377,-58.2,21.364011540818));
#5270 = SURFACE_CURVE('',#5271,(#5276,#5283),.PCURVE_S1.);
#5271 = CIRCLE('',#5272,5.);
#5272 = AXIS2_PLACEMENT_3D('',#5273,#5274,#5275);
#5273 = CARTESIAN_POINT('',(27.331133260985,-58.2,20.223974749546));
#5274 = DIRECTION('',(0.,-1.,0.));
#5275 = DIRECTION('',(0.803856860617,0.,0.594822786751));
#5276 = PCURVE('',#2815,#5277);
#5277 = DEFINITIONAL_REPRESENTATION('',(#5278),#5282);
#5278 = LINE('',#5279,#5280);
#5279 = CARTESIAN_POINT('',(-6.28318530718,6.7));
#5280 = VECTOR('',#5281,1.);
#5281 = DIRECTION('',(1.,0.));
#5282 = ( GEOMETRIC_REPRESENTATION_CONTEXT(2) 
PARAMETRIC_REPRESENTATION_CONTEXT() REPRESENTATION_CONTEXT('2D SPACE',''
  ) );
#5283 = PCURVE('',#5097,#5284);
#5284 = DEFINITIONAL_REPRESENTATION('',(#5285),#5293);
#5285 = ( BOUNDED_CURVE() B_SPLINE_CURVE(2,(#5286,#5287,#5288,#5289,
#5290,#5291,#5292),.UNSPECIFIED.,.T.,.F.) B_SPLINE_CURVE_WITH_KNOTS((1,2
    ,2,2,2,1),(-2.094395102393,0.,2.094395102393,4.188790204786,
6.28318530718,8.377580409573),.UNSPECIFIED.) CURVE() 
GEOMETRIC_REPRESENTATION_ITEM() RATIONAL_B_SPLINE_CURVE((1.,0.5,1.,0.5,
1.,0.5,1.)) REPRESENTATION_ITEM('') );
#5286 = CARTESIAN_POINT('',(31.350417564072,-23.1980886833));
#5287 = CARTESIAN_POINT('',(26.199101123306,-30.15969330631));
#5288 = CARTESIAN_POINT('',(22.74583288906,-22.21772009417));
#5289 = CARTESIAN_POINT('',(19.292564654813,-14.27574688203));
#5290 = CARTESIAN_POINT('',(27.897149329825,-15.25611547116));
#5291 = CARTESIAN_POINT('',(36.501734004837,-16.23648406029));
#5292 = CARTESIAN_POINT('',(31.350417564072,-23.1980886833));
#5293 = ( GEOMETRIC_REPRESENTATION_CONTEXT(2) 
PARAMETRIC_REPRESENTATION_CONTEXT() REPRESENTATION_CONTEXT('2D SPACE',''
  ) );
#5294 = ORIENTED_EDGE('',*,*,#5295,.T.);
#5295 = EDGE_CURVE('',#5268,#5296,#5298,.T.);
#5296 = VERTEX_POINT('',#5297);
#5297 = CARTESIAN_POINT('',(22.462836216377,-58.57106781186,
    21.364011540818));
#5298 = SURFACE_CURVE('',#5299,(#5303,#5309),.PCURVE_S1.);
#5299 = LINE('',#5300,#5301);
#5300 = CARTESIAN_POINT('',(22.462836216377,-51.5,21.364011540818));
#5301 = VECTOR('',#5302,1.);
#5302 = DIRECTION('',(0.,-1.,0.));
#5303 = PCURVE('',#2815,#5304);
#5304 = DEFINITIONAL_REPRESENTATION('',(#5305),#5308);
#5305 = B_SPLINE_CURVE_WITH_KNOTS('',1,(#5306,#5307),.UNSPECIFIED.,.F.,
  .F.,(2,2),(6.6999994,7.071068411865),.PIECEWISE_BEZIER_KNOTS.);
#5306 = CARTESIAN_POINT('',(2.274516834878,6.6999994));
#5307 = CARTESIAN_POINT('',(2.274516834878,7.071068411865));
#5308 = ( GEOMETRIC_REPRESENTATION_CONTEXT(2) 
PARAMETRIC_REPRESENTATION_CONTEXT() REPRESENTATION_CONTEXT('2D SPACE',''
  ) );
#5309 = PCURVE('',#4807,#5310);
#5310 = DEFINITIONAL_REPRESENTATION('',(#5311),#5314);
#5311 = B_SPLINE_CURVE_WITH_KNOTS('',1,(#5312,#5313),.UNSPECIFIED.,.F.,
  .F.,(2,2),(6.7,7.071067811865),.PIECEWISE_BEZIER_KNOTS.);
#5312 = CARTESIAN_POINT('',(-5.522853845522,0.));
#5313 = CARTESIAN_POINT('',(-5.522853845522,0.371067811865));
#5314 = ( GEOMETRIC_REPRESENTATION_CONTEXT(2) 
PARAMETRIC_REPRESENTATION_CONTEXT() REPRESENTATION_CONTEXT('2D SPACE',''
  ) );
#5315 = ORIENTED_EDGE('',*,*,#5316,.T.);
#5316 = EDGE_CURVE('',#5296,#5317,#5319,.T.);
#5317 = VERTEX_POINT('',#5318);
#5318 = CARTESIAN_POINT('',(26.998003560424,-58.57106781186,
    15.235084632235));
#5319 = SURFACE_CURVE('',#5320,(#5325,#5332),.PCURVE_S1.);
#5320 = CIRCLE('',#5321,5.);
#5321 = AXIS2_PLACEMENT_3D('',#5322,#5323,#5324);
#5322 = CARTESIAN_POINT('',(27.331133260985,-58.57106781186,
    20.223974749546));
#5323 = DIRECTION('',(0.,1.,0.));
#5324 = DIRECTION('',(0.972369920398,0.,-0.233445363856));
#5325 = PCURVE('',#2815,#5326);
#5326 = DEFINITIONAL_REPRESENTATION('',(#5327),#5331);
#5327 = LINE('',#5328,#5329);
#5328 = CARTESIAN_POINT('',(5.410520681182,7.071067811865));
#5329 = VECTOR('',#5330,1.);
#5330 = DIRECTION('',(-1.,0.));
#5331 = ( GEOMETRIC_REPRESENTATION_CONTEXT(2) 
PARAMETRIC_REPRESENTATION_CONTEXT() REPRESENTATION_CONTEXT('2D SPACE',''
  ) );
#5332 = PCURVE('',#5333,#5338);
#5333 = PLANE('',#5334);
#5334 = AXIS2_PLACEMENT_3D('',#5335,#5336,#5337);
#5335 = CARTESIAN_POINT('',(-5.052276285146,-58.57106781186,
    1.212944221068));
#5336 = DIRECTION('',(0.,-1.,0.));
#5337 = DIRECTION('',(-0.233445363856,-0.,-0.972369920398));
#5338 = DEFINITIONAL_REPRESENTATION('',(#5339),#5347);
#5339 = ( BOUNDED_CURVE() B_SPLINE_CURVE(2,(#5340,#5341,#5342,#5343,
#5344,#5345,#5346),.UNSPECIFIED.,.T.,.F.) B_SPLINE_CURVE_WITH_KNOTS((1,2
    ,2,2,2,1),(-2.094395102393,0.,2.094395102393,4.188790204786,
6.28318530718,8.377580409573),.UNSPECIFIED.) CURVE() 
GEOMETRIC_REPRESENTATION_ITEM() RATIONAL_B_SPLINE_CURVE((1.,0.5,1.,0.5,
1.,0.5,1.)) REPRESENTATION_ITEM('') );
#5340 = CARTESIAN_POINT('',(-26.04551106604,32.050616423581));
#5341 = CARTESIAN_POINT('',(-17.3852570282,32.050616423581));
#5342 = CARTESIAN_POINT('',(-21.71538404712,24.550616423581));
#5343 = CARTESIAN_POINT('',(-26.04551106604,17.050616423581));
#5344 = CARTESIAN_POINT('',(-30.37563808496,24.550616423581));
#5345 = CARTESIAN_POINT('',(-34.70576510389,32.050616423581));
#5346 = CARTESIAN_POINT('',(-26.04551106604,32.050616423581));
#5347 = ( GEOMETRIC_REPRESENTATION_CONTEXT(2) 
PARAMETRIC_REPRESENTATION_CONTEXT() REPRESENTATION_CONTEXT('2D SPACE',''
  ) );
#5348 = ORIENTED_EDGE('',*,*,#5349,.F.);
#5349 = EDGE_CURVE('',#5350,#5317,#5352,.T.);
#5350 = VERTEX_POINT('',#5351);
#5351 = CARTESIAN_POINT('',(26.998003560424,-58.2,15.235084632235));
#5352 = SURFACE_CURVE('',#5353,(#5357,#5363),.PCURVE_S1.);
#5353 = LINE('',#5354,#5355);
#5354 = CARTESIAN_POINT('',(26.998003560424,-51.5,15.235084632235));
#5355 = VECTOR('',#5356,1.);
#5356 = DIRECTION('',(0.,-1.,0.));
#5357 = PCURVE('',#2815,#5358);
#5358 = DEFINITIONAL_REPRESENTATION('',(#5359),#5362);
#5359 = B_SPLINE_CURVE_WITH_KNOTS('',1,(#5360,#5361),.UNSPECIFIED.,.F.,
  .F.,(2,2),(6.6999994,7.071068411865),.PIECEWISE_BEZIER_KNOTS.);
#5360 = CARTESIAN_POINT('',(-2.274516834878,6.6999994));
#5361 = CARTESIAN_POINT('',(-2.274516834878,7.071068411865));
#5362 = ( GEOMETRIC_REPRESENTATION_CONTEXT(2) 
PARAMETRIC_REPRESENTATION_CONTEXT() REPRESENTATION_CONTEXT('2D SPACE',''
  ) );
#5363 = PCURVE('',#4807,#5364);
#5364 = DEFINITIONAL_REPRESENTATION('',(#5365),#5368);
#5365 = B_SPLINE_CURVE_WITH_KNOTS('',1,(#5366,#5367),.UNSPECIFIED.,.F.,
  .F.,(2,2),(6.7,7.071067811865),.PIECEWISE_BEZIER_KNOTS.);
#5366 = CARTESIAN_POINT('',(-5.769426414881,0.));
#5367 = CARTESIAN_POINT('',(-5.769426414881,0.371067811865));
#5368 = ( GEOMETRIC_REPRESENTATION_CONTEXT(2) 
PARAMETRIC_REPRESENTATION_CONTEXT() REPRESENTATION_CONTEXT('2D SPACE',''
  ) );
#5369 = ORIENTED_EDGE('',*,*,#5370,.F.);
#5370 = EDGE_CURVE('',#5189,#5350,#5371,.T.);
#5371 = SURFACE_CURVE('',#5372,(#5377,#5384),.PCURVE_S1.);
#5372 = CIRCLE('',#5373,5.);
#5373 = AXIS2_PLACEMENT_3D('',#5374,#5375,#5376);
#5374 = CARTESIAN_POINT('',(27.331133260985,-58.2,20.223974749546));
#5375 = DIRECTION('',(0.,-1.,0.));
#5376 = DIRECTION('',(0.803856860617,0.,0.594822786751));
#5377 = PCURVE('',#2815,#5378);
#5378 = DEFINITIONAL_REPRESENTATION('',(#5379),#5383);
#5379 = LINE('',#5380,#5381);
#5380 = CARTESIAN_POINT('',(-6.28318530718,6.7));
#5381 = VECTOR('',#5382,1.);
#5382 = DIRECTION('',(1.,0.));
#5383 = ( GEOMETRIC_REPRESENTATION_CONTEXT(2) 
PARAMETRIC_REPRESENTATION_CONTEXT() REPRESENTATION_CONTEXT('2D SPACE',''
  ) );
#5384 = PCURVE('',#5385,#5390);
#5385 = PLANE('',#5386);
#5386 = AXIS2_PLACEMENT_3D('',#5387,#5388,#5389);
#5387 = CARTESIAN_POINT('',(0.,-58.2,0.));
#5388 = DIRECTION('',(0.,1.,0.));
#5389 = DIRECTION('',(1.,0.,0.));
#5390 = DEFINITIONAL_REPRESENTATION('',(#5391),#5399);
#5391 = ( BOUNDED_CURVE() B_SPLINE_CURVE(2,(#5392,#5393,#5394,#5395,
#5396,#5397,#5398),.UNSPECIFIED.,.T.,.F.) B_SPLINE_CURVE_WITH_KNOTS((1,2
    ,2,2,2,1),(-2.094395102393,0.,2.094395102393,4.188790204786,
6.28318530718,8.377580409573),.UNSPECIFIED.) CURVE() 
GEOMETRIC_REPRESENTATION_ITEM() RATIONAL_B_SPLINE_CURVE((1.,0.5,1.,0.5,
1.,0.5,1.)) REPRESENTATION_ITEM('') );
#5392 = CARTESIAN_POINT('',(31.350417564072,-23.1980886833));
#5393 = CARTESIAN_POINT('',(26.199101123306,-30.15969330631));
#5394 = CARTESIAN_POINT('',(22.74583288906,-22.21772009417));
#5395 = CARTESIAN_POINT('',(19.292564654813,-14.27574688203));
#5396 = CARTESIAN_POINT('',(27.897149329825,-15.25611547116));
#5397 = CARTESIAN_POINT('',(36.501734004837,-16.23648406029));
#5398 = CARTESIAN_POINT('',(31.350417564072,-23.1980886833));
#5399 = ( GEOMETRIC_REPRESENTATION_CONTEXT(2) 
PARAMETRIC_REPRESENTATION_CONTEXT() REPRESENTATION_CONTEXT('2D SPACE',''
  ) );
#5400 = ADVANCED_FACE('',(#5401),#2848,.T.);
#5401 = FACE_BOUND('',#5402,.T.);
#5402 = EDGE_LOOP('',(#5403,#5404,#5428,#5502));
#5403 = ORIENTED_EDGE('',*,*,#5188,.T.);
#5404 = ORIENTED_EDGE('',*,*,#5405,.T.);
#5405 = EDGE_CURVE('',#5189,#5406,#5408,.T.);
#5406 = VERTEX_POINT('',#5407);
#5407 = CARTESIAN_POINT('',(3.246026949749,-58.2,-30.19713505088));
#5408 = SURFACE_CURVE('',#5409,(#5414,#5421),.PCURVE_S1.);
#5409 = CIRCLE('',#5410,30.371067811865);
#5410 = AXIS2_PLACEMENT_3D('',#5411,#5412,#5413);
#5411 = CARTESIAN_POINT('',(0.,-58.2,0.));
#5412 = DIRECTION('',(0.,1.,0.));
#5413 = DIRECTION('',(1.653892159486E-15,-0.,1.));
#5414 = PCURVE('',#2848,#5415);
#5415 = DEFINITIONAL_REPRESENTATION('',(#5416),#5420);
#5416 = LINE('',#5417,#5418);
#5417 = CARTESIAN_POINT('',(0.,-3.164466094067));
#5418 = VECTOR('',#5419,1.);
#5419 = DIRECTION('',(1.,0.));
#5420 = ( GEOMETRIC_REPRESENTATION_CONTEXT(2) 
PARAMETRIC_REPRESENTATION_CONTEXT() REPRESENTATION_CONTEXT('2D SPACE',''
  ) );
#5421 = PCURVE('',#5385,#5422);
#5422 = DEFINITIONAL_REPRESENTATION('',(#5423),#5427);
#5423 = CIRCLE('',#5424,30.371067811865);
#5424 = AXIS2_PLACEMENT_2D('',#5425,#5426);
#5425 = CARTESIAN_POINT('',(0.,0.));
#5426 = DIRECTION('',(1.653892159486E-15,-1.));
#5427 = ( GEOMETRIC_REPRESENTATION_CONTEXT(2) 
PARAMETRIC_REPRESENTATION_CONTEXT() REPRESENTATION_CONTEXT('2D SPACE',''
  ) );
#5428 = ORIENTED_EDGE('',*,*,#5429,.T.);
#5429 = EDGE_CURVE('',#5406,#2828,#5430,.T.);
#5430 = SURFACE_CURVE('',#5431,(#5444,#5473),.PCURVE_S1.);
#5431 = B_SPLINE_CURVE_WITH_KNOTS('',3,(#5432,#5433,#5434,#5435,#5436,
    #5437,#5438,#5439,#5440,#5441,#5442,#5443),.UNSPECIFIED.,.F.,.F.,(4,
    2,2,2,2,4),(1.140308491047,1.167107833445,1.416347710563,
    1.665587587681,1.940535459995,2.150366946578),.UNSPECIFIED.);
#5432 = CARTESIAN_POINT('',(2.814899495461,-58.57106781186,
    -29.86764705882));
#5433 = CARTESIAN_POINT('',(2.878609965044,-58.52188266704,
    -29.91104571601));
#5434 = CARTESIAN_POINT('',(2.940107441522,-58.47207980203,
    -29.9550966742));
#5435 = CARTESIAN_POINT('',(3.549886427756,-57.95651578676,
    -30.41226611496));
#5436 = CARTESIAN_POINT('',(4.003117296783,-57.38080453134,
    -30.93329427142));
#5437 = CARTESIAN_POINT('',(4.658312443922,-56.16670063893,
    -32.06874265879));
#5438 = CARTESIAN_POINT('',(4.859246973151,-55.52818839443,
    -32.68362891492));
#5439 = CARTESIAN_POINT('',(5.040941439935,-54.29266602031,
    -33.90571837879));
#5440 = CARTESIAN_POINT('',(5.01374276056,-53.59108105266,
    -34.61996334637));
#5441 = CARTESIAN_POINT('',(4.678230509715,-52.41892084638,
    -35.8488282535));
#5442 = CARTESIAN_POINT('',(4.439284805076,-51.93223821981,
    -36.37083829406));
#5443 = CARTESIAN_POINT('',(4.113679804813,-51.5,-36.84211865752));
#5444 = PCURVE('',#2848,#5445);
#5445 = DEFINITIONAL_REPRESENTATION('',(#5446),#5472);
#5446 = B_SPLINE_CURVE_WITH_KNOTS('',3,(#5447,#5448,#5449,#5450,#5451,
    #5452,#5453,#5454,#5455,#5456,#5457,#5458,#5459,#5460,#5461,#5462,
    #5463,#5464,#5465,#5466,#5467,#5468,#5469,#5470,#5471),
  .UNSPECIFIED.,.F.,.F.,(4,1,1,1,1,1,1,1,1,1,1,1,1,1,1,1,1,1,1,1,1,1,4),
  (1.140308491047,1.186220239025,1.232131987004,1.278043734983,
    1.323955482962,1.36986723094,1.415778978919,1.461690726898,
    1.507602474876,1.553514222855,1.599425970834,1.645337718812,
    1.691249466791,1.73716121477,1.783072962748,1.828984710727,
    1.874896458706,1.920808206684,1.966719954663,2.012631702642,
    2.058543450621,2.104455198599,2.150366946578),
  .QUASI_UNIFORM_KNOTS.);
#5447 = CARTESIAN_POINT('',(9.330809748353,-3.535533905933));
#5448 = CARTESIAN_POINT('',(9.327476500149,-3.452611659305));
#5449 = CARTESIAN_POINT('',(9.321172183399,-3.280522310831));
#5450 = CARTESIAN_POINT('',(9.31272560902,-3.004190311258));
#5451 = CARTESIAN_POINT('',(9.305161733045,-2.708805481185));
#5452 = CARTESIAN_POINT('',(9.29853032754,-2.398383015492));
#5453 = CARTESIAN_POINT('',(9.292826807272,-2.075598416242));
#5454 = CARTESIAN_POINT('',(9.288053805789,-1.743459239066));
#5455 = CARTESIAN_POINT('',(9.284212744718,-1.404807513244));
#5456 = CARTESIAN_POINT('',(9.281254325179,-1.062803143291));
#5457 = CARTESIAN_POINT('',(9.279123353966,-0.720564642945));
#5458 = CARTESIAN_POINT('',(9.277767168518,-0.381280212982));
#5459 = CARTESIAN_POINT('',(9.2771363122,-4.767322163866E-02));
#5460 = CARTESIAN_POINT('',(9.277177377052,0.275939915527));
#5461 = CARTESIAN_POINT('',(9.277873019875,0.609522597735));
#5462 = CARTESIAN_POINT('',(9.279230034088,0.947474202891));
#5463 = CARTESIAN_POINT('',(9.281249093439,1.288059235561));
#5464 = CARTESIAN_POINT('',(9.283933006108,1.628534912549));
#5465 = CARTESIAN_POINT('',(9.287283037041,1.966473889675));
#5466 = CARTESIAN_POINT('',(9.291308140592,2.299354375226));
#5467 = CARTESIAN_POINT('',(9.295976533214,2.625092021091));
#5468 = CARTESIAN_POINT('',(9.301250787094,2.941549122279));
#5469 = CARTESIAN_POINT('',(9.307099458526,3.246601481396));
#5470 = CARTESIAN_POINT('',(9.311363250911,3.440959689105));
#5471 = CARTESIAN_POINT('',(9.313581557354,3.535533905933));
#5472 = ( GEOMETRIC_REPRESENTATION_CONTEXT(2) 
PARAMETRIC_REPRESENTATION_CONTEXT() REPRESENTATION_CONTEXT('2D SPACE',''
  ) );
#5473 = PCURVE('',#2879,#5474);
#5474 = DEFINITIONAL_REPRESENTATION('',(#5475),#5501);
#5475 = B_SPLINE_CURVE_WITH_KNOTS('',3,(#5476,#5477,#5478,#5479,#5480,
    #5481,#5482,#5483,#5484,#5485,#5486,#5487,#5488,#5489,#5490,#5491,
    #5492,#5493,#5494,#5495,#5496,#5497,#5498,#5499,#5500),
  .UNSPECIFIED.,.F.,.F.,(4,1,1,1,1,1,1,1,1,1,1,1,1,1,1,1,1,1,1,1,1,1,4),
  (1.140308491047,1.186220239025,1.232131987004,1.278043734983,
    1.323955482962,1.36986723094,1.415778978919,1.461690726898,
    1.507602474876,1.553514222855,1.599425970834,1.645337718812,
    1.691249466791,1.73716121477,1.783072962748,1.828984710727,
    1.874896458706,1.920808206684,1.966719954663,2.012631702642,
    2.058543450621,2.104455198599,2.150366946578),
  .QUASI_UNIFORM_KNOTS.);
#5476 = CARTESIAN_POINT('',(8.826790998059,7.071067811865));
#5477 = CARTESIAN_POINT('',(8.800815874787,6.988139209613));
#5478 = CARTESIAN_POINT('',(8.749591688447,6.816056425116));
#5479 = CARTESIAN_POINT('',(8.67421271368,6.53976042194));
#5480 = CARTESIAN_POINT('',(8.599128168094,6.24440412409));
#5481 = CARTESIAN_POINT('',(8.524722175031,5.933975899556));
#5482 = CARTESIAN_POINT('',(8.451000769771,5.611155883025));
#5483 = CARTESIAN_POINT('',(8.378091591305,5.278980306164));
#5484 = CARTESIAN_POINT('',(8.306089045221,4.940369246024));
#5485 = CARTESIAN_POINT('',(8.235095100167,4.598411847338));
#5486 = CARTESIAN_POINT('',(8.165274013701,4.256180720919));
#5487 = CARTESIAN_POINT('',(8.096864605555,3.916862346071));
#5488 = CARTESIAN_POINT('',(8.030054463895,3.583204273525));
#5489 = CARTESIAN_POINT('',(7.965369125918,3.259595899807));
#5490 = CARTESIAN_POINT('',(7.89850724057,2.926064547664));
#5491 = CARTESIAN_POINT('',(7.830297381092,2.588148589956));
#5492 = CARTESIAN_POINT('',(7.760782533047,2.247561961228));
#5493 = CARTESIAN_POINT('',(7.690182185282,1.90704790984));
#5494 = CARTESIAN_POINT('',(7.618621546989,1.569056867206));
#5495 = CARTESIAN_POINT('',(7.546165940578,1.236181218711));
#5496 = CARTESIAN_POINT('',(7.472902100116,0.91045431292));
#5497 = CARTESIAN_POINT('',(7.39895977161,0.593999126824));
#5498 = CARTESIAN_POINT('',(7.324452533209,0.28893801226));
#5499 = CARTESIAN_POINT('',(7.274456957212,9.45749970047E-02));
#5500 = CARTESIAN_POINT('',(7.249392935849,0.));
#5501 = ( GEOMETRIC_REPRESENTATION_CONTEXT(2) 
PARAMETRIC_REPRESENTATION_CONTEXT() REPRESENTATION_CONTEXT('2D SPACE',''
  ) );
#5502 = ORIENTED_EDGE('',*,*,#2827,.F.);
#5503 = ADVANCED_FACE('',(#5504),#2879,.T.);
#5504 = FACE_BOUND('',#5505,.T.);
#5505 = EDGE_LOOP('',(#5506,#5507,#5508,#5509,#5537,#5558,#5591,#5612));
#5506 = ORIENTED_EDGE('',*,*,#4501,.F.);
#5507 = ORIENTED_EDGE('',*,*,#2860,.F.);
#5508 = ORIENTED_EDGE('',*,*,#5429,.F.);
#5509 = ORIENTED_EDGE('',*,*,#5510,.F.);
#5510 = EDGE_CURVE('',#5511,#5406,#5513,.T.);
#5511 = VERTEX_POINT('',#5512);
#5512 = CARTESIAN_POINT('',(3.812200410828,-58.2,-30.76470588235));
#5513 = SURFACE_CURVE('',#5514,(#5519,#5526),.PCURVE_S1.);
#5514 = CIRCLE('',#5515,5.);
#5515 = AXIS2_PLACEMENT_3D('',#5516,#5517,#5518);
#5516 = CARTESIAN_POINT('',(-5.405200097032E-14,-58.2,-34.));
#5517 = DIRECTION('',(0.,-1.,0.));
#5518 = DIRECTION('',(-2.6645352591E-15,-0.,-1.));
#5519 = PCURVE('',#2879,#5520);
#5520 = DEFINITIONAL_REPRESENTATION('',(#5521),#5525);
#5521 = LINE('',#5522,#5523);
#5522 = CARTESIAN_POINT('',(6.28318530718,6.7));
#5523 = VECTOR('',#5524,1.);
#5524 = DIRECTION('',(1.,0.));
#5525 = ( GEOMETRIC_REPRESENTATION_CONTEXT(2) 
PARAMETRIC_REPRESENTATION_CONTEXT() REPRESENTATION_CONTEXT('2D SPACE',''
  ) );
#5526 = PCURVE('',#5385,#5527);
#5527 = DEFINITIONAL_REPRESENTATION('',(#5528),#5536);
#5528 = ( BOUNDED_CURVE() B_SPLINE_CURVE(2,(#5529,#5530,#5531,#5532,
#5533,#5534,#5535),.UNSPECIFIED.,.T.,.F.) B_SPLINE_CURVE_WITH_KNOTS((1,2
    ,2,2,2,1),(-2.094395102393,0.,2.094395102393,4.188790204786,
6.28318530718,8.377580409573),.UNSPECIFIED.) CURVE() 
GEOMETRIC_REPRESENTATION_ITEM() RATIONAL_B_SPLINE_CURVE((1.,0.5,1.,0.5,
1.,0.5,1.)) REPRESENTATION_ITEM('') );
#5529 = CARTESIAN_POINT('',(-6.737467726582E-14,39.));
#5530 = CARTESIAN_POINT('',(8.660254037844,39.));
#5531 = CARTESIAN_POINT('',(4.330127018922,31.5));
#5532 = CARTESIAN_POINT('',(-2.618200158017E-14,24.));
#5533 = CARTESIAN_POINT('',(-4.330127018922,31.5));
#5534 = CARTESIAN_POINT('',(-8.660254037844,39.));
#5535 = CARTESIAN_POINT('',(-6.737467726582E-14,39.));
#5536 = ( GEOMETRIC_REPRESENTATION_CONTEXT(2) 
PARAMETRIC_REPRESENTATION_CONTEXT() REPRESENTATION_CONTEXT('2D SPACE',''
  ) );
#5537 = ORIENTED_EDGE('',*,*,#5538,.T.);
#5538 = EDGE_CURVE('',#5511,#5539,#5541,.T.);
#5539 = VERTEX_POINT('',#5540);
#5540 = CARTESIAN_POINT('',(3.812200410828,-58.57106781186,
    -30.76470588235));
#5541 = SURFACE_CURVE('',#5542,(#5546,#5552),.PCURVE_S1.);
#5542 = LINE('',#5543,#5544);
#5543 = CARTESIAN_POINT('',(3.812200410828,-51.5,-30.76470588235));
#5544 = VECTOR('',#5545,1.);
#5545 = DIRECTION('',(0.,-1.,0.));
#5546 = PCURVE('',#2879,#5547);
#5547 = DEFINITIONAL_REPRESENTATION('',(#5548),#5551);
#5548 = B_SPLINE_CURVE_WITH_KNOTS('',1,(#5549,#5550),.UNSPECIFIED.,.F.,
  .F.,(2,2),(6.6999994,7.071068411865),.PIECEWISE_BEZIER_KNOTS.);
#5549 = CARTESIAN_POINT('',(8.557702142058,6.6999994));
#5550 = CARTESIAN_POINT('',(8.557702142058,7.071068411865));
#5551 = ( GEOMETRIC_REPRESENTATION_CONTEXT(2) 
PARAMETRIC_REPRESENTATION_CONTEXT() REPRESENTATION_CONTEXT('2D SPACE',''
  ) );
#5552 = PCURVE('',#4807,#5553);
#5553 = DEFINITIONAL_REPRESENTATION('',(#5554),#5557);
#5554 = B_SPLINE_CURVE_WITH_KNOTS('',1,(#5555,#5556),.UNSPECIFIED.,.F.,
  .F.,(2,2),(6.7,7.071067811865),.PIECEWISE_BEZIER_KNOTS.);
#5555 = CARTESIAN_POINT('',(-7.730695349295,0.));
#5556 = CARTESIAN_POINT('',(-7.730695349295,0.371067811865));
#5557 = ( GEOMETRIC_REPRESENTATION_CONTEXT(2) 
PARAMETRIC_REPRESENTATION_CONTEXT() REPRESENTATION_CONTEXT('2D SPACE',''
  ) );
#5558 = ORIENTED_EDGE('',*,*,#5559,.T.);
#5559 = EDGE_CURVE('',#5539,#5560,#5562,.T.);
#5560 = VERTEX_POINT('',#5561);
#5561 = CARTESIAN_POINT('',(-3.812200410828,-58.57106781186,
    -30.76470588235));
#5562 = SURFACE_CURVE('',#5563,(#5568,#5575),.PCURVE_S1.);
#5563 = CIRCLE('',#5564,5.);
#5564 = AXIS2_PLACEMENT_3D('',#5565,#5566,#5567);
#5565 = CARTESIAN_POINT('',(-5.405200097032E-14,-58.57106781186,-34.));
#5566 = DIRECTION('',(0.,1.,0.));
#5567 = DIRECTION('',(0.766044443119,0.,-0.642787609687));
#5568 = PCURVE('',#2879,#5569);
#5569 = DEFINITIONAL_REPRESENTATION('',(#5570),#5574);
#5570 = LINE('',#5571,#5572);
#5571 = CARTESIAN_POINT('',(13.439035240356,7.071067811865));
#5572 = VECTOR('',#5573,1.);
#5573 = DIRECTION('',(-1.,0.));
#5574 = ( GEOMETRIC_REPRESENTATION_CONTEXT(2) 
PARAMETRIC_REPRESENTATION_CONTEXT() REPRESENTATION_CONTEXT('2D SPACE',''
  ) );
#5575 = PCURVE('',#5576,#5581);
#5576 = PLANE('',#5577);
#5577 = AXIS2_PLACEMENT_3D('',#5578,#5579,#5580);
#5578 = CARTESIAN_POINT('',(-3.98024259302,-58.57106781186,
    4.339820091799));
#5579 = DIRECTION('',(0.,-1.,0.));
#5580 = DIRECTION('',(-0.642787609687,-0.,-0.766044443119));
#5581 = DEFINITIONAL_REPRESENTATION('',(#5582),#5590);
#5582 = ( BOUNDED_CURVE() B_SPLINE_CURVE(2,(#5583,#5584,#5585,#5586,
#5587,#5588,#5589),.UNSPECIFIED.,.T.,.F.) B_SPLINE_CURVE_WITH_KNOTS((1,2
    ,2,2,2,1),(-2.094395102393,0.,2.094395102393,4.188790204786,
6.28318530718,8.377580409573),.UNSPECIFIED.) CURVE() 
GEOMETRIC_REPRESENTATION_ITEM() RATIONAL_B_SPLINE_CURVE((1.,0.5,1.,0.5,
1.,0.5,1.)) REPRESENTATION_ITEM('') );
#5583 = CARTESIAN_POINT('',(26.811555509164,32.693404033268));
#5584 = CARTESIAN_POINT('',(35.471809547009,32.693404033268));
#5585 = CARTESIAN_POINT('',(31.141682528087,25.193404033268));
#5586 = CARTESIAN_POINT('',(26.811555509164,17.693404033268));
#5587 = CARTESIAN_POINT('',(22.481428490242,25.193404033268));
#5588 = CARTESIAN_POINT('',(18.15130147132,32.693404033268));
#5589 = CARTESIAN_POINT('',(26.811555509164,32.693404033268));
#5590 = ( GEOMETRIC_REPRESENTATION_CONTEXT(2) 
PARAMETRIC_REPRESENTATION_CONTEXT() REPRESENTATION_CONTEXT('2D SPACE',''
  ) );
#5591 = ORIENTED_EDGE('',*,*,#5592,.F.);
#5592 = EDGE_CURVE('',#5593,#5560,#5595,.T.);
#5593 = VERTEX_POINT('',#5594);
#5594 = CARTESIAN_POINT('',(-3.812200410828,-58.2,-30.76470588235));
#5595 = SURFACE_CURVE('',#5596,(#5600,#5606),.PCURVE_S1.);
#5596 = LINE('',#5597,#5598);
#5597 = CARTESIAN_POINT('',(-3.812200410828,-51.5,-30.76470588235));
#5598 = VECTOR('',#5599,1.);
#5599 = DIRECTION('',(0.,-1.,0.));
#5600 = PCURVE('',#2879,#5601);
#5601 = DEFINITIONAL_REPRESENTATION('',(#5602),#5605);
#5602 = B_SPLINE_CURVE_WITH_KNOTS('',1,(#5603,#5604),.UNSPECIFIED.,.F.,
  .F.,(2,2),(6.6999994,7.071068411865),.PIECEWISE_BEZIER_KNOTS.);
#5603 = CARTESIAN_POINT('',(4.008668472301,6.6999994));
#5604 = CARTESIAN_POINT('',(4.008668472301,7.071068411865));
#5605 = ( GEOMETRIC_REPRESENTATION_CONTEXT(2) 
PARAMETRIC_REPRESENTATION_CONTEXT() REPRESENTATION_CONTEXT('2D SPACE',''
  ) );
#5606 = PCURVE('',#4807,#5607);
#5607 = DEFINITIONAL_REPRESENTATION('',(#5608),#5611);
#5608 = B_SPLINE_CURVE_WITH_KNOTS('',1,(#5609,#5610),.UNSPECIFIED.,.F.,
  .F.,(2,2),(6.7,7.071067811865),.PIECEWISE_BEZIER_KNOTS.);
#5609 = CARTESIAN_POINT('',(-7.977267918654,0.));
#5610 = CARTESIAN_POINT('',(-7.977267918654,0.371067811865));
#5611 = ( GEOMETRIC_REPRESENTATION_CONTEXT(2) 
PARAMETRIC_REPRESENTATION_CONTEXT() REPRESENTATION_CONTEXT('2D SPACE',''
  ) );
#5612 = ORIENTED_EDGE('',*,*,#5613,.F.);
#5613 = EDGE_CURVE('',#4502,#5593,#5614,.T.);
#5614 = SURFACE_CURVE('',#5615,(#5620,#5627),.PCURVE_S1.);
#5615 = CIRCLE('',#5616,5.);
#5616 = AXIS2_PLACEMENT_3D('',#5617,#5618,#5619);
#5617 = CARTESIAN_POINT('',(-5.405200097032E-14,-58.2,-34.));
#5618 = DIRECTION('',(0.,-1.,0.));
#5619 = DIRECTION('',(-2.6645352591E-15,-0.,-1.));
#5620 = PCURVE('',#2879,#5621);
#5621 = DEFINITIONAL_REPRESENTATION('',(#5622),#5626);
#5622 = LINE('',#5623,#5624);
#5623 = CARTESIAN_POINT('',(0.,6.7));
#5624 = VECTOR('',#5625,1.);
#5625 = DIRECTION('',(1.,0.));
#5626 = ( GEOMETRIC_REPRESENTATION_CONTEXT(2) 
PARAMETRIC_REPRESENTATION_CONTEXT() REPRESENTATION_CONTEXT('2D SPACE',''
  ) );
#5627 = PCURVE('',#4595,#5628);
#5628 = DEFINITIONAL_REPRESENTATION('',(#5629),#5637);
#5629 = ( BOUNDED_CURVE() B_SPLINE_CURVE(2,(#5630,#5631,#5632,#5633,
#5634,#5635,#5636),.UNSPECIFIED.,.T.,.F.) B_SPLINE_CURVE_WITH_KNOTS((1,2
    ,2,2,2,1),(-2.094395102393,0.,2.094395102393,4.188790204786,
6.28318530718,8.377580409573),.UNSPECIFIED.) CURVE() 
GEOMETRIC_REPRESENTATION_ITEM() RATIONAL_B_SPLINE_CURVE((1.,0.5,1.,0.5,
1.,0.5,1.)) REPRESENTATION_ITEM('') );
#5630 = CARTESIAN_POINT('',(-6.737467726582E-14,39.));
#5631 = CARTESIAN_POINT('',(8.660254037844,39.));
#5632 = CARTESIAN_POINT('',(4.330127018922,31.5));
#5633 = CARTESIAN_POINT('',(-2.618200158017E-14,24.));
#5634 = CARTESIAN_POINT('',(-4.330127018922,31.5));
#5635 = CARTESIAN_POINT('',(-8.660254037844,39.));
#5636 = CARTESIAN_POINT('',(-6.737467726582E-14,39.));
#5637 = ( GEOMETRIC_REPRESENTATION_CONTEXT(2) 
PARAMETRIC_REPRESENTATION_CONTEXT() REPRESENTATION_CONTEXT('2D SPACE',''
  ) );
#5638 = ADVANCED_FACE('',(#5639),#3254,.F.);
#5639 = FACE_BOUND('',#5640,.F.);
#5640 = EDGE_LOOP('',(#5641,#5642,#5664,#5693));
#5641 = ORIENTED_EDGE('',*,*,#3235,.T.);
#5642 = ORIENTED_EDGE('',*,*,#5643,.F.);
#5643 = EDGE_CURVE('',#5644,#3238,#5646,.T.);
#5644 = VERTEX_POINT('',#5645);
#5645 = CARTESIAN_POINT('',(29.136119574809,-51.15,21.843434352905));
#5646 = SURFACE_CURVE('',#5647,(#5651,#5657),.PCURVE_S1.);
#5647 = ( BOUNDED_CURVE() B_SPLINE_CURVE(2,(#5648,#5649,#5650),
.UNSPECIFIED.,.F.,.F.) B_SPLINE_CURVE_WITH_KNOTS((3,3),(0.649731810959,
0.653796604457),.PIECEWISE_BEZIER_KNOTS.) CURVE() 
GEOMETRIC_REPRESENTATION_ITEM() RATIONAL_B_SPLINE_CURVE((1.051282051282,
1.025801438711,1.)) REPRESENTATION_ITEM('') );
#5648 = CARTESIAN_POINT('',(29.136119574809,-51.15,21.843434352905));
#5649 = CARTESIAN_POINT('',(29.200423354896,-51.07734384164,
    21.880560157648));
#5650 = CARTESIAN_POINT('',(29.268704688391,-51.,21.919982403922));
#5651 = PCURVE('',#3254,#5652);
#5652 = DEFINITIONAL_REPRESENTATION('',(#5653),#5656);
#5653 = B_SPLINE_CURVE_WITH_KNOTS('',1,(#5654,#5655),.UNSPECIFIED.,.F.,
  .F.,(2,2),(0.649731810959,0.653796604457),.PIECEWISE_BEZIER_KNOTS.);
#5654 = CARTESIAN_POINT('',(5.551911377858,-7.499999999996E-02));
#5655 = CARTESIAN_POINT('',(5.564170405923,7.500000000001E-02));
#5656 = ( GEOMETRIC_REPRESENTATION_CONTEXT(2) 
PARAMETRIC_REPRESENTATION_CONTEXT() REPRESENTATION_CONTEXT('2D SPACE',''
  ) );
#5657 = PCURVE('',#3602,#5658);
#5658 = DEFINITIONAL_REPRESENTATION('',(#5659),#5663);
#5659 = ( BOUNDED_CURVE() B_SPLINE_CURVE(2,(#5660,#5661,#5662),
.UNSPECIFIED.,.F.,.F.) B_SPLINE_CURVE_WITH_KNOTS((3,3),(0.649731810959,
0.653796604457),.PIECEWISE_BEZIER_KNOTS.) CURVE() 
GEOMETRIC_REPRESENTATION_ITEM() RATIONAL_B_SPLINE_CURVE((1.051282051282,
1.025801438711,1.)) REPRESENTATION_ITEM('') );
#5660 = CARTESIAN_POINT('',(0.153096102034,0.15));
#5661 = CARTESIAN_POINT('',(7.884449254795E-02,7.7343841646E-02));
#5662 = CARTESIAN_POINT('',(0.,0.));
#5663 = ( GEOMETRIC_REPRESENTATION_CONTEXT(2) 
PARAMETRIC_REPRESENTATION_CONTEXT() REPRESENTATION_CONTEXT('2D SPACE',''
  ) );
#5664 = ORIENTED_EDGE('',*,*,#5665,.F.);
#5665 = EDGE_CURVE('',#5666,#5644,#5668,.T.);
#5666 = VERTEX_POINT('',#5667);
#5667 = CARTESIAN_POINT('',(29.636119574809,-51.15,20.97740894912));
#5668 = SURFACE_CURVE('',#5669,(#5674,#5681),.PCURVE_S1.);
#5669 = CIRCLE('',#5670,2.425);
#5670 = AXIS2_PLACEMENT_3D('',#5671,#5672,#5673);
#5671 = CARTESIAN_POINT('',(27.331133260985,-51.15,20.223974749546));
#5672 = DIRECTION('',(0.,-1.,0.));
#5673 = DIRECTION('',(1.,0.,0.));
#5674 = PCURVE('',#3254,#5675);
#5675 = DEFINITIONAL_REPRESENTATION('',(#5676),#5680);
#5676 = LINE('',#5677,#5678);
#5677 = CARTESIAN_POINT('',(6.28318530718,-7.5E-02));
#5678 = VECTOR('',#5679,1.);
#5679 = DIRECTION('',(-1.,2.149968520228E-15));
#5680 = ( GEOMETRIC_REPRESENTATION_CONTEXT(2) 
PARAMETRIC_REPRESENTATION_CONTEXT() REPRESENTATION_CONTEXT('2D SPACE',''
  ) );
#5681 = PCURVE('',#5682,#5687);
#5682 = CYLINDRICAL_SURFACE('',#5683,2.425);
#5683 = AXIS2_PLACEMENT_3D('',#5684,#5685,#5686);
#5684 = CARTESIAN_POINT('',(27.331133260985,-51.,20.223974749546));
#5685 = DIRECTION('',(0.,-1.,0.));
#5686 = DIRECTION('',(1.,0.,0.));
#5687 = DEFINITIONAL_REPRESENTATION('',(#5688),#5692);
#5688 = LINE('',#5689,#5690);
#5689 = CARTESIAN_POINT('',(-1.110223024625E-16,0.15));
#5690 = VECTOR('',#5691,1.);
#5691 = DIRECTION('',(1.,0.));
#5692 = ( GEOMETRIC_REPRESENTATION_CONTEXT(2) 
PARAMETRIC_REPRESENTATION_CONTEXT() REPRESENTATION_CONTEXT('2D SPACE',''
  ) );
#5693 = ORIENTED_EDGE('',*,*,#5694,.F.);
#5694 = EDGE_CURVE('',#3236,#5666,#5695,.T.);
#5695 = SURFACE_CURVE('',#5696,(#5700,#5706),.PCURVE_S1.);
#5696 = ( BOUNDED_CURVE() B_SPLINE_CURVE(2,(#5697,#5698,#5699),
.UNSPECIFIED.,.F.,.F.) B_SPLINE_CURVE_WITH_KNOTS((3,3),(0.,
4.064793498611E-03),.PIECEWISE_BEZIER_KNOTS.) CURVE() 
GEOMETRIC_REPRESENTATION_ITEM() RATIONAL_B_SPLINE_CURVE((1.,
1.025801438711,1.051282051282)) REPRESENTATION_ITEM('') );
#5697 = CARTESIAN_POINT('',(29.768704688391,-51.,21.053957000138));
#5698 = CARTESIAN_POINT('',(29.700423354896,-51.07734384164,
    21.014534753864));
#5699 = CARTESIAN_POINT('',(29.636119574809,-51.15,20.97740894912));
#5700 = PCURVE('',#3254,#5701);
#5701 = DEFINITIONAL_REPRESENTATION('',(#5702),#5705);
#5702 = B_SPLINE_CURVE_WITH_KNOTS('',1,(#5703,#5704),.UNSPECIFIED.,.F.,
  .F.,(2,2),(0.,4.064793498611E-03),.PIECEWISE_BEZIER_KNOTS.);
#5703 = CARTESIAN_POINT('',(5.95500265724,7.500000000002E-02));
#5704 = CARTESIAN_POINT('',(5.967261685304,-7.499999999997E-02));
#5705 = ( GEOMETRIC_REPRESENTATION_CONTEXT(2) 
PARAMETRIC_REPRESENTATION_CONTEXT() REPRESENTATION_CONTEXT('2D SPACE',''
  ) );
#5706 = PCURVE('',#3282,#5707);
#5707 = DEFINITIONAL_REPRESENTATION('',(#5708),#5712);
#5708 = ( BOUNDED_CURVE() B_SPLINE_CURVE(2,(#5709,#5710,#5711),
.UNSPECIFIED.,.F.,.F.) B_SPLINE_CURVE_WITH_KNOTS((3,3),(0.,
4.064793498611E-03),.PIECEWISE_BEZIER_KNOTS.) CURVE() 
GEOMETRIC_REPRESENTATION_ITEM() RATIONAL_B_SPLINE_CURVE((1.,
1.025801438711,1.051282051282)) REPRESENTATION_ITEM('') );
#5709 = CARTESIAN_POINT('',(0.153096102034,0.));
#5710 = CARTESIAN_POINT('',(7.425160948676E-02,7.73438416458E-02));
#5711 = CARTESIAN_POINT('',(0.,0.15));
#5712 = ( GEOMETRIC_REPRESENTATION_CONTEXT(2) 
PARAMETRIC_REPRESENTATION_CONTEXT() REPRESENTATION_CONTEXT('2D SPACE',''
  ) );
#5713 = ADVANCED_FACE('',(#5714),#3282,.T.);
#5714 = FACE_BOUND('',#5715,.T.);
#5715 = EDGE_LOOP('',(#5716,#5717,#5718,#5740));
#5716 = ORIENTED_EDGE('',*,*,#5694,.F.);
#5717 = ORIENTED_EDGE('',*,*,#3266,.F.);
#5718 = ORIENTED_EDGE('',*,*,#5719,.F.);
#5719 = EDGE_CURVE('',#5720,#3267,#5722,.T.);
#5720 = VERTEX_POINT('',#5721);
#5721 = CARTESIAN_POINT('',(29.636119574809,-53.35,20.97740894912));
#5722 = SURFACE_CURVE('',#5723,(#5727,#5734),.PCURVE_S1.);
#5723 = ( BOUNDED_CURVE() B_SPLINE_CURVE(2,(#5724,#5725,#5726),
.UNSPECIFIED.,.F.,.F.) B_SPLINE_CURVE_WITH_KNOTS((3,3),(
9.647122393914E-02,0.114765891411),.PIECEWISE_BEZIER_KNOTS.) CURVE() 
GEOMETRIC_REPRESENTATION_ITEM() RATIONAL_B_SPLINE_CURVE((1.00492752979,
1.002930989811,1.)) REPRESENTATION_ITEM('') );
#5724 = CARTESIAN_POINT('',(29.636119574809,-53.35,20.97740894912));
#5725 = CARTESIAN_POINT('',(29.700423354899,-53.27734384164,
    21.014534753865));
#5726 = CARTESIAN_POINT('',(29.768704688391,-53.2,21.053957000138));
#5727 = PCURVE('',#3282,#5728);
#5728 = DEFINITIONAL_REPRESENTATION('',(#5729),#5733);
#5729 = ( BOUNDED_CURVE() B_SPLINE_CURVE(2,(#5730,#5731,#5732),
.UNSPECIFIED.,.F.,.F.) B_SPLINE_CURVE_WITH_KNOTS((3,3),(
9.647122393914E-02,0.114765891411),.PIECEWISE_BEZIER_KNOTS.) CURVE() 
GEOMETRIC_REPRESENTATION_ITEM() RATIONAL_B_SPLINE_CURVE((1.00492752979,
1.002930989811,1.)) REPRESENTATION_ITEM('') );
#5730 = CARTESIAN_POINT('',(0.,2.35));
#5731 = CARTESIAN_POINT('',(7.425160948962E-02,2.277343841643));
#5732 = CARTESIAN_POINT('',(0.153096102034,2.2));
#5733 = ( GEOMETRIC_REPRESENTATION_CONTEXT(2) 
PARAMETRIC_REPRESENTATION_CONTEXT() REPRESENTATION_CONTEXT('2D SPACE',''
  ) );
#5734 = PCURVE('',#3311,#5735);
#5735 = DEFINITIONAL_REPRESENTATION('',(#5736),#5739);
#5736 = B_SPLINE_CURVE_WITH_KNOTS('',1,(#5737,#5738),.UNSPECIFIED.,.F.,
  .F.,(2,2),(9.647122393914E-02,0.114765891411),
  .PIECEWISE_BEZIER_KNOTS.);
#5737 = CARTESIAN_POINT('',(2.825669031715,0.6));
#5738 = CARTESIAN_POINT('',(2.81341000365,0.75));
#5739 = ( GEOMETRIC_REPRESENTATION_CONTEXT(2) 
PARAMETRIC_REPRESENTATION_CONTEXT() REPRESENTATION_CONTEXT('2D SPACE',''
  ) );
#5740 = ORIENTED_EDGE('',*,*,#5741,.F.);
#5741 = EDGE_CURVE('',#5666,#5720,#5742,.T.);
#5742 = SURFACE_CURVE('',#5743,(#5747,#5754),.PCURVE_S1.);
#5743 = LINE('',#5744,#5745);
#5744 = CARTESIAN_POINT('',(29.636119574809,-51.,20.97740894912));
#5745 = VECTOR('',#5746,1.);
#5746 = DIRECTION('',(0.,-1.,0.));
#5747 = PCURVE('',#3282,#5748);
#5748 = DEFINITIONAL_REPRESENTATION('',(#5749),#5753);
#5749 = LINE('',#5750,#5751);
#5750 = CARTESIAN_POINT('',(0.,0.));
#5751 = VECTOR('',#5752,1.);
#5752 = DIRECTION('',(0.,1.));
#5753 = ( GEOMETRIC_REPRESENTATION_CONTEXT(2) 
PARAMETRIC_REPRESENTATION_CONTEXT() REPRESENTATION_CONTEXT('2D SPACE',''
  ) );
#5754 = PCURVE('',#5682,#5755);
#5755 = DEFINITIONAL_REPRESENTATION('',(#5756),#5760);
#5756 = LINE('',#5757,#5758);
#5757 = CARTESIAN_POINT('',(0.315923621875,0.));
#5758 = VECTOR('',#5759,1.);
#5759 = DIRECTION('',(0.,1.));
#5760 = ( GEOMETRIC_REPRESENTATION_CONTEXT(2) 
PARAMETRIC_REPRESENTATION_CONTEXT() REPRESENTATION_CONTEXT('2D SPACE',''
  ) );
#5761 = ADVANCED_FACE('',(#5762),#3311,.F.);
#5762 = FACE_BOUND('',#5763,.F.);
#5763 = EDGE_LOOP('',(#5764,#5787,#5788,#5789,#5813,#5833,#5834,#5856,
    #5885,#5905,#5906,#5928,#5957,#5977,#5978,#5979,#6008));
#5764 = ORIENTED_EDGE('',*,*,#5765,.T.);
#5765 = EDGE_CURVE('',#5766,#3295,#5768,.T.);
#5766 = VERTEX_POINT('',#5767);
#5767 = CARTESIAN_POINT('',(28.331133260985,-54.775,20.223974749546));
#5768 = SEAM_CURVE('',#5769,(#5773,#5780),.PCURVE_S1.);
#5769 = LINE('',#5770,#5771);
#5770 = CARTESIAN_POINT('',(29.156133260985,-53.95,20.223974749546));
#5771 = VECTOR('',#5772,1.);
#5772 = DIRECTION('',(0.707106781187,0.707106781187,8.659560562355E-17)
  );
#5773 = PCURVE('',#3311,#5774);
#5774 = DEFINITIONAL_REPRESENTATION('',(#5775),#5779);
#5775 = LINE('',#5776,#5777);
#5776 = CARTESIAN_POINT('',(3.14159265359,1.413083212815E-15));
#5777 = VECTOR('',#5778,1.);
#5778 = DIRECTION('',(0.,1.));
#5779 = ( GEOMETRIC_REPRESENTATION_CONTEXT(2) 
PARAMETRIC_REPRESENTATION_CONTEXT() REPRESENTATION_CONTEXT('2D SPACE',''
  ) );
#5780 = PCURVE('',#3311,#5781);
#5781 = DEFINITIONAL_REPRESENTATION('',(#5782),#5786);
#5782 = LINE('',#5783,#5784);
#5783 = CARTESIAN_POINT('',(-3.14159265359,1.413083212815E-15));
#5784 = VECTOR('',#5785,1.);
#5785 = DIRECTION('',(0.,1.));
#5786 = ( GEOMETRIC_REPRESENTATION_CONTEXT(2) 
PARAMETRIC_REPRESENTATION_CONTEXT() REPRESENTATION_CONTEXT('2D SPACE',''
  ) );
#5787 = ORIENTED_EDGE('',*,*,#3294,.F.);
#5788 = ORIENTED_EDGE('',*,*,#5719,.F.);
#5789 = ORIENTED_EDGE('',*,*,#5790,.F.);
#5790 = EDGE_CURVE('',#5791,#5720,#5793,.T.);
#5791 = VERTEX_POINT('',#5792);
#5792 = CARTESIAN_POINT('',(29.136119574809,-53.35,21.843434352905));
#5793 = SURFACE_CURVE('',#5794,(#5799,#5806),.PCURVE_S1.);
#5794 = CIRCLE('',#5795,2.425);
#5795 = AXIS2_PLACEMENT_3D('',#5796,#5797,#5798);
#5796 = CARTESIAN_POINT('',(27.331133260985,-53.35,20.223974749546));
#5797 = DIRECTION('',(-0.,1.,0.));
#5798 = DIRECTION('',(1.,0.,0.));
#5799 = PCURVE('',#3311,#5800);
#5800 = DEFINITIONAL_REPRESENTATION('',(#5801),#5805);
#5801 = LINE('',#5802,#5803);
#5802 = CARTESIAN_POINT('',(-3.14159265359,0.6));
#5803 = VECTOR('',#5804,1.);
#5804 = DIRECTION('',(1.,-1.701073994026E-15));
#5805 = ( GEOMETRIC_REPRESENTATION_CONTEXT(2) 
PARAMETRIC_REPRESENTATION_CONTEXT() REPRESENTATION_CONTEXT('2D SPACE',''
  ) );
#5806 = PCURVE('',#5682,#5807);
#5807 = DEFINITIONAL_REPRESENTATION('',(#5808),#5812);
#5808 = LINE('',#5809,#5810);
#5809 = CARTESIAN_POINT('',(6.28318530718,2.35));
#5810 = VECTOR('',#5811,1.);
#5811 = DIRECTION('',(-1.,0.));
#5812 = ( GEOMETRIC_REPRESENTATION_CONTEXT(2) 
PARAMETRIC_REPRESENTATION_CONTEXT() REPRESENTATION_CONTEXT('2D SPACE',''
  ) );
#5813 = ORIENTED_EDGE('',*,*,#5814,.F.);
#5814 = EDGE_CURVE('',#3565,#5791,#5815,.T.);
#5815 = SURFACE_CURVE('',#5816,(#5820,#5826),.PCURVE_S1.);
#5816 = ( BOUNDED_CURVE() B_SPLINE_CURVE(2,(#5817,#5818,#5819),
.UNSPECIFIED.,.F.,.F.) B_SPLINE_CURVE_WITH_KNOTS((3,3),(0.,
1.829466747157E-02),.PIECEWISE_BEZIER_KNOTS.) CURVE() 
GEOMETRIC_REPRESENTATION_ITEM() RATIONAL_B_SPLINE_CURVE((1.,
1.002930989811,1.004927529789)) REPRESENTATION_ITEM('') );
#5817 = CARTESIAN_POINT('',(29.268704688391,-53.2,21.919982403922));
#5818 = CARTESIAN_POINT('',(29.200423354896,-53.27734384164,
    21.880560157648));
#5819 = CARTESIAN_POINT('',(29.136119574809,-53.35,21.843434352905));
#5820 = PCURVE('',#3311,#5821);
#5821 = DEFINITIONAL_REPRESENTATION('',(#5822),#5825);
#5822 = B_SPLINE_CURVE_WITH_KNOTS('',1,(#5823,#5824),.UNSPECIFIED.,.F.,
  .F.,(2,2),(0.,1.829466747157E-02),.PIECEWISE_BEZIER_KNOTS.);
#5823 = CARTESIAN_POINT('',(2.422577752333,0.75));
#5824 = CARTESIAN_POINT('',(2.410318724268,0.6));
#5825 = ( GEOMETRIC_REPRESENTATION_CONTEXT(2) 
PARAMETRIC_REPRESENTATION_CONTEXT() REPRESENTATION_CONTEXT('2D SPACE',''
  ) );
#5826 = PCURVE('',#3602,#5827);
#5827 = DEFINITIONAL_REPRESENTATION('',(#5828),#5832);
#5828 = ( BOUNDED_CURVE() B_SPLINE_CURVE(2,(#5829,#5830,#5831),
.UNSPECIFIED.,.F.,.F.) B_SPLINE_CURVE_WITH_KNOTS((3,3),(0.,
1.829466747157E-02),.PIECEWISE_BEZIER_KNOTS.) CURVE() 
GEOMETRIC_REPRESENTATION_ITEM() RATIONAL_B_SPLINE_CURVE((1.,
1.002930989811,1.004927529789)) REPRESENTATION_ITEM('') );
#5829 = CARTESIAN_POINT('',(0.,2.2));
#5830 = CARTESIAN_POINT('',(7.884449254759E-02,2.277343841646));
#5831 = CARTESIAN_POINT('',(0.153096102034,2.35));
#5832 = ( GEOMETRIC_REPRESENTATION_CONTEXT(2) 
PARAMETRIC_REPRESENTATION_CONTEXT() REPRESENTATION_CONTEXT('2D SPACE',''
  ) );
#5833 = ORIENTED_EDGE('',*,*,#3564,.F.);
#5834 = ORIENTED_EDGE('',*,*,#5835,.F.);
#5835 = EDGE_CURVE('',#5836,#3537,#5838,.T.);
#5836 = VERTEX_POINT('',#5837);
#5837 = CARTESIAN_POINT('',(25.526146947162,-53.35,21.843434352905));
#5838 = SURFACE_CURVE('',#5839,(#5843,#5849),.PCURVE_S1.);
#5839 = ( BOUNDED_CURVE() B_SPLINE_CURVE(2,(#5840,#5841,#5842),
.UNSPECIFIED.,.F.,.F.) B_SPLINE_CURVE_WITH_KNOTS((3,3),(
9.647122393919E-02,0.114765891411),.PIECEWISE_BEZIER_KNOTS.) CURVE() 
GEOMETRIC_REPRESENTATION_ITEM() RATIONAL_B_SPLINE_CURVE((1.004927529792,
1.002930989812,1.)) REPRESENTATION_ITEM('') );
#5840 = CARTESIAN_POINT('',(25.526146947162,-53.35,21.843434352905));
#5841 = CARTESIAN_POINT('',(25.461843167073,-53.27734384164,
    21.880560157649));
#5842 = CARTESIAN_POINT('',(25.39356183358,-53.2,21.919982403922));
#5843 = PCURVE('',#3311,#5844);
#5844 = DEFINITIONAL_REPRESENTATION('',(#5845),#5848);
#5845 = B_SPLINE_CURVE_WITH_KNOTS('',1,(#5846,#5847),.UNSPECIFIED.,.F.,
  .F.,(2,2),(9.647122393919E-02,0.114765891411),
  .PIECEWISE_BEZIER_KNOTS.);
#5846 = CARTESIAN_POINT('',(0.731273929321,0.6));
#5847 = CARTESIAN_POINT('',(0.719014901257,0.75));
#5848 = ( GEOMETRIC_REPRESENTATION_CONTEXT(2) 
PARAMETRIC_REPRESENTATION_CONTEXT() REPRESENTATION_CONTEXT('2D SPACE',''
  ) );
#5849 = PCURVE('',#3552,#5850);
#5850 = DEFINITIONAL_REPRESENTATION('',(#5851),#5855);
#5851 = ( BOUNDED_CURVE() B_SPLINE_CURVE(2,(#5852,#5853,#5854),
.UNSPECIFIED.,.F.,.F.) B_SPLINE_CURVE_WITH_KNOTS((3,3),(
9.647122393919E-02,0.114765891411),.PIECEWISE_BEZIER_KNOTS.) CURVE() 
GEOMETRIC_REPRESENTATION_ITEM() RATIONAL_B_SPLINE_CURVE((1.004927529792,
1.002930989812,1.)) REPRESENTATION_ITEM('') );
#5852 = CARTESIAN_POINT('',(0.,2.35));
#5853 = CARTESIAN_POINT('',(7.425160948948E-02,2.277343841643));
#5854 = CARTESIAN_POINT('',(0.153096102035,2.2));
#5855 = ( GEOMETRIC_REPRESENTATION_CONTEXT(2) 
PARAMETRIC_REPRESENTATION_CONTEXT() REPRESENTATION_CONTEXT('2D SPACE',''
  ) );
#5856 = ORIENTED_EDGE('',*,*,#5857,.F.);
#5857 = EDGE_CURVE('',#5858,#5836,#5860,.T.);
#5858 = VERTEX_POINT('',#5859);
#5859 = CARTESIAN_POINT('',(25.026146947162,-53.35,20.97740894912));
#5860 = SURFACE_CURVE('',#5861,(#5866,#5873),.PCURVE_S1.);
#5861 = CIRCLE('',#5862,2.425);
#5862 = AXIS2_PLACEMENT_3D('',#5863,#5864,#5865);
#5863 = CARTESIAN_POINT('',(27.331133260985,-53.35,20.223974749546));
#5864 = DIRECTION('',(-0.,1.,0.));
#5865 = DIRECTION('',(1.,0.,0.));
#5866 = PCURVE('',#3311,#5867);
#5867 = DEFINITIONAL_REPRESENTATION('',(#5868),#5872);
#5868 = LINE('',#5869,#5870);
#5869 = CARTESIAN_POINT('',(-3.14159265359,0.6));
#5870 = VECTOR('',#5871,1.);
#5871 = DIRECTION('',(1.,-5.670246646755E-16));
#5872 = ( GEOMETRIC_REPRESENTATION_CONTEXT(2) 
PARAMETRIC_REPRESENTATION_CONTEXT() REPRESENTATION_CONTEXT('2D SPACE',''
  ) );
#5873 = PCURVE('',#5874,#5879);
#5874 = CYLINDRICAL_SURFACE('',#5875,2.425);
#5875 = AXIS2_PLACEMENT_3D('',#5876,#5877,#5878);
#5876 = CARTESIAN_POINT('',(27.331133260985,-51.,20.223974749546));
#5877 = DIRECTION('',(0.,-1.,0.));
#5878 = DIRECTION('',(1.,0.,0.));
#5879 = DEFINITIONAL_REPRESENTATION('',(#5880),#5884);
#5880 = LINE('',#5881,#5882);
#5881 = CARTESIAN_POINT('',(6.28318530718,2.35));
#5882 = VECTOR('',#5883,1.);
#5883 = DIRECTION('',(-1.,0.));
#5884 = ( GEOMETRIC_REPRESENTATION_CONTEXT(2) 
PARAMETRIC_REPRESENTATION_CONTEXT() REPRESENTATION_CONTEXT('2D SPACE',''
  ) );
#5885 = ORIENTED_EDGE('',*,*,#5886,.F.);
#5886 = EDGE_CURVE('',#3456,#5858,#5887,.T.);
#5887 = SURFACE_CURVE('',#5888,(#5892,#5898),.PCURVE_S1.);
#5888 = ( BOUNDED_CURVE() B_SPLINE_CURVE(2,(#5889,#5890,#5891),
.UNSPECIFIED.,.F.,.F.) B_SPLINE_CURVE_WITH_KNOTS((3,3),(0.,
1.829466747158E-02),.PIECEWISE_BEZIER_KNOTS.) CURVE() 
GEOMETRIC_REPRESENTATION_ITEM() RATIONAL_B_SPLINE_CURVE((1.,
1.002930989811,1.00492752979)) REPRESENTATION_ITEM('') );
#5889 = CARTESIAN_POINT('',(24.89356183358,-53.2,21.053957000138));
#5890 = CARTESIAN_POINT('',(24.961843167075,-53.27734384164,
    21.014534753864));
#5891 = CARTESIAN_POINT('',(25.026146947162,-53.35,20.97740894912));
#5892 = PCURVE('',#3311,#5893);
#5893 = DEFINITIONAL_REPRESENTATION('',(#5894),#5897);
#5894 = B_SPLINE_CURVE_WITH_KNOTS('',1,(#5895,#5896),.UNSPECIFIED.,.F.,
  .F.,(2,2),(0.,1.829466747158E-02),.PIECEWISE_BEZIER_KNOTS.);
#5895 = CARTESIAN_POINT('',(0.32818264994,0.75));
#5896 = CARTESIAN_POINT('',(0.315923621875,0.6));
#5897 = ( GEOMETRIC_REPRESENTATION_CONTEXT(2) 
PARAMETRIC_REPRESENTATION_CONTEXT() REPRESENTATION_CONTEXT('2D SPACE',''
  ) );
#5898 = PCURVE('',#3495,#5899);
#5899 = DEFINITIONAL_REPRESENTATION('',(#5900),#5904);
#5900 = ( BOUNDED_CURVE() B_SPLINE_CURVE(2,(#5901,#5902,#5903),
.UNSPECIFIED.,.F.,.F.) B_SPLINE_CURVE_WITH_KNOTS((3,3),(0.,
1.829466747158E-02),.PIECEWISE_BEZIER_KNOTS.) CURVE() 
GEOMETRIC_REPRESENTATION_ITEM() RATIONAL_B_SPLINE_CURVE((1.,
1.002930989811,1.00492752979)) REPRESENTATION_ITEM('') );
#5901 = CARTESIAN_POINT('',(0.,2.2));
#5902 = CARTESIAN_POINT('',(7.884449254759E-02,2.277343841646));
#5903 = CARTESIAN_POINT('',(0.153096102034,2.35));
#5904 = ( GEOMETRIC_REPRESENTATION_CONTEXT(2) 
PARAMETRIC_REPRESENTATION_CONTEXT() REPRESENTATION_CONTEXT('2D SPACE',''
  ) );
#5905 = ORIENTED_EDGE('',*,*,#3455,.F.);
#5906 = ORIENTED_EDGE('',*,*,#5907,.F.);
#5907 = EDGE_CURVE('',#5908,#3428,#5910,.T.);
#5908 = VERTEX_POINT('',#5909);
#5909 = CARTESIAN_POINT('',(26.831133260985,-53.35,17.851080946612));
#5910 = SURFACE_CURVE('',#5911,(#5915,#5921),.PCURVE_S1.);
#5911 = ( BOUNDED_CURVE() B_SPLINE_CURVE(2,(#5912,#5913,#5914),
.UNSPECIFIED.,.F.,.F.) B_SPLINE_CURVE_WITH_KNOTS((3,3),(
9.647122393918E-02,0.114765891411),.PIECEWISE_BEZIER_KNOTS.) CURVE() 
GEOMETRIC_REPRESENTATION_ITEM() RATIONAL_B_SPLINE_CURVE((1.004927529791,
1.002930989812,1.)) REPRESENTATION_ITEM('') );
#5912 = CARTESIAN_POINT('',(26.831133260985,-53.35,17.851080946612));
#5913 = CARTESIAN_POINT('',(26.831133260985,-53.27734384164,
    17.776829337123));
#5914 = CARTESIAN_POINT('',(26.831133260985,-53.2,17.697984844578));
#5915 = PCURVE('',#3311,#5916);
#5916 = DEFINITIONAL_REPRESENTATION('',(#5917),#5920);
#5917 = B_SPLINE_CURVE_WITH_KNOTS('',1,(#5918,#5919),.UNSPECIFIED.,.F.,
  .F.,(2,2),(9.647122393918E-02,0.114765891411),
  .PIECEWISE_BEZIER_KNOTS.);
#5918 = CARTESIAN_POINT('',(-1.363121173072,0.6));
#5919 = CARTESIAN_POINT('',(-1.375380201137,0.75));
#5920 = ( GEOMETRIC_REPRESENTATION_CONTEXT(2) 
PARAMETRIC_REPRESENTATION_CONTEXT() REPRESENTATION_CONTEXT('2D SPACE',''
  ) );
#5921 = PCURVE('',#3443,#5922);
#5922 = DEFINITIONAL_REPRESENTATION('',(#5923),#5927);
#5923 = ( BOUNDED_CURVE() B_SPLINE_CURVE(2,(#5924,#5925,#5926),
.UNSPECIFIED.,.F.,.F.) B_SPLINE_CURVE_WITH_KNOTS((3,3),(
9.647122393918E-02,0.114765891411),.PIECEWISE_BEZIER_KNOTS.) CURVE() 
GEOMETRIC_REPRESENTATION_ITEM() RATIONAL_B_SPLINE_CURVE((1.004927529791,
1.002930989812,1.)) REPRESENTATION_ITEM('') );
#5924 = CARTESIAN_POINT('',(0.,2.35));
#5925 = CARTESIAN_POINT('',(7.42516094896E-02,2.277343841643));
#5926 = CARTESIAN_POINT('',(0.153096102034,2.2));
#5927 = ( GEOMETRIC_REPRESENTATION_CONTEXT(2) 
PARAMETRIC_REPRESENTATION_CONTEXT() REPRESENTATION_CONTEXT('2D SPACE',''
  ) );
#5928 = ORIENTED_EDGE('',*,*,#5929,.F.);
#5929 = EDGE_CURVE('',#5930,#5908,#5932,.T.);
#5930 = VERTEX_POINT('',#5931);
#5931 = CARTESIAN_POINT('',(27.831133260985,-53.35,17.851080946612));
#5932 = SURFACE_CURVE('',#5933,(#5938,#5945),.PCURVE_S1.);
#5933 = CIRCLE('',#5934,2.425);
#5934 = AXIS2_PLACEMENT_3D('',#5935,#5936,#5937);
#5935 = CARTESIAN_POINT('',(27.331133260985,-53.35,20.223974749546));
#5936 = DIRECTION('',(-0.,1.,0.));
#5937 = DIRECTION('',(1.,0.,0.));
#5938 = PCURVE('',#3311,#5939);
#5939 = DEFINITIONAL_REPRESENTATION('',(#5940),#5944);
#5940 = LINE('',#5941,#5942);
#5941 = CARTESIAN_POINT('',(-3.14159265359,0.6));
#5942 = VECTOR('',#5943,1.);
#5943 = DIRECTION('',(1.,0.));
#5944 = ( GEOMETRIC_REPRESENTATION_CONTEXT(2) 
PARAMETRIC_REPRESENTATION_CONTEXT() REPRESENTATION_CONTEXT('2D SPACE',''
  ) );
#5945 = PCURVE('',#5946,#5951);
#5946 = CYLINDRICAL_SURFACE('',#5947,2.425);
#5947 = AXIS2_PLACEMENT_3D('',#5948,#5949,#5950);
#5948 = CARTESIAN_POINT('',(27.331133260985,-51.,20.223974749546));
#5949 = DIRECTION('',(0.,-1.,0.));
#5950 = DIRECTION('',(1.,0.,0.));
#5951 = DEFINITIONAL_REPRESENTATION('',(#5952),#5956);
#5952 = LINE('',#5953,#5954);
#5953 = CARTESIAN_POINT('',(6.28318530718,2.35));
#5954 = VECTOR('',#5955,1.);
#5955 = DIRECTION('',(-1.,0.));
#5956 = ( GEOMETRIC_REPRESENTATION_CONTEXT(2) 
PARAMETRIC_REPRESENTATION_CONTEXT() REPRESENTATION_CONTEXT('2D SPACE',''
  ) );
#5957 = ORIENTED_EDGE('',*,*,#5958,.F.);
#5958 = EDGE_CURVE('',#3347,#5930,#5959,.T.);
#5959 = SURFACE_CURVE('',#5960,(#5964,#5970),.PCURVE_S1.);
#5960 = ( BOUNDED_CURVE() B_SPLINE_CURVE(2,(#5961,#5962,#5963),
.UNSPECIFIED.,.F.,.F.) B_SPLINE_CURVE_WITH_KNOTS((3,3),(0.,
1.829466747151E-02),.PIECEWISE_BEZIER_KNOTS.) CURVE() 
GEOMETRIC_REPRESENTATION_ITEM() RATIONAL_B_SPLINE_CURVE((1.,
1.002930989811,1.004927529791)) REPRESENTATION_ITEM('') );
#5961 = CARTESIAN_POINT('',(27.831133260985,-53.2,17.697984844578));
#5962 = CARTESIAN_POINT('',(27.831133260985,-53.27734384164,
    17.776829337125));
#5963 = CARTESIAN_POINT('',(27.831133260985,-53.35,17.851080946612));
#5964 = PCURVE('',#3311,#5965);
#5965 = DEFINITIONAL_REPRESENTATION('',(#5966),#5969);
#5966 = B_SPLINE_CURVE_WITH_KNOTS('',1,(#5967,#5968),.UNSPECIFIED.,.F.,
  .F.,(2,2),(0.,1.829466747151E-02),.PIECEWISE_BEZIER_KNOTS.);
#5967 = CARTESIAN_POINT('',(-1.766212452453,0.75));
#5968 = CARTESIAN_POINT('',(-1.778471480518,0.6));
#5969 = ( GEOMETRIC_REPRESENTATION_CONTEXT(2) 
PARAMETRIC_REPRESENTATION_CONTEXT() REPRESENTATION_CONTEXT('2D SPACE',''
  ) );
#5970 = PCURVE('',#3386,#5971);
#5971 = DEFINITIONAL_REPRESENTATION('',(#5972),#5976);
#5972 = ( BOUNDED_CURVE() B_SPLINE_CURVE(2,(#5973,#5974,#5975),
.UNSPECIFIED.,.F.,.F.) B_SPLINE_CURVE_WITH_KNOTS((3,3),(0.,
1.829466747151E-02),.PIECEWISE_BEZIER_KNOTS.) CURVE() 
GEOMETRIC_REPRESENTATION_ITEM() RATIONAL_B_SPLINE_CURVE((1.,
1.002930989811,1.004927529791)) REPRESENTATION_ITEM('') );
#5973 = CARTESIAN_POINT('',(0.,2.2));
#5974 = CARTESIAN_POINT('',(7.88444925477E-02,2.277343841646));
#5975 = CARTESIAN_POINT('',(0.153096102034,2.35));
#5976 = ( GEOMETRIC_REPRESENTATION_CONTEXT(2) 
PARAMETRIC_REPRESENTATION_CONTEXT() REPRESENTATION_CONTEXT('2D SPACE',''
  ) );
#5977 = ORIENTED_EDGE('',*,*,#3346,.F.);
#5978 = ORIENTED_EDGE('',*,*,#5765,.F.);
#5979 = ORIENTED_EDGE('',*,*,#5980,.T.);
#5980 = EDGE_CURVE('',#5766,#5981,#5983,.T.);
#5981 = VERTEX_POINT('',#5982);
#5982 = CARTESIAN_POINT('',(28.324705116662,-54.775,20.337177963314));
#5983 = SURFACE_CURVE('',#5984,(#5989,#5996),.PCURVE_S1.);
#5984 = CIRCLE('',#5985,1.);
#5985 = AXIS2_PLACEMENT_3D('',#5986,#5987,#5988);
#5986 = CARTESIAN_POINT('',(27.331133260985,-54.775,20.223974749546));
#5987 = DIRECTION('',(0.,1.,0.));
#5988 = DIRECTION('',(-0.993571855677,0.,-0.113203213768));
#5989 = PCURVE('',#3311,#5990);
#5990 = DEFINITIONAL_REPRESENTATION('',(#5991),#5995);
#5991 = LINE('',#5992,#5993);
#5992 = CARTESIAN_POINT('',(-6.396631708559,-0.825));
#5993 = VECTOR('',#5994,1.);
#5994 = DIRECTION('',(1.,7.634484129666E-17));
#5995 = ( GEOMETRIC_REPRESENTATION_CONTEXT(2) 
PARAMETRIC_REPRESENTATION_CONTEXT() REPRESENTATION_CONTEXT('2D SPACE',''
  ) );
#5996 = PCURVE('',#5997,#6002);
#5997 = CYLINDRICAL_SURFACE('',#5998,1.);
#5998 = AXIS2_PLACEMENT_3D('',#5999,#6000,#6001);
#5999 = CARTESIAN_POINT('',(27.331133260985,-48.,20.223974749546));
#6000 = DIRECTION('',(0.,-1.,0.));
#6001 = DIRECTION('',(-0.993571855677,-0.,-0.113203213768));
#6002 = DEFINITIONAL_REPRESENTATION('',(#6003),#6007);
#6003 = LINE('',#6004,#6005);
#6004 = CARTESIAN_POINT('',(12.566370614359,6.775));
#6005 = VECTOR('',#6006,1.);
#6006 = DIRECTION('',(-1.,0.));
#6007 = ( GEOMETRIC_REPRESENTATION_CONTEXT(2) 
PARAMETRIC_REPRESENTATION_CONTEXT() REPRESENTATION_CONTEXT('2D SPACE',''
  ) );
#6008 = ORIENTED_EDGE('',*,*,#6009,.T.);
#6009 = EDGE_CURVE('',#5981,#5766,#6010,.T.);
#6010 = SURFACE_CURVE('',#6011,(#6016,#6023),.PCURVE_S1.);
#6011 = CIRCLE('',#6012,1.);
#6012 = AXIS2_PLACEMENT_3D('',#6013,#6014,#6015);
#6013 = CARTESIAN_POINT('',(27.331133260985,-54.775,20.223974749546));
#6014 = DIRECTION('',(0.,1.,0.));
#6015 = DIRECTION('',(-0.993571855677,0.,-0.113203213768));
#6016 = PCURVE('',#3311,#6017);
#6017 = DEFINITIONAL_REPRESENTATION('',(#6018),#6022);
#6018 = LINE('',#6019,#6020);
#6019 = CARTESIAN_POINT('',(-0.11344640138,-0.825));
#6020 = VECTOR('',#6021,1.);
#6021 = DIRECTION('',(1.,-4.151984830518E-15));
#6022 = ( GEOMETRIC_REPRESENTATION_CONTEXT(2) 
PARAMETRIC_REPRESENTATION_CONTEXT() REPRESENTATION_CONTEXT('2D SPACE',''
  ) );
#6023 = PCURVE('',#5997,#6024);
#6024 = DEFINITIONAL_REPRESENTATION('',(#6025),#6029);
#6025 = LINE('',#6026,#6027);
#6026 = CARTESIAN_POINT('',(12.566370614359,6.775));
#6027 = VECTOR('',#6028,1.);
#6028 = DIRECTION('',(-1.,0.));
#6029 = ( GEOMETRIC_REPRESENTATION_CONTEXT(2) 
PARAMETRIC_REPRESENTATION_CONTEXT() REPRESENTATION_CONTEXT('2D SPACE',''
  ) );
#6030 = ADVANCED_FACE('',(#6031),#3386,.T.);
#6031 = FACE_BOUND('',#6032,.T.);
#6032 = EDGE_LOOP('',(#6033,#6055,#6076,#6077));
#6033 = ORIENTED_EDGE('',*,*,#6034,.F.);
#6034 = EDGE_CURVE('',#6035,#3371,#6037,.T.);
#6035 = VERTEX_POINT('',#6036);
#6036 = CARTESIAN_POINT('',(27.831133260985,-51.15,17.851080946612));
#6037 = SURFACE_CURVE('',#6038,(#6042,#6049),.PCURVE_S1.);
#6038 = ( BOUNDED_CURVE() B_SPLINE_CURVE(2,(#6039,#6040,#6041),
.UNSPECIFIED.,.F.,.F.) B_SPLINE_CURVE_WITH_KNOTS((3,3),(0.649731810959,
0.653796604457),.PIECEWISE_BEZIER_KNOTS.) CURVE() 
GEOMETRIC_REPRESENTATION_ITEM() RATIONAL_B_SPLINE_CURVE((1.051282051282,
1.025801438711,1.)) REPRESENTATION_ITEM('') );
#6039 = CARTESIAN_POINT('',(27.831133260985,-51.15,17.851080946612));
#6040 = CARTESIAN_POINT('',(27.831133260985,-51.07734384164,
    17.776829337125));
#6041 = CARTESIAN_POINT('',(27.831133260985,-51.,17.697984844578));
#6042 = PCURVE('',#3386,#6043);
#6043 = DEFINITIONAL_REPRESENTATION('',(#6044),#6048);
#6044 = ( BOUNDED_CURVE() B_SPLINE_CURVE(2,(#6045,#6046,#6047),
.UNSPECIFIED.,.F.,.F.) B_SPLINE_CURVE_WITH_KNOTS((3,3),(0.649731810959,
0.653796604457),.PIECEWISE_BEZIER_KNOTS.) CURVE() 
GEOMETRIC_REPRESENTATION_ITEM() RATIONAL_B_SPLINE_CURVE((1.051282051282,
1.025801438711,1.)) REPRESENTATION_ITEM('') );
#6045 = CARTESIAN_POINT('',(0.153096102034,0.15));
#6046 = CARTESIAN_POINT('',(7.88444925473E-02,7.73438416454E-02));
#6047 = CARTESIAN_POINT('',(0.,0.));
#6048 = ( GEOMETRIC_REPRESENTATION_CONTEXT(2) 
PARAMETRIC_REPRESENTATION_CONTEXT() REPRESENTATION_CONTEXT('2D SPACE',''
  ) );
#6049 = PCURVE('',#3415,#6050);
#6050 = DEFINITIONAL_REPRESENTATION('',(#6051),#6054);
#6051 = B_SPLINE_CURVE_WITH_KNOTS('',1,(#6052,#6053),.UNSPECIFIED.,.F.,
  .F.,(2,2),(0.649731810959,0.653796604457),.PIECEWISE_BEZIER_KNOTS.);
#6052 = CARTESIAN_POINT('',(1.363121173072,-7.500000000002E-02));
#6053 = CARTESIAN_POINT('',(1.375380201137,7.499999999998E-02));
#6054 = ( GEOMETRIC_REPRESENTATION_CONTEXT(2) 
PARAMETRIC_REPRESENTATION_CONTEXT() REPRESENTATION_CONTEXT('2D SPACE',''
  ) );
#6055 = ORIENTED_EDGE('',*,*,#6056,.T.);
#6056 = EDGE_CURVE('',#6035,#5930,#6057,.T.);
#6057 = SURFACE_CURVE('',#6058,(#6062,#6069),.PCURVE_S1.);
#6058 = LINE('',#6059,#6060);
#6059 = CARTESIAN_POINT('',(27.831133260985,-51.,17.851080946612));
#6060 = VECTOR('',#6061,1.);
#6061 = DIRECTION('',(0.,-1.,0.));
#6062 = PCURVE('',#3386,#6063);
#6063 = DEFINITIONAL_REPRESENTATION('',(#6064),#6068);
#6064 = LINE('',#6065,#6066);
#6065 = CARTESIAN_POINT('',(0.153096102034,0.));
#6066 = VECTOR('',#6067,1.);
#6067 = DIRECTION('',(0.,1.));
#6068 = ( GEOMETRIC_REPRESENTATION_CONTEXT(2) 
PARAMETRIC_REPRESENTATION_CONTEXT() REPRESENTATION_CONTEXT('2D SPACE',''
  ) );
#6069 = PCURVE('',#5946,#6070);
#6070 = DEFINITIONAL_REPRESENTATION('',(#6071),#6075);
#6071 = LINE('',#6072,#6073);
#6072 = CARTESIAN_POINT('',(4.920064134108,0.));
#6073 = VECTOR('',#6074,1.);
#6074 = DIRECTION('',(0.,1.));
#6075 = ( GEOMETRIC_REPRESENTATION_CONTEXT(2) 
PARAMETRIC_REPRESENTATION_CONTEXT() REPRESENTATION_CONTEXT('2D SPACE',''
  ) );
#6076 = ORIENTED_EDGE('',*,*,#5958,.F.);
#6077 = ORIENTED_EDGE('',*,*,#3370,.F.);
#6078 = ADVANCED_FACE('',(#6079),#3415,.F.);
#6079 = FACE_BOUND('',#6080,.F.);
#6080 = EDGE_LOOP('',(#6081,#6082,#6083,#6107));
#6081 = ORIENTED_EDGE('',*,*,#3398,.T.);
#6082 = ORIENTED_EDGE('',*,*,#6034,.F.);
#6083 = ORIENTED_EDGE('',*,*,#6084,.F.);
#6084 = EDGE_CURVE('',#6085,#6035,#6087,.T.);
#6085 = VERTEX_POINT('',#6086);
#6086 = CARTESIAN_POINT('',(26.831133260985,-51.15,17.851080946612));
#6087 = SURFACE_CURVE('',#6088,(#6093,#6100),.PCURVE_S1.);
#6088 = CIRCLE('',#6089,2.425);
#6089 = AXIS2_PLACEMENT_3D('',#6090,#6091,#6092);
#6090 = CARTESIAN_POINT('',(27.331133260985,-51.15,20.223974749546));
#6091 = DIRECTION('',(0.,-1.,0.));
#6092 = DIRECTION('',(1.,0.,0.));
#6093 = PCURVE('',#3415,#6094);
#6094 = DEFINITIONAL_REPRESENTATION('',(#6095),#6099);
#6095 = LINE('',#6096,#6097);
#6096 = CARTESIAN_POINT('',(6.28318530718,-7.5E-02));
#6097 = VECTOR('',#6098,1.);
#6098 = DIRECTION('',(-1.,0.));
#6099 = ( GEOMETRIC_REPRESENTATION_CONTEXT(2) 
PARAMETRIC_REPRESENTATION_CONTEXT() REPRESENTATION_CONTEXT('2D SPACE',''
  ) );
#6100 = PCURVE('',#5946,#6101);
#6101 = DEFINITIONAL_REPRESENTATION('',(#6102),#6106);
#6102 = LINE('',#6103,#6104);
#6103 = CARTESIAN_POINT('',(0.,0.15));
#6104 = VECTOR('',#6105,1.);
#6105 = DIRECTION('',(1.,0.));
#6106 = ( GEOMETRIC_REPRESENTATION_CONTEXT(2) 
PARAMETRIC_REPRESENTATION_CONTEXT() REPRESENTATION_CONTEXT('2D SPACE',''
  ) );
#6107 = ORIENTED_EDGE('',*,*,#6108,.F.);
#6108 = EDGE_CURVE('',#3399,#6085,#6109,.T.);
#6109 = SURFACE_CURVE('',#6110,(#6114,#6120),.PCURVE_S1.);
#6110 = ( BOUNDED_CURVE() B_SPLINE_CURVE(2,(#6111,#6112,#6113),
.UNSPECIFIED.,.F.,.F.) B_SPLINE_CURVE_WITH_KNOTS((3,3),(0.,
4.064793498611E-03),.PIECEWISE_BEZIER_KNOTS.) CURVE() 
GEOMETRIC_REPRESENTATION_ITEM() RATIONAL_B_SPLINE_CURVE((1.,
1.025801438711,1.051282051282)) REPRESENTATION_ITEM('') );
#6111 = CARTESIAN_POINT('',(26.831133260985,-51.,17.697984844578));
#6112 = CARTESIAN_POINT('',(26.831133260985,-51.07734384164,
    17.776829337125));
#6113 = CARTESIAN_POINT('',(26.831133260985,-51.15,17.851080946612));
#6114 = PCURVE('',#3415,#6115);
#6115 = DEFINITIONAL_REPRESENTATION('',(#6116),#6119);
#6116 = B_SPLINE_CURVE_WITH_KNOTS('',1,(#6117,#6118),.UNSPECIFIED.,.F.,
  .F.,(2,2),(0.,4.064793498611E-03),.PIECEWISE_BEZIER_KNOTS.);
#6117 = CARTESIAN_POINT('',(1.766212452453,7.499999999998E-02));
#6118 = CARTESIAN_POINT('',(1.778471480518,-7.500000000002E-02));
#6119 = ( GEOMETRIC_REPRESENTATION_CONTEXT(2) 
PARAMETRIC_REPRESENTATION_CONTEXT() REPRESENTATION_CONTEXT('2D SPACE',''
  ) );
#6120 = PCURVE('',#3443,#6121);
#6121 = DEFINITIONAL_REPRESENTATION('',(#6122),#6126);
#6122 = ( BOUNDED_CURVE() B_SPLINE_CURVE(2,(#6123,#6124,#6125),
.UNSPECIFIED.,.F.,.F.) B_SPLINE_CURVE_WITH_KNOTS((3,3),(0.,
4.064793498611E-03),.PIECEWISE_BEZIER_KNOTS.) CURVE() 
GEOMETRIC_REPRESENTATION_ITEM() RATIONAL_B_SPLINE_CURVE((1.,
1.025801438711,1.051282051282)) REPRESENTATION_ITEM('') );
#6123 = CARTESIAN_POINT('',(0.153096102034,0.));
#6124 = CARTESIAN_POINT('',(7.42516094868E-02,7.73438416458E-02));
#6125 = CARTESIAN_POINT('',(0.,0.15));
#6126 = ( GEOMETRIC_REPRESENTATION_CONTEXT(2) 
PARAMETRIC_REPRESENTATION_CONTEXT() REPRESENTATION_CONTEXT('2D SPACE',''
  ) );
#6127 = ADVANCED_FACE('',(#6128),#3443,.T.);
#6128 = FACE_BOUND('',#6129,.T.);
#6129 = EDGE_LOOP('',(#6130,#6131,#6132,#6133));
#6130 = ORIENTED_EDGE('',*,*,#6108,.F.);
#6131 = ORIENTED_EDGE('',*,*,#3427,.F.);
#6132 = ORIENTED_EDGE('',*,*,#5907,.F.);
#6133 = ORIENTED_EDGE('',*,*,#6134,.F.);
#6134 = EDGE_CURVE('',#6085,#5908,#6135,.T.);
#6135 = SURFACE_CURVE('',#6136,(#6140,#6147),.PCURVE_S1.);
#6136 = LINE('',#6137,#6138);
#6137 = CARTESIAN_POINT('',(26.831133260985,-51.,17.851080946612));
#6138 = VECTOR('',#6139,1.);
#6139 = DIRECTION('',(0.,-1.,0.));
#6140 = PCURVE('',#3443,#6141);
#6141 = DEFINITIONAL_REPRESENTATION('',(#6142),#6146);
#6142 = LINE('',#6143,#6144);
#6143 = CARTESIAN_POINT('',(0.,-0.));
#6144 = VECTOR('',#6145,1.);
#6145 = DIRECTION('',(0.,1.));
#6146 = ( GEOMETRIC_REPRESENTATION_CONTEXT(2) 
PARAMETRIC_REPRESENTATION_CONTEXT() REPRESENTATION_CONTEXT('2D SPACE',''
  ) );
#6147 = PCURVE('',#5946,#6148);
#6148 = DEFINITIONAL_REPRESENTATION('',(#6149),#6153);
#6149 = LINE('',#6150,#6151);
#6150 = CARTESIAN_POINT('',(4.504713826662,0.));
#6151 = VECTOR('',#6152,1.);
#6152 = DIRECTION('',(0.,1.));
#6153 = ( GEOMETRIC_REPRESENTATION_CONTEXT(2) 
PARAMETRIC_REPRESENTATION_CONTEXT() REPRESENTATION_CONTEXT('2D SPACE',''
  ) );
#6154 = ADVANCED_FACE('',(#6155),#3495,.T.);
#6155 = FACE_BOUND('',#6156,.T.);
#6156 = EDGE_LOOP('',(#6157,#6179,#6200,#6201));
#6157 = ORIENTED_EDGE('',*,*,#6158,.F.);
#6158 = EDGE_CURVE('',#6159,#3480,#6161,.T.);
#6159 = VERTEX_POINT('',#6160);
#6160 = CARTESIAN_POINT('',(25.026146947162,-51.15,20.97740894912));
#6161 = SURFACE_CURVE('',#6162,(#6166,#6173),.PCURVE_S1.);
#6162 = ( BOUNDED_CURVE() B_SPLINE_CURVE(2,(#6163,#6164,#6165),
.UNSPECIFIED.,.F.,.F.) B_SPLINE_CURVE_WITH_KNOTS((3,3),(0.649731810959,
0.653796604457),.PIECEWISE_BEZIER_KNOTS.) CURVE() 
GEOMETRIC_REPRESENTATION_ITEM() RATIONAL_B_SPLINE_CURVE((1.051282051282,
1.025801438711,1.)) REPRESENTATION_ITEM('') );
#6163 = CARTESIAN_POINT('',(25.026146947162,-51.15,20.97740894912));
#6164 = CARTESIAN_POINT('',(24.961843167075,-51.07734384164,
    21.014534753864));
#6165 = CARTESIAN_POINT('',(24.89356183358,-51.,21.053957000138));
#6166 = PCURVE('',#3495,#6167);
#6167 = DEFINITIONAL_REPRESENTATION('',(#6168),#6172);
#6168 = ( BOUNDED_CURVE() B_SPLINE_CURVE(2,(#6169,#6170,#6171),
.UNSPECIFIED.,.F.,.F.) B_SPLINE_CURVE_WITH_KNOTS((3,3),(0.649731810959,
0.653796604457),.PIECEWISE_BEZIER_KNOTS.) CURVE() 
GEOMETRIC_REPRESENTATION_ITEM() RATIONAL_B_SPLINE_CURVE((1.051282051282,
1.025801438711,1.)) REPRESENTATION_ITEM('') );
#6169 = CARTESIAN_POINT('',(0.153096102034,0.15));
#6170 = CARTESIAN_POINT('',(7.884449254764E-02,7.73438416457E-02));
#6171 = CARTESIAN_POINT('',(0.,0.));
#6172 = ( GEOMETRIC_REPRESENTATION_CONTEXT(2) 
PARAMETRIC_REPRESENTATION_CONTEXT() REPRESENTATION_CONTEXT('2D SPACE',''
  ) );
#6173 = PCURVE('',#3524,#6174);
#6174 = DEFINITIONAL_REPRESENTATION('',(#6175),#6178);
#6175 = B_SPLINE_CURVE_WITH_KNOTS('',1,(#6176,#6177),.UNSPECIFIED.,.F.,
  .F.,(2,2),(0.649731810959,0.653796604457),.PIECEWISE_BEZIER_KNOTS.);
#6176 = CARTESIAN_POINT('',(0.315923621875,-7.500000000002E-02));
#6177 = CARTESIAN_POINT('',(0.32818264994,7.499999999997E-02));
#6178 = ( GEOMETRIC_REPRESENTATION_CONTEXT(2) 
PARAMETRIC_REPRESENTATION_CONTEXT() REPRESENTATION_CONTEXT('2D SPACE',''
  ) );
#6179 = ORIENTED_EDGE('',*,*,#6180,.T.);
#6180 = EDGE_CURVE('',#6159,#5858,#6181,.T.);
#6181 = SURFACE_CURVE('',#6182,(#6186,#6193),.PCURVE_S1.);
#6182 = LINE('',#6183,#6184);
#6183 = CARTESIAN_POINT('',(25.026146947162,-51.,20.97740894912));
#6184 = VECTOR('',#6185,1.);
#6185 = DIRECTION('',(0.,-1.,0.));
#6186 = PCURVE('',#3495,#6187);
#6187 = DEFINITIONAL_REPRESENTATION('',(#6188),#6192);
#6188 = LINE('',#6189,#6190);
#6189 = CARTESIAN_POINT('',(0.153096102034,0.));
#6190 = VECTOR('',#6191,1.);
#6191 = DIRECTION('',(0.,1.));
#6192 = ( GEOMETRIC_REPRESENTATION_CONTEXT(2) 
PARAMETRIC_REPRESENTATION_CONTEXT() REPRESENTATION_CONTEXT('2D SPACE',''
  ) );
#6193 = PCURVE('',#5874,#6194);
#6194 = DEFINITIONAL_REPRESENTATION('',(#6195),#6199);
#6195 = LINE('',#6196,#6197);
#6196 = CARTESIAN_POINT('',(2.825669031715,0.));
#6197 = VECTOR('',#6198,1.);
#6198 = DIRECTION('',(0.,1.));
#6199 = ( GEOMETRIC_REPRESENTATION_CONTEXT(2) 
PARAMETRIC_REPRESENTATION_CONTEXT() REPRESENTATION_CONTEXT('2D SPACE',''
  ) );
#6200 = ORIENTED_EDGE('',*,*,#5886,.F.);
#6201 = ORIENTED_EDGE('',*,*,#3479,.F.);
#6202 = ADVANCED_FACE('',(#6203),#3524,.F.);
#6203 = FACE_BOUND('',#6204,.F.);
#6204 = EDGE_LOOP('',(#6205,#6206,#6207,#6231));
#6205 = ORIENTED_EDGE('',*,*,#3507,.T.);
#6206 = ORIENTED_EDGE('',*,*,#6158,.F.);
#6207 = ORIENTED_EDGE('',*,*,#6208,.F.);
#6208 = EDGE_CURVE('',#6209,#6159,#6211,.T.);
#6209 = VERTEX_POINT('',#6210);
#6210 = CARTESIAN_POINT('',(25.526146947162,-51.15,21.843434352905));
#6211 = SURFACE_CURVE('',#6212,(#6217,#6224),.PCURVE_S1.);
#6212 = CIRCLE('',#6213,2.425);
#6213 = AXIS2_PLACEMENT_3D('',#6214,#6215,#6216);
#6214 = CARTESIAN_POINT('',(27.331133260985,-51.15,20.223974749546));
#6215 = DIRECTION('',(0.,-1.,0.));
#6216 = DIRECTION('',(-1.,0.,0.));
#6217 = PCURVE('',#3524,#6218);
#6218 = DEFINITIONAL_REPRESENTATION('',(#6219),#6223);
#6219 = LINE('',#6220,#6221);
#6220 = CARTESIAN_POINT('',(6.28318530718,-7.499999999999E-02));
#6221 = VECTOR('',#6222,1.);
#6222 = DIRECTION('',(-1.,-5.433986369807E-16));
#6223 = ( GEOMETRIC_REPRESENTATION_CONTEXT(2) 
PARAMETRIC_REPRESENTATION_CONTEXT() REPRESENTATION_CONTEXT('2D SPACE',''
  ) );
#6224 = PCURVE('',#5874,#6225);
#6225 = DEFINITIONAL_REPRESENTATION('',(#6226),#6230);
#6226 = LINE('',#6227,#6228);
#6227 = CARTESIAN_POINT('',(-3.14159265359,0.15));
#6228 = VECTOR('',#6229,1.);
#6229 = DIRECTION('',(1.,0.));
#6230 = ( GEOMETRIC_REPRESENTATION_CONTEXT(2) 
PARAMETRIC_REPRESENTATION_CONTEXT() REPRESENTATION_CONTEXT('2D SPACE',''
  ) );
#6231 = ORIENTED_EDGE('',*,*,#6232,.F.);
#6232 = EDGE_CURVE('',#3508,#6209,#6233,.T.);
#6233 = SURFACE_CURVE('',#6234,(#6238,#6244),.PCURVE_S1.);
#6234 = ( BOUNDED_CURVE() B_SPLINE_CURVE(2,(#6235,#6236,#6237),
.UNSPECIFIED.,.F.,.F.) B_SPLINE_CURVE_WITH_KNOTS((3,3),(0.,
4.06479349861E-03),.PIECEWISE_BEZIER_KNOTS.) CURVE() 
GEOMETRIC_REPRESENTATION_ITEM() RATIONAL_B_SPLINE_CURVE((1.,
1.025801438711,1.051282051282)) REPRESENTATION_ITEM('') );
#6235 = CARTESIAN_POINT('',(25.39356183358,-51.,21.919982403922));
#6236 = CARTESIAN_POINT('',(25.461843167075,-51.07734384164,
    21.880560157648));
#6237 = CARTESIAN_POINT('',(25.526146947162,-51.15,21.843434352905));
#6238 = PCURVE('',#3524,#6239);
#6239 = DEFINITIONAL_REPRESENTATION('',(#6240),#6243);
#6240 = B_SPLINE_CURVE_WITH_KNOTS('',1,(#6241,#6242),.UNSPECIFIED.,.F.,
  .F.,(2,2),(0.,4.06479349861E-03),.PIECEWISE_BEZIER_KNOTS.);
#6241 = CARTESIAN_POINT('',(0.719014901257,7.499999999997E-02));
#6242 = CARTESIAN_POINT('',(0.731273929321,-7.499999999999E-02));
#6243 = ( GEOMETRIC_REPRESENTATION_CONTEXT(2) 
PARAMETRIC_REPRESENTATION_CONTEXT() REPRESENTATION_CONTEXT('2D SPACE',''
  ) );
#6244 = PCURVE('',#3552,#6245);
#6245 = DEFINITIONAL_REPRESENTATION('',(#6246),#6250);
#6246 = ( BOUNDED_CURVE() B_SPLINE_CURVE(2,(#6247,#6248,#6249),
.UNSPECIFIED.,.F.,.F.) B_SPLINE_CURVE_WITH_KNOTS((3,3),(0.,
4.06479349861E-03),.PIECEWISE_BEZIER_KNOTS.) CURVE() 
GEOMETRIC_REPRESENTATION_ITEM() RATIONAL_B_SPLINE_CURVE((1.,
1.025801438711,1.051282051282)) REPRESENTATION_ITEM('') );
#6247 = CARTESIAN_POINT('',(0.153096102034,0.));
#6248 = CARTESIAN_POINT('',(7.42516094867E-02,7.73438416458E-02));
#6249 = CARTESIAN_POINT('',(0.,0.15));
#6250 = ( GEOMETRIC_REPRESENTATION_CONTEXT(2) 
PARAMETRIC_REPRESENTATION_CONTEXT() REPRESENTATION_CONTEXT('2D SPACE',''
  ) );
#6251 = ADVANCED_FACE('',(#6252),#3552,.T.);
#6252 = FACE_BOUND('',#6253,.T.);
#6253 = EDGE_LOOP('',(#6254,#6255,#6256,#6257));
#6254 = ORIENTED_EDGE('',*,*,#6232,.F.);
#6255 = ORIENTED_EDGE('',*,*,#3536,.F.);
#6256 = ORIENTED_EDGE('',*,*,#5835,.F.);
#6257 = ORIENTED_EDGE('',*,*,#6258,.F.);
#6258 = EDGE_CURVE('',#6209,#5836,#6259,.T.);
#6259 = SURFACE_CURVE('',#6260,(#6264,#6271),.PCURVE_S1.);
#6260 = LINE('',#6261,#6262);
#6261 = CARTESIAN_POINT('',(25.526146947162,-51.,21.843434352905));
#6262 = VECTOR('',#6263,1.);
#6263 = DIRECTION('',(0.,-1.,0.));
#6264 = PCURVE('',#3552,#6265);
#6265 = DEFINITIONAL_REPRESENTATION('',(#6266),#6270);
#6266 = LINE('',#6267,#6268);
#6267 = CARTESIAN_POINT('',(0.,0.));
#6268 = VECTOR('',#6269,1.);
#6269 = DIRECTION('',(0.,1.));
#6270 = ( GEOMETRIC_REPRESENTATION_CONTEXT(2) 
PARAMETRIC_REPRESENTATION_CONTEXT() REPRESENTATION_CONTEXT('2D SPACE',''
  ) );
#6271 = PCURVE('',#5874,#6272);
#6272 = DEFINITIONAL_REPRESENTATION('',(#6273),#6277);
#6273 = LINE('',#6274,#6275);
#6274 = CARTESIAN_POINT('',(2.410318724268,0.));
#6275 = VECTOR('',#6276,1.);
#6276 = DIRECTION('',(0.,1.));
#6277 = ( GEOMETRIC_REPRESENTATION_CONTEXT(2) 
PARAMETRIC_REPRESENTATION_CONTEXT() REPRESENTATION_CONTEXT('2D SPACE',''
  ) );
#6278 = ADVANCED_FACE('',(#6279),#3602,.T.);
#6279 = FACE_BOUND('',#6280,.T.);
#6280 = EDGE_LOOP('',(#6281,#6282,#6303,#6304));
#6281 = ORIENTED_EDGE('',*,*,#5643,.F.);
#6282 = ORIENTED_EDGE('',*,*,#6283,.T.);
#6283 = EDGE_CURVE('',#5644,#5791,#6284,.T.);
#6284 = SURFACE_CURVE('',#6285,(#6289,#6296),.PCURVE_S1.);
#6285 = LINE('',#6286,#6287);
#6286 = CARTESIAN_POINT('',(29.136119574809,-51.,21.843434352905));
#6287 = VECTOR('',#6288,1.);
#6288 = DIRECTION('',(0.,-1.,0.));
#6289 = PCURVE('',#3602,#6290);
#6290 = DEFINITIONAL_REPRESENTATION('',(#6291),#6295);
#6291 = LINE('',#6292,#6293);
#6292 = CARTESIAN_POINT('',(0.153096102034,0.));
#6293 = VECTOR('',#6294,1.);
#6294 = DIRECTION('',(-0.,1.));
#6295 = ( GEOMETRIC_REPRESENTATION_CONTEXT(2) 
PARAMETRIC_REPRESENTATION_CONTEXT() REPRESENTATION_CONTEXT('2D SPACE',''
  ) );
#6296 = PCURVE('',#5682,#6297);
#6297 = DEFINITIONAL_REPRESENTATION('',(#6298),#6302);
#6298 = LINE('',#6299,#6300);
#6299 = CARTESIAN_POINT('',(0.731273929321,0.));
#6300 = VECTOR('',#6301,1.);
#6301 = DIRECTION('',(0.,1.));
#6302 = ( GEOMETRIC_REPRESENTATION_CONTEXT(2) 
PARAMETRIC_REPRESENTATION_CONTEXT() REPRESENTATION_CONTEXT('2D SPACE',''
  ) );
#6303 = ORIENTED_EDGE('',*,*,#5814,.F.);
#6304 = ORIENTED_EDGE('',*,*,#3588,.F.);
#6305 = ADVANCED_FACE('',(#6306),#3636,.F.);
#6306 = FACE_BOUND('',#6307,.F.);
#6307 = EDGE_LOOP('',(#6308,#6309,#6331,#6360));
#6308 = ORIENTED_EDGE('',*,*,#3617,.T.);
#6309 = ORIENTED_EDGE('',*,*,#6310,.F.);
#6310 = EDGE_CURVE('',#6311,#3620,#6313,.T.);
#6311 = VERTEX_POINT('',#6312);
#6312 = CARTESIAN_POINT('',(-2.304986313823,-51.15,-33.24656580042));
#6313 = SURFACE_CURVE('',#6314,(#6318,#6324),.PCURVE_S1.);
#6314 = ( BOUNDED_CURVE() B_SPLINE_CURVE(2,(#6315,#6316,#6317),
.UNSPECIFIED.,.F.,.F.) B_SPLINE_CURVE_WITH_KNOTS((3,3),(0.649731810959,
0.653796604457),.PIECEWISE_BEZIER_KNOTS.) CURVE() 
GEOMETRIC_REPRESENTATION_ITEM() RATIONAL_B_SPLINE_CURVE((1.051282051282,
1.025801438711,1.)) REPRESENTATION_ITEM('') );
#6315 = CARTESIAN_POINT('',(-2.304986313823,-51.15,-33.24656580042));
#6316 = CARTESIAN_POINT('',(-2.36929009391,-51.07734384164,
    -33.20943999568));
#6317 = CARTESIAN_POINT('',(-2.437571427405,-51.,-33.1700177494));
#6318 = PCURVE('',#3636,#6319);
#6319 = DEFINITIONAL_REPRESENTATION('',(#6320),#6323);
#6320 = B_SPLINE_CURVE_WITH_KNOTS('',1,(#6321,#6322),.UNSPECIFIED.,.F.,
  .F.,(2,2),(0.649731810959,0.653796604457),.PIECEWISE_BEZIER_KNOTS.);
#6321 = CARTESIAN_POINT('',(0.315923621875,-7.5E-02));
#6322 = CARTESIAN_POINT('',(0.32818264994,7.5E-02));
#6323 = ( GEOMETRIC_REPRESENTATION_CONTEXT(2) 
PARAMETRIC_REPRESENTATION_CONTEXT() REPRESENTATION_CONTEXT('2D SPACE',''
  ) );
#6324 = PCURVE('',#3984,#6325);
#6325 = DEFINITIONAL_REPRESENTATION('',(#6326),#6330);
#6326 = ( BOUNDED_CURVE() B_SPLINE_CURVE(2,(#6327,#6328,#6329),
.UNSPECIFIED.,.F.,.F.) B_SPLINE_CURVE_WITH_KNOTS((3,3),(0.649731810959,
0.653796604457),.PIECEWISE_BEZIER_KNOTS.) CURVE() 
GEOMETRIC_REPRESENTATION_ITEM() RATIONAL_B_SPLINE_CURVE((1.051282051282,
1.025801438711,1.)) REPRESENTATION_ITEM('') );
#6327 = CARTESIAN_POINT('',(0.153096102035,0.15));
#6328 = CARTESIAN_POINT('',(7.884449254814E-02,7.73438416462E-02));
#6329 = CARTESIAN_POINT('',(1.06581410364E-14,0.));
#6330 = ( GEOMETRIC_REPRESENTATION_CONTEXT(2) 
PARAMETRIC_REPRESENTATION_CONTEXT() REPRESENTATION_CONTEXT('2D SPACE',''
  ) );
#6331 = ORIENTED_EDGE('',*,*,#6332,.F.);
#6332 = EDGE_CURVE('',#6333,#6311,#6335,.T.);
#6333 = VERTEX_POINT('',#6334);
#6334 = CARTESIAN_POINT('',(-1.804986313823,-51.15,-32.38054039664));
#6335 = SURFACE_CURVE('',#6336,(#6341,#6348),.PCURVE_S1.);
#6336 = CIRCLE('',#6337,2.425);
#6337 = AXIS2_PLACEMENT_3D('',#6338,#6339,#6340);
#6338 = CARTESIAN_POINT('',(-5.405200097032E-14,-51.15,-34.));
#6339 = DIRECTION('',(0.,-1.,0.));
#6340 = DIRECTION('',(-1.,0.,0.));
#6341 = PCURVE('',#3636,#6342);
#6342 = DEFINITIONAL_REPRESENTATION('',(#6343),#6347);
#6343 = LINE('',#6344,#6345);
#6344 = CARTESIAN_POINT('',(6.28318530718,-7.500000000001E-02));
#6345 = VECTOR('',#6346,1.);
#6346 = DIRECTION('',(-1.,2.149968520228E-15));
#6347 = ( GEOMETRIC_REPRESENTATION_CONTEXT(2) 
PARAMETRIC_REPRESENTATION_CONTEXT() REPRESENTATION_CONTEXT('2D SPACE',''
  ) );
#6348 = PCURVE('',#6349,#6354);
#6349 = CYLINDRICAL_SURFACE('',#6350,2.425);
#6350 = AXIS2_PLACEMENT_3D('',#6351,#6352,#6353);
#6351 = CARTESIAN_POINT('',(-5.405200097032E-14,-51.,-34.));
#6352 = DIRECTION('',(0.,-1.,0.));
#6353 = DIRECTION('',(1.,0.,0.));
#6354 = DEFINITIONAL_REPRESENTATION('',(#6355),#6359);
#6355 = LINE('',#6356,#6357);
#6356 = CARTESIAN_POINT('',(-3.14159265359,0.15));
#6357 = VECTOR('',#6358,1.);
#6358 = DIRECTION('',(1.,0.));
#6359 = ( GEOMETRIC_REPRESENTATION_CONTEXT(2) 
PARAMETRIC_REPRESENTATION_CONTEXT() REPRESENTATION_CONTEXT('2D SPACE',''
  ) );
#6360 = ORIENTED_EDGE('',*,*,#6361,.F.);
#6361 = EDGE_CURVE('',#3618,#6333,#6362,.T.);
#6362 = SURFACE_CURVE('',#6363,(#6367,#6373),.PCURVE_S1.);
#6363 = ( BOUNDED_CURVE() B_SPLINE_CURVE(2,(#6364,#6365,#6366),
.UNSPECIFIED.,.F.,.F.) B_SPLINE_CURVE_WITH_KNOTS((3,3),(0.,
4.064793498611E-03),.PIECEWISE_BEZIER_KNOTS.) CURVE() 
GEOMETRIC_REPRESENTATION_ITEM() RATIONAL_B_SPLINE_CURVE((1.,
1.025801438711,1.051282051282)) REPRESENTATION_ITEM('') );
#6364 = CARTESIAN_POINT('',(-1.937571427405,-51.,-32.30399234562));
#6365 = CARTESIAN_POINT('',(-1.86929009391,-51.07734384164,
    -32.34341459189));
#6366 = CARTESIAN_POINT('',(-1.804986313823,-51.15,-32.38054039664));
#6367 = PCURVE('',#3636,#6368);
#6368 = DEFINITIONAL_REPRESENTATION('',(#6369),#6372);
#6369 = B_SPLINE_CURVE_WITH_KNOTS('',1,(#6370,#6371),.UNSPECIFIED.,.F.,
  .F.,(2,2),(0.,4.064793498611E-03),.PIECEWISE_BEZIER_KNOTS.);
#6370 = CARTESIAN_POINT('',(0.719014901257,7.5E-02));
#6371 = CARTESIAN_POINT('',(0.731273929321,-7.500000000001E-02));
#6372 = ( GEOMETRIC_REPRESENTATION_CONTEXT(2) 
PARAMETRIC_REPRESENTATION_CONTEXT() REPRESENTATION_CONTEXT('2D SPACE',''
  ) );
#6373 = PCURVE('',#3664,#6374);
#6374 = DEFINITIONAL_REPRESENTATION('',(#6375),#6379);
#6375 = ( BOUNDED_CURVE() B_SPLINE_CURVE(2,(#6376,#6377,#6378),
.UNSPECIFIED.,.F.,.F.) B_SPLINE_CURVE_WITH_KNOTS((3,3),(0.,
4.064793498611E-03),.PIECEWISE_BEZIER_KNOTS.) CURVE() 
GEOMETRIC_REPRESENTATION_ITEM() RATIONAL_B_SPLINE_CURVE((1.,
1.025801438711,1.051282051282)) REPRESENTATION_ITEM('') );
#6376 = CARTESIAN_POINT('',(0.153096102035,0.));
#6377 = CARTESIAN_POINT('',(7.425160948674E-02,7.73438416458E-02));
#6378 = CARTESIAN_POINT('',(-1.06581410364E-14,0.15));
#6379 = ( GEOMETRIC_REPRESENTATION_CONTEXT(2) 
PARAMETRIC_REPRESENTATION_CONTEXT() REPRESENTATION_CONTEXT('2D SPACE',''
  ) );
#6380 = ADVANCED_FACE('',(#6381),#3664,.T.);
#6381 = FACE_BOUND('',#6382,.T.);
#6382 = EDGE_LOOP('',(#6383,#6384,#6385,#6407));
#6383 = ORIENTED_EDGE('',*,*,#6361,.F.);
#6384 = ORIENTED_EDGE('',*,*,#3648,.F.);
#6385 = ORIENTED_EDGE('',*,*,#6386,.F.);
#6386 = EDGE_CURVE('',#6387,#3649,#6389,.T.);
#6387 = VERTEX_POINT('',#6388);
#6388 = CARTESIAN_POINT('',(-1.804986313823,-53.35,-32.38054039664));
#6389 = SURFACE_CURVE('',#6390,(#6394,#6401),.PCURVE_S1.);
#6390 = ( BOUNDED_CURVE() B_SPLINE_CURVE(2,(#6391,#6392,#6393),
.UNSPECIFIED.,.F.,.F.) B_SPLINE_CURVE_WITH_KNOTS((3,3),(
9.647122393918E-02,0.114765891411),.PIECEWISE_BEZIER_KNOTS.) CURVE() 
GEOMETRIC_REPRESENTATION_ITEM() RATIONAL_B_SPLINE_CURVE((1.004927529791,
1.002930989811,1.)) REPRESENTATION_ITEM('') );
#6391 = CARTESIAN_POINT('',(-1.804986313823,-53.35,-32.38054039664));
#6392 = CARTESIAN_POINT('',(-1.869290093913,-53.27734384164,
    -32.34341459189));
#6393 = CARTESIAN_POINT('',(-1.937571427405,-53.2,-32.30399234562));
#6394 = PCURVE('',#3664,#6395);
#6395 = DEFINITIONAL_REPRESENTATION('',(#6396),#6400);
#6396 = ( BOUNDED_CURVE() B_SPLINE_CURVE(2,(#6397,#6398,#6399),
.UNSPECIFIED.,.F.,.F.) B_SPLINE_CURVE_WITH_KNOTS((3,3),(
9.647122393918E-02,0.114765891411),.PIECEWISE_BEZIER_KNOTS.) CURVE() 
GEOMETRIC_REPRESENTATION_ITEM() RATIONAL_B_SPLINE_CURVE((1.004927529791,
1.002930989811,1.)) REPRESENTATION_ITEM('') );
#6397 = CARTESIAN_POINT('',(0.,2.35));
#6398 = CARTESIAN_POINT('',(7.425160948957E-02,2.277343841643));
#6399 = CARTESIAN_POINT('',(0.153096102035,2.2));
#6400 = ( GEOMETRIC_REPRESENTATION_CONTEXT(2) 
PARAMETRIC_REPRESENTATION_CONTEXT() REPRESENTATION_CONTEXT('2D SPACE',''
  ) );
#6401 = PCURVE('',#3693,#6402);
#6402 = DEFINITIONAL_REPRESENTATION('',(#6403),#6406);
#6403 = B_SPLINE_CURVE_WITH_KNOTS('',1,(#6404,#6405),.UNSPECIFIED.,.F.,
  .F.,(2,2),(9.647122393918E-02,0.114765891411),
  .PIECEWISE_BEZIER_KNOTS.);
#6404 = CARTESIAN_POINT('',(0.731273929321,0.6));
#6405 = CARTESIAN_POINT('',(0.719014901257,0.75));
#6406 = ( GEOMETRIC_REPRESENTATION_CONTEXT(2) 
PARAMETRIC_REPRESENTATION_CONTEXT() REPRESENTATION_CONTEXT('2D SPACE',''
  ) );
#6407 = ORIENTED_EDGE('',*,*,#6408,.F.);
#6408 = EDGE_CURVE('',#6333,#6387,#6409,.T.);
#6409 = SURFACE_CURVE('',#6410,(#6414,#6421),.PCURVE_S1.);
#6410 = LINE('',#6411,#6412);
#6411 = CARTESIAN_POINT('',(-1.804986313823,-51.,-32.38054039664));
#6412 = VECTOR('',#6413,1.);
#6413 = DIRECTION('',(0.,-1.,0.));
#6414 = PCURVE('',#3664,#6415);
#6415 = DEFINITIONAL_REPRESENTATION('',(#6416),#6420);
#6416 = LINE('',#6417,#6418);
#6417 = CARTESIAN_POINT('',(-1.00907868125E-14,0.));
#6418 = VECTOR('',#6419,1.);
#6419 = DIRECTION('',(0.,1.));
#6420 = ( GEOMETRIC_REPRESENTATION_CONTEXT(2) 
PARAMETRIC_REPRESENTATION_CONTEXT() REPRESENTATION_CONTEXT('2D SPACE',''
  ) );
#6421 = PCURVE('',#6349,#6422);
#6422 = DEFINITIONAL_REPRESENTATION('',(#6423),#6427);
#6423 = LINE('',#6424,#6425);
#6424 = CARTESIAN_POINT('',(2.410318724268,0.));
#6425 = VECTOR('',#6426,1.);
#6426 = DIRECTION('',(0.,1.));
#6427 = ( GEOMETRIC_REPRESENTATION_CONTEXT(2) 
PARAMETRIC_REPRESENTATION_CONTEXT() REPRESENTATION_CONTEXT('2D SPACE',''
  ) );
#6428 = ADVANCED_FACE('',(#6429),#3693,.F.);
#6429 = FACE_BOUND('',#6430,.F.);
#6430 = EDGE_LOOP('',(#6431,#6454,#6455,#6477,#6506,#6526,#6527,#6528,
    #6552,#6572,#6573,#6595,#6624,#6644,#6645,#6646));
#6431 = ORIENTED_EDGE('',*,*,#6432,.T.);
#6432 = EDGE_CURVE('',#6433,#3791,#6435,.T.);
#6433 = VERTEX_POINT('',#6434);
#6434 = CARTESIAN_POINT('',(1.,-54.775,-34.));
#6435 = SEAM_CURVE('',#6436,(#6440,#6447),.PCURVE_S1.);
#6436 = LINE('',#6437,#6438);
#6437 = CARTESIAN_POINT('',(1.825,-53.95,-34.));
#6438 = VECTOR('',#6439,1.);
#6439 = DIRECTION('',(0.707106781187,0.707106781187,8.659560562355E-17)
  );
#6440 = PCURVE('',#3693,#6441);
#6441 = DEFINITIONAL_REPRESENTATION('',(#6442),#6446);
#6442 = LINE('',#6443,#6444);
#6443 = CARTESIAN_POINT('',(3.14159265359,2.669157179762E-15));
#6444 = VECTOR('',#6445,1.);
#6445 = DIRECTION('',(0.,1.));
#6446 = ( GEOMETRIC_REPRESENTATION_CONTEXT(2) 
PARAMETRIC_REPRESENTATION_CONTEXT() REPRESENTATION_CONTEXT('2D SPACE',''
  ) );
#6447 = PCURVE('',#3693,#6448);
#6448 = DEFINITIONAL_REPRESENTATION('',(#6449),#6453);
#6449 = LINE('',#6450,#6451);
#6450 = CARTESIAN_POINT('',(-3.14159265359,2.669157179762E-15));
#6451 = VECTOR('',#6452,1.);
#6452 = DIRECTION('',(0.,1.));
#6453 = ( GEOMETRIC_REPRESENTATION_CONTEXT(2) 
PARAMETRIC_REPRESENTATION_CONTEXT() REPRESENTATION_CONTEXT('2D SPACE',''
  ) );
#6454 = ORIENTED_EDGE('',*,*,#3790,.F.);
#6455 = ORIENTED_EDGE('',*,*,#6456,.F.);
#6456 = EDGE_CURVE('',#6457,#3763,#6459,.T.);
#6457 = VERTEX_POINT('',#6458);
#6458 = CARTESIAN_POINT('',(2.304986313823,-53.35,-33.24656580042));
#6459 = SURFACE_CURVE('',#6460,(#6464,#6470),.PCURVE_S1.);
#6460 = ( BOUNDED_CURVE() B_SPLINE_CURVE(2,(#6461,#6462,#6463),
.UNSPECIFIED.,.F.,.F.) B_SPLINE_CURVE_WITH_KNOTS((3,3),(
9.647122393921E-02,0.114765891411),.PIECEWISE_BEZIER_KNOTS.) CURVE() 
GEOMETRIC_REPRESENTATION_ITEM() RATIONAL_B_SPLINE_CURVE((1.004927529792,
1.002930989812,1.)) REPRESENTATION_ITEM('') );
#6461 = CARTESIAN_POINT('',(2.304986313823,-53.35,-33.24656580042));
#6462 = CARTESIAN_POINT('',(2.369290093913,-53.27734384164,
    -33.20943999568));
#6463 = CARTESIAN_POINT('',(2.437571427405,-53.2,-33.1700177494));
#6464 = PCURVE('',#3693,#6465);
#6465 = DEFINITIONAL_REPRESENTATION('',(#6466),#6469);
#6466 = B_SPLINE_CURVE_WITH_KNOTS('',1,(#6467,#6468),.UNSPECIFIED.,.F.,
  .F.,(2,2),(9.647122393921E-02,0.114765891411),
  .PIECEWISE_BEZIER_KNOTS.);
#6467 = CARTESIAN_POINT('',(2.825669031715,0.6));
#6468 = CARTESIAN_POINT('',(2.81341000365,0.75));
#6469 = ( GEOMETRIC_REPRESENTATION_CONTEXT(2) 
PARAMETRIC_REPRESENTATION_CONTEXT() REPRESENTATION_CONTEXT('2D SPACE',''
  ) );
#6470 = PCURVE('',#3778,#6471);
#6471 = DEFINITIONAL_REPRESENTATION('',(#6472),#6476);
#6472 = ( BOUNDED_CURVE() B_SPLINE_CURVE(2,(#6473,#6474,#6475),
.UNSPECIFIED.,.F.,.F.) B_SPLINE_CURVE_WITH_KNOTS((3,3),(
9.647122393921E-02,0.114765891411),.PIECEWISE_BEZIER_KNOTS.) CURVE() 
GEOMETRIC_REPRESENTATION_ITEM() RATIONAL_B_SPLINE_CURVE((1.004927529792,
1.002930989812,1.)) REPRESENTATION_ITEM('') );
#6473 = CARTESIAN_POINT('',(0.,2.35));
#6474 = CARTESIAN_POINT('',(7.425160948954E-02,2.277343841643));
#6475 = CARTESIAN_POINT('',(0.153096102035,2.2));
#6476 = ( GEOMETRIC_REPRESENTATION_CONTEXT(2) 
PARAMETRIC_REPRESENTATION_CONTEXT() REPRESENTATION_CONTEXT('2D SPACE',''
  ) );
#6477 = ORIENTED_EDGE('',*,*,#6478,.F.);
#6478 = EDGE_CURVE('',#6479,#6457,#6481,.T.);
#6479 = VERTEX_POINT('',#6480);
#6480 = CARTESIAN_POINT('',(1.804986313823,-53.35,-32.38054039664));
#6481 = SURFACE_CURVE('',#6482,(#6487,#6494),.PCURVE_S1.);
#6482 = CIRCLE('',#6483,2.425);
#6483 = AXIS2_PLACEMENT_3D('',#6484,#6485,#6486);
#6484 = CARTESIAN_POINT('',(-5.405200097032E-14,-53.35,-34.));
#6485 = DIRECTION('',(-0.,1.,0.));
#6486 = DIRECTION('',(1.,0.,0.));
#6487 = PCURVE('',#3693,#6488);
#6488 = DEFINITIONAL_REPRESENTATION('',(#6489),#6493);
#6489 = LINE('',#6490,#6491);
#6490 = CARTESIAN_POINT('',(-3.14159265359,0.6));
#6491 = VECTOR('',#6492,1.);
#6492 = DIRECTION('',(1.,2.079090437144E-15));
#6493 = ( GEOMETRIC_REPRESENTATION_CONTEXT(2) 
PARAMETRIC_REPRESENTATION_CONTEXT() REPRESENTATION_CONTEXT('2D SPACE',''
  ) );
#6494 = PCURVE('',#6495,#6500);
#6495 = CYLINDRICAL_SURFACE('',#6496,2.425);
#6496 = AXIS2_PLACEMENT_3D('',#6497,#6498,#6499);
#6497 = CARTESIAN_POINT('',(-5.405200097032E-14,-51.,-34.));
#6498 = DIRECTION('',(0.,-1.,0.));
#6499 = DIRECTION('',(1.,0.,0.));
#6500 = DEFINITIONAL_REPRESENTATION('',(#6501),#6505);
#6501 = LINE('',#6502,#6503);
#6502 = CARTESIAN_POINT('',(6.28318530718,2.35));
#6503 = VECTOR('',#6504,1.);
#6504 = DIRECTION('',(-1.,0.));
#6505 = ( GEOMETRIC_REPRESENTATION_CONTEXT(2) 
PARAMETRIC_REPRESENTATION_CONTEXT() REPRESENTATION_CONTEXT('2D SPACE',''
  ) );
#6506 = ORIENTED_EDGE('',*,*,#6507,.F.);
#6507 = EDGE_CURVE('',#3677,#6479,#6508,.T.);
#6508 = SURFACE_CURVE('',#6509,(#6513,#6519),.PCURVE_S1.);
#6509 = ( BOUNDED_CURVE() B_SPLINE_CURVE(2,(#6510,#6511,#6512),
.UNSPECIFIED.,.F.,.F.) B_SPLINE_CURVE_WITH_KNOTS((3,3),(0.,
1.829466747149E-02),.PIECEWISE_BEZIER_KNOTS.) CURVE() 
GEOMETRIC_REPRESENTATION_ITEM() RATIONAL_B_SPLINE_CURVE((1.,
1.002930989812,1.004927529791)) REPRESENTATION_ITEM('') );
#6510 = CARTESIAN_POINT('',(1.937571427405,-53.2,-32.30399234562));
#6511 = CARTESIAN_POINT('',(1.86929009391,-53.27734384164,
    -32.34341459189));
#6512 = CARTESIAN_POINT('',(1.804986313823,-53.35,-32.38054039664));
#6513 = PCURVE('',#3693,#6514);
#6514 = DEFINITIONAL_REPRESENTATION('',(#6515),#6518);
#6515 = B_SPLINE_CURVE_WITH_KNOTS('',1,(#6516,#6517),.UNSPECIFIED.,.F.,
  .F.,(2,2),(0.,1.829466747149E-02),.PIECEWISE_BEZIER_KNOTS.);
#6516 = CARTESIAN_POINT('',(2.422577752333,0.75));
#6517 = CARTESIAN_POINT('',(2.410318724268,0.6));
#6518 = ( GEOMETRIC_REPRESENTATION_CONTEXT(2) 
PARAMETRIC_REPRESENTATION_CONTEXT() REPRESENTATION_CONTEXT('2D SPACE',''
  ) );
#6519 = PCURVE('',#3721,#6520);
#6520 = DEFINITIONAL_REPRESENTATION('',(#6521),#6525);
#6521 = ( BOUNDED_CURVE() B_SPLINE_CURVE(2,(#6522,#6523,#6524),
.UNSPECIFIED.,.F.,.F.) B_SPLINE_CURVE_WITH_KNOTS((3,3),(0.,
1.829466747149E-02),.PIECEWISE_BEZIER_KNOTS.) CURVE() 
GEOMETRIC_REPRESENTATION_ITEM() RATIONAL_B_SPLINE_CURVE((1.,
1.002930989812,1.004927529791)) REPRESENTATION_ITEM('') );
#6522 = CARTESIAN_POINT('',(0.,2.2));
#6523 = CARTESIAN_POINT('',(7.884449254774E-02,2.277343841646));
#6524 = CARTESIAN_POINT('',(0.153096102035,2.35));
#6525 = ( GEOMETRIC_REPRESENTATION_CONTEXT(2) 
PARAMETRIC_REPRESENTATION_CONTEXT() REPRESENTATION_CONTEXT('2D SPACE',''
  ) );
#6526 = ORIENTED_EDGE('',*,*,#3676,.F.);
#6527 = ORIENTED_EDGE('',*,*,#6386,.F.);
#6528 = ORIENTED_EDGE('',*,*,#6529,.F.);
#6529 = EDGE_CURVE('',#6530,#6387,#6532,.T.);
#6530 = VERTEX_POINT('',#6531);
#6531 = CARTESIAN_POINT('',(-2.304986313823,-53.35,-33.24656580042));
#6532 = SURFACE_CURVE('',#6533,(#6538,#6545),.PCURVE_S1.);
#6533 = CIRCLE('',#6534,2.425);
#6534 = AXIS2_PLACEMENT_3D('',#6535,#6536,#6537);
#6535 = CARTESIAN_POINT('',(-5.405200097032E-14,-53.35,-34.));
#6536 = DIRECTION('',(-0.,1.,0.));
#6537 = DIRECTION('',(1.,0.,0.));
#6538 = PCURVE('',#3693,#6539);
#6539 = DEFINITIONAL_REPRESENTATION('',(#6540),#6544);
#6540 = LINE('',#6541,#6542);
#6541 = CARTESIAN_POINT('',(-3.14159265359,0.6));
#6542 = VECTOR('',#6543,1.);
#6543 = DIRECTION('',(1.,3.213139766495E-15));
#6544 = ( GEOMETRIC_REPRESENTATION_CONTEXT(2) 
PARAMETRIC_REPRESENTATION_CONTEXT() REPRESENTATION_CONTEXT('2D SPACE',''
  ) );
#6545 = PCURVE('',#6349,#6546);
#6546 = DEFINITIONAL_REPRESENTATION('',(#6547),#6551);
#6547 = LINE('',#6548,#6549);
#6548 = CARTESIAN_POINT('',(6.28318530718,2.35));
#6549 = VECTOR('',#6550,1.);
#6550 = DIRECTION('',(-1.,0.));
#6551 = ( GEOMETRIC_REPRESENTATION_CONTEXT(2) 
PARAMETRIC_REPRESENTATION_CONTEXT() REPRESENTATION_CONTEXT('2D SPACE',''
  ) );
#6552 = ORIENTED_EDGE('',*,*,#6553,.F.);
#6553 = EDGE_CURVE('',#3947,#6530,#6554,.T.);
#6554 = SURFACE_CURVE('',#6555,(#6559,#6565),.PCURVE_S1.);
#6555 = ( BOUNDED_CURVE() B_SPLINE_CURVE(2,(#6556,#6557,#6558),
.UNSPECIFIED.,.F.,.F.) B_SPLINE_CURVE_WITH_KNOTS((3,3),(0.,
1.829466747152E-02),.PIECEWISE_BEZIER_KNOTS.) CURVE() 
GEOMETRIC_REPRESENTATION_ITEM() RATIONAL_B_SPLINE_CURVE((1.,
1.002930989811,1.004927529791)) REPRESENTATION_ITEM('') );
#6556 = CARTESIAN_POINT('',(-2.437571427405,-53.2,-33.1700177494));
#6557 = CARTESIAN_POINT('',(-2.369290093911,-53.27734384164,
    -33.20943999568));
#6558 = CARTESIAN_POINT('',(-2.304986313823,-53.35,-33.24656580042));
#6559 = PCURVE('',#3693,#6560);
#6560 = DEFINITIONAL_REPRESENTATION('',(#6561),#6564);
#6561 = B_SPLINE_CURVE_WITH_KNOTS('',1,(#6562,#6563),.UNSPECIFIED.,.F.,
  .F.,(2,2),(0.,1.829466747152E-02),.PIECEWISE_BEZIER_KNOTS.);
#6562 = CARTESIAN_POINT('',(0.32818264994,0.75));
#6563 = CARTESIAN_POINT('',(0.315923621875,0.6));
#6564 = ( GEOMETRIC_REPRESENTATION_CONTEXT(2) 
PARAMETRIC_REPRESENTATION_CONTEXT() REPRESENTATION_CONTEXT('2D SPACE',''
  ) );
#6565 = PCURVE('',#3984,#6566);
#6566 = DEFINITIONAL_REPRESENTATION('',(#6567),#6571);
#6567 = ( BOUNDED_CURVE() B_SPLINE_CURVE(2,(#6568,#6569,#6570),
.UNSPECIFIED.,.F.,.F.) B_SPLINE_CURVE_WITH_KNOTS((3,3),(0.,
1.829466747152E-02),.PIECEWISE_BEZIER_KNOTS.) CURVE() 
GEOMETRIC_REPRESENTATION_ITEM() RATIONAL_B_SPLINE_CURVE((1.,
1.002930989811,1.004927529791)) REPRESENTATION_ITEM('') );
#6568 = CARTESIAN_POINT('',(0.,2.2));
#6569 = CARTESIAN_POINT('',(7.884449254771E-02,2.277343841646));
#6570 = CARTESIAN_POINT('',(0.153096102035,2.35));
#6571 = ( GEOMETRIC_REPRESENTATION_CONTEXT(2) 
PARAMETRIC_REPRESENTATION_CONTEXT() REPRESENTATION_CONTEXT('2D SPACE',''
  ) );
#6572 = ORIENTED_EDGE('',*,*,#3946,.F.);
#6573 = ORIENTED_EDGE('',*,*,#6574,.F.);
#6574 = EDGE_CURVE('',#6575,#3919,#6577,.T.);
#6575 = VERTEX_POINT('',#6576);
#6576 = CARTESIAN_POINT('',(-0.5,-53.35,-36.37289380293));
#6577 = SURFACE_CURVE('',#6578,(#6582,#6588),.PCURVE_S1.);
#6578 = ( BOUNDED_CURVE() B_SPLINE_CURVE(2,(#6579,#6580,#6581),
.UNSPECIFIED.,.F.,.F.) B_SPLINE_CURVE_WITH_KNOTS((3,3),(
9.647122393922E-02,0.114765891411),.PIECEWISE_BEZIER_KNOTS.) CURVE() 
GEOMETRIC_REPRESENTATION_ITEM() RATIONAL_B_SPLINE_CURVE((1.004927529792,
1.002930989812,1.)) REPRESENTATION_ITEM('') );
#6579 = CARTESIAN_POINT('',(-0.5,-53.35,-36.37289380293));
#6580 = CARTESIAN_POINT('',(-0.5,-53.27734384164,-36.44714541242));
#6581 = CARTESIAN_POINT('',(-0.5,-53.2,-36.52598990496));
#6582 = PCURVE('',#3693,#6583);
#6583 = DEFINITIONAL_REPRESENTATION('',(#6584),#6587);
#6584 = B_SPLINE_CURVE_WITH_KNOTS('',1,(#6585,#6586),.UNSPECIFIED.,.F.,
  .F.,(2,2),(9.647122393922E-02,0.114765891411),
  .PIECEWISE_BEZIER_KNOTS.);
#6585 = CARTESIAN_POINT('',(-1.363121173072,0.6));
#6586 = CARTESIAN_POINT('',(-1.375380201137,0.75));
#6587 = ( GEOMETRIC_REPRESENTATION_CONTEXT(2) 
PARAMETRIC_REPRESENTATION_CONTEXT() REPRESENTATION_CONTEXT('2D SPACE',''
  ) );
#6588 = PCURVE('',#3934,#6589);
#6589 = DEFINITIONAL_REPRESENTATION('',(#6590),#6594);
#6590 = ( BOUNDED_CURVE() B_SPLINE_CURVE(2,(#6591,#6592,#6593),
.UNSPECIFIED.,.F.,.F.) B_SPLINE_CURVE_WITH_KNOTS((3,3),(
9.647122393922E-02,0.114765891411),.PIECEWISE_BEZIER_KNOTS.) CURVE() 
GEOMETRIC_REPRESENTATION_ITEM() RATIONAL_B_SPLINE_CURVE((1.004927529792,
1.002930989812,1.)) REPRESENTATION_ITEM('') );
#6591 = CARTESIAN_POINT('',(0.,2.35));
#6592 = CARTESIAN_POINT('',(7.425160948959E-02,2.277343841643));
#6593 = CARTESIAN_POINT('',(0.153096102034,2.2));
#6594 = ( GEOMETRIC_REPRESENTATION_CONTEXT(2) 
PARAMETRIC_REPRESENTATION_CONTEXT() REPRESENTATION_CONTEXT('2D SPACE',''
  ) );
#6595 = ORIENTED_EDGE('',*,*,#6596,.F.);
#6596 = EDGE_CURVE('',#6597,#6575,#6599,.T.);
#6597 = VERTEX_POINT('',#6598);
#6598 = CARTESIAN_POINT('',(0.5,-53.35,-36.37289380293));
#6599 = SURFACE_CURVE('',#6600,(#6605,#6612),.PCURVE_S1.);
#6600 = CIRCLE('',#6601,2.425);
#6601 = AXIS2_PLACEMENT_3D('',#6602,#6603,#6604);
#6602 = CARTESIAN_POINT('',(-5.405200097032E-14,-53.35,-34.));
#6603 = DIRECTION('',(-0.,1.,0.));
#6604 = DIRECTION('',(1.,0.,0.));
#6605 = PCURVE('',#3693,#6606);
#6606 = DEFINITIONAL_REPRESENTATION('',(#6607),#6611);
#6607 = LINE('',#6608,#6609);
#6608 = CARTESIAN_POINT('',(-3.14159265359,0.6));
#6609 = VECTOR('',#6610,1.);
#6610 = DIRECTION('',(1.,5.670246646755E-16));
#6611 = ( GEOMETRIC_REPRESENTATION_CONTEXT(2) 
PARAMETRIC_REPRESENTATION_CONTEXT() REPRESENTATION_CONTEXT('2D SPACE',''
  ) );
#6612 = PCURVE('',#6613,#6618);
#6613 = CYLINDRICAL_SURFACE('',#6614,2.425);
#6614 = AXIS2_PLACEMENT_3D('',#6615,#6616,#6617);
#6615 = CARTESIAN_POINT('',(-5.405200097032E-14,-51.,-34.));
#6616 = DIRECTION('',(0.,-1.,0.));
#6617 = DIRECTION('',(1.,0.,0.));
#6618 = DEFINITIONAL_REPRESENTATION('',(#6619),#6623);
#6619 = LINE('',#6620,#6621);
#6620 = CARTESIAN_POINT('',(6.28318530718,2.35));
#6621 = VECTOR('',#6622,1.);
#6622 = DIRECTION('',(-1.,0.));
#6623 = ( GEOMETRIC_REPRESENTATION_CONTEXT(2) 
PARAMETRIC_REPRESENTATION_CONTEXT() REPRESENTATION_CONTEXT('2D SPACE',''
  ) );
#6624 = ORIENTED_EDGE('',*,*,#6625,.F.);
#6625 = EDGE_CURVE('',#3838,#6597,#6626,.T.);
#6626 = SURFACE_CURVE('',#6627,(#6631,#6637),.PCURVE_S1.);
#6627 = ( BOUNDED_CURVE() B_SPLINE_CURVE(2,(#6628,#6629,#6630),
.UNSPECIFIED.,.F.,.F.) B_SPLINE_CURVE_WITH_KNOTS((3,3),(0.,
1.829466747147E-02),.PIECEWISE_BEZIER_KNOTS.) CURVE() 
GEOMETRIC_REPRESENTATION_ITEM() RATIONAL_B_SPLINE_CURVE((1.,
1.002930989812,1.004927529792)) REPRESENTATION_ITEM('') );
#6628 = CARTESIAN_POINT('',(0.5,-53.2,-36.52598990496));
#6629 = CARTESIAN_POINT('',(0.5,-53.27734384164,-36.44714541242));
#6630 = CARTESIAN_POINT('',(0.5,-53.35,-36.37289380293));
#6631 = PCURVE('',#3693,#6632);
#6632 = DEFINITIONAL_REPRESENTATION('',(#6633),#6636);
#6633 = B_SPLINE_CURVE_WITH_KNOTS('',1,(#6634,#6635),.UNSPECIFIED.,.F.,
  .F.,(2,2),(0.,1.829466747147E-02),.PIECEWISE_BEZIER_KNOTS.);
#6634 = CARTESIAN_POINT('',(-1.766212452453,0.75));
#6635 = CARTESIAN_POINT('',(-1.778471480518,0.6));
#6636 = ( GEOMETRIC_REPRESENTATION_CONTEXT(2) 
PARAMETRIC_REPRESENTATION_CONTEXT() REPRESENTATION_CONTEXT('2D SPACE',''
  ) );
#6637 = PCURVE('',#3877,#6638);
#6638 = DEFINITIONAL_REPRESENTATION('',(#6639),#6643);
#6639 = ( BOUNDED_CURVE() B_SPLINE_CURVE(2,(#6640,#6641,#6642),
.UNSPECIFIED.,.F.,.F.) B_SPLINE_CURVE_WITH_KNOTS((3,3),(0.,
1.829466747147E-02),.PIECEWISE_BEZIER_KNOTS.) CURVE() 
GEOMETRIC_REPRESENTATION_ITEM() RATIONAL_B_SPLINE_CURVE((1.,
1.002930989812,1.004927529792)) REPRESENTATION_ITEM('') );
#6640 = CARTESIAN_POINT('',(0.,2.2));
#6641 = CARTESIAN_POINT('',(7.88444925477E-02,2.277343841646));
#6642 = CARTESIAN_POINT('',(0.153096102034,2.35));
#6643 = ( GEOMETRIC_REPRESENTATION_CONTEXT(2) 
PARAMETRIC_REPRESENTATION_CONTEXT() REPRESENTATION_CONTEXT('2D SPACE',''
  ) );
#6644 = ORIENTED_EDGE('',*,*,#3837,.F.);
#6645 = ORIENTED_EDGE('',*,*,#6432,.F.);
#6646 = ORIENTED_EDGE('',*,*,#6647,.T.);
#6647 = EDGE_CURVE('',#6433,#6433,#6648,.T.);
#6648 = SURFACE_CURVE('',#6649,(#6654,#6661),.PCURVE_S1.);
#6649 = CIRCLE('',#6650,1.);
#6650 = AXIS2_PLACEMENT_3D('',#6651,#6652,#6653);
#6651 = CARTESIAN_POINT('',(-3.330669073875E-14,-54.775,-34.));
#6652 = DIRECTION('',(0.,1.,0.));
#6653 = DIRECTION('',(-1.,0.,0.));
#6654 = PCURVE('',#3693,#6655);
#6655 = DEFINITIONAL_REPRESENTATION('',(#6656),#6660);
#6656 = LINE('',#6657,#6658);
#6657 = CARTESIAN_POINT('',(-6.28318530718,-0.825));
#6658 = VECTOR('',#6659,1.);
#6659 = DIRECTION('',(1.,0.));
#6660 = ( GEOMETRIC_REPRESENTATION_CONTEXT(2) 
PARAMETRIC_REPRESENTATION_CONTEXT() REPRESENTATION_CONTEXT('2D SPACE',''
  ) );
#6661 = PCURVE('',#6662,#6667);
#6662 = CYLINDRICAL_SURFACE('',#6663,1.);
#6663 = AXIS2_PLACEMENT_3D('',#6664,#6665,#6666);
#6664 = CARTESIAN_POINT('',(-3.330669073875E-14,-48.,-34.));
#6665 = DIRECTION('',(0.,-1.,0.));
#6666 = DIRECTION('',(-1.,0.,0.));
#6667 = DEFINITIONAL_REPRESENTATION('',(#6668),#6672);
#6668 = LINE('',#6669,#6670);
#6669 = CARTESIAN_POINT('',(6.28318530718,6.775));
#6670 = VECTOR('',#6671,1.);
#6671 = DIRECTION('',(-1.,0.));
#6672 = ( GEOMETRIC_REPRESENTATION_CONTEXT(2) 
PARAMETRIC_REPRESENTATION_CONTEXT() REPRESENTATION_CONTEXT('2D SPACE',''
  ) );
#6673 = ADVANCED_FACE('',(#6674),#3721,.T.);
#6674 = FACE_BOUND('',#6675,.T.);
#6675 = EDGE_LOOP('',(#6676,#6698,#6719,#6720));
#6676 = ORIENTED_EDGE('',*,*,#6677,.F.);
#6677 = EDGE_CURVE('',#6678,#3706,#6680,.T.);
#6678 = VERTEX_POINT('',#6679);
#6679 = CARTESIAN_POINT('',(1.804986313823,-51.15,-32.38054039664));
#6680 = SURFACE_CURVE('',#6681,(#6685,#6692),.PCURVE_S1.);
#6681 = ( BOUNDED_CURVE() B_SPLINE_CURVE(2,(#6682,#6683,#6684),
.UNSPECIFIED.,.F.,.F.) B_SPLINE_CURVE_WITH_KNOTS((3,3),(0.649731810959,
0.653796604457),.PIECEWISE_BEZIER_KNOTS.) CURVE() 
GEOMETRIC_REPRESENTATION_ITEM() RATIONAL_B_SPLINE_CURVE((1.051282051282,
1.025801438711,1.)) REPRESENTATION_ITEM('') );
#6682 = CARTESIAN_POINT('',(1.804986313823,-51.15,-32.38054039664));
#6683 = CARTESIAN_POINT('',(1.86929009391,-51.07734384164,
    -32.34341459189));
#6684 = CARTESIAN_POINT('',(1.937571427405,-51.,-32.30399234562));
#6685 = PCURVE('',#3721,#6686);
#6686 = DEFINITIONAL_REPRESENTATION('',(#6687),#6691);
#6687 = ( BOUNDED_CURVE() B_SPLINE_CURVE(2,(#6688,#6689,#6690),
.UNSPECIFIED.,.F.,.F.) B_SPLINE_CURVE_WITH_KNOTS((3,3),(0.649731810959,
0.653796604457),.PIECEWISE_BEZIER_KNOTS.) CURVE() 
GEOMETRIC_REPRESENTATION_ITEM() RATIONAL_B_SPLINE_CURVE((1.051282051282,
1.025801438711,1.)) REPRESENTATION_ITEM('') );
#6688 = CARTESIAN_POINT('',(0.153096102035,0.15));
#6689 = CARTESIAN_POINT('',(7.884449254851E-02,7.73438416465E-02));
#6690 = CARTESIAN_POINT('',(0.,0.));
#6691 = ( GEOMETRIC_REPRESENTATION_CONTEXT(2) 
PARAMETRIC_REPRESENTATION_CONTEXT() REPRESENTATION_CONTEXT('2D SPACE',''
  ) );
#6692 = PCURVE('',#3750,#6693);
#6693 = DEFINITIONAL_REPRESENTATION('',(#6694),#6697);
#6694 = B_SPLINE_CURVE_WITH_KNOTS('',1,(#6695,#6696),.UNSPECIFIED.,.F.,
  .F.,(2,2),(0.649731810959,0.653796604457),.PIECEWISE_BEZIER_KNOTS.);
#6695 = CARTESIAN_POINT('',(5.551911377858,-7.500000000001E-02));
#6696 = CARTESIAN_POINT('',(5.564170405923,7.5E-02));
#6697 = ( GEOMETRIC_REPRESENTATION_CONTEXT(2) 
PARAMETRIC_REPRESENTATION_CONTEXT() REPRESENTATION_CONTEXT('2D SPACE',''
  ) );
#6698 = ORIENTED_EDGE('',*,*,#6699,.T.);
#6699 = EDGE_CURVE('',#6678,#6479,#6700,.T.);
#6700 = SURFACE_CURVE('',#6701,(#6705,#6712),.PCURVE_S1.);
#6701 = LINE('',#6702,#6703);
#6702 = CARTESIAN_POINT('',(1.804986313823,-51.,-32.38054039664));
#6703 = VECTOR('',#6704,1.);
#6704 = DIRECTION('',(0.,-1.,0.));
#6705 = PCURVE('',#3721,#6706);
#6706 = DEFINITIONAL_REPRESENTATION('',(#6707),#6711);
#6707 = LINE('',#6708,#6709);
#6708 = CARTESIAN_POINT('',(0.153096102035,0.));
#6709 = VECTOR('',#6710,1.);
#6710 = DIRECTION('',(-0.,1.));
#6711 = ( GEOMETRIC_REPRESENTATION_CONTEXT(2) 
PARAMETRIC_REPRESENTATION_CONTEXT() REPRESENTATION_CONTEXT('2D SPACE',''
  ) );
#6712 = PCURVE('',#6495,#6713);
#6713 = DEFINITIONAL_REPRESENTATION('',(#6714),#6718);
#6714 = LINE('',#6715,#6716);
#6715 = CARTESIAN_POINT('',(0.731273929321,0.));
#6716 = VECTOR('',#6717,1.);
#6717 = DIRECTION('',(0.,1.));
#6718 = ( GEOMETRIC_REPRESENTATION_CONTEXT(2) 
PARAMETRIC_REPRESENTATION_CONTEXT() REPRESENTATION_CONTEXT('2D SPACE',''
  ) );
#6719 = ORIENTED_EDGE('',*,*,#6507,.F.);
#6720 = ORIENTED_EDGE('',*,*,#3705,.F.);
#6721 = ADVANCED_FACE('',(#6722),#3750,.F.);
#6722 = FACE_BOUND('',#6723,.F.);
#6723 = EDGE_LOOP('',(#6724,#6725,#6726,#6750));
#6724 = ORIENTED_EDGE('',*,*,#3733,.T.);
#6725 = ORIENTED_EDGE('',*,*,#6677,.F.);
#6726 = ORIENTED_EDGE('',*,*,#6727,.F.);
#6727 = EDGE_CURVE('',#6728,#6678,#6730,.T.);
#6728 = VERTEX_POINT('',#6729);
#6729 = CARTESIAN_POINT('',(2.304986313823,-51.15,-33.24656580042));
#6730 = SURFACE_CURVE('',#6731,(#6736,#6743),.PCURVE_S1.);
#6731 = CIRCLE('',#6732,2.425);
#6732 = AXIS2_PLACEMENT_3D('',#6733,#6734,#6735);
#6733 = CARTESIAN_POINT('',(-5.405200097032E-14,-51.15,-34.));
#6734 = DIRECTION('',(0.,-1.,0.));
#6735 = DIRECTION('',(1.,0.,0.));
#6736 = PCURVE('',#3750,#6737);
#6737 = DEFINITIONAL_REPRESENTATION('',(#6738),#6742);
#6738 = LINE('',#6739,#6740);
#6739 = CARTESIAN_POINT('',(6.28318530718,-7.5E-02));
#6740 = VECTOR('',#6741,1.);
#6741 = DIRECTION('',(-1.,2.126342492533E-15));
#6742 = ( GEOMETRIC_REPRESENTATION_CONTEXT(2) 
PARAMETRIC_REPRESENTATION_CONTEXT() REPRESENTATION_CONTEXT('2D SPACE',''
  ) );
#6743 = PCURVE('',#6495,#6744);
#6744 = DEFINITIONAL_REPRESENTATION('',(#6745),#6749);
#6745 = LINE('',#6746,#6747);
#6746 = CARTESIAN_POINT('',(-8.326672684689E-16,0.15));
#6747 = VECTOR('',#6748,1.);
#6748 = DIRECTION('',(1.,0.));
#6749 = ( GEOMETRIC_REPRESENTATION_CONTEXT(2) 
PARAMETRIC_REPRESENTATION_CONTEXT() REPRESENTATION_CONTEXT('2D SPACE',''
  ) );
#6750 = ORIENTED_EDGE('',*,*,#6751,.F.);
#6751 = EDGE_CURVE('',#3734,#6728,#6752,.T.);
#6752 = SURFACE_CURVE('',#6753,(#6757,#6763),.PCURVE_S1.);
#6753 = ( BOUNDED_CURVE() B_SPLINE_CURVE(2,(#6754,#6755,#6756),
.UNSPECIFIED.,.F.,.F.) B_SPLINE_CURVE_WITH_KNOTS((3,3),(0.,
4.064793498611E-03),.PIECEWISE_BEZIER_KNOTS.) CURVE() 
GEOMETRIC_REPRESENTATION_ITEM() RATIONAL_B_SPLINE_CURVE((1.,
1.025801438711,1.051282051282)) REPRESENTATION_ITEM('') );
#6754 = CARTESIAN_POINT('',(2.437571427405,-51.,-33.1700177494));
#6755 = CARTESIAN_POINT('',(2.36929009391,-51.07734384164,
    -33.20943999568));
#6756 = CARTESIAN_POINT('',(2.304986313823,-51.15,-33.24656580042));
#6757 = PCURVE('',#3750,#6758);
#6758 = DEFINITIONAL_REPRESENTATION('',(#6759),#6762);
#6759 = B_SPLINE_CURVE_WITH_KNOTS('',1,(#6760,#6761),.UNSPECIFIED.,.F.,
  .F.,(2,2),(0.,4.064793498611E-03),.PIECEWISE_BEZIER_KNOTS.);
#6760 = CARTESIAN_POINT('',(5.95500265724,7.500000000001E-02));
#6761 = CARTESIAN_POINT('',(5.967261685304,-7.5E-02));
#6762 = ( GEOMETRIC_REPRESENTATION_CONTEXT(2) 
PARAMETRIC_REPRESENTATION_CONTEXT() REPRESENTATION_CONTEXT('2D SPACE',''
  ) );
#6763 = PCURVE('',#3778,#6764);
#6764 = DEFINITIONAL_REPRESENTATION('',(#6765),#6769);
#6765 = ( BOUNDED_CURVE() B_SPLINE_CURVE(2,(#6766,#6767,#6768),
.UNSPECIFIED.,.F.,.F.) B_SPLINE_CURVE_WITH_KNOTS((3,3),(0.,
4.064793498611E-03),.PIECEWISE_BEZIER_KNOTS.) CURVE() 
GEOMETRIC_REPRESENTATION_ITEM() RATIONAL_B_SPLINE_CURVE((1.,
1.025801438711,1.051282051282)) REPRESENTATION_ITEM('') );
#6766 = CARTESIAN_POINT('',(0.153096102035,0.));
#6767 = CARTESIAN_POINT('',(7.425160948675E-02,7.73438416458E-02));
#6768 = CARTESIAN_POINT('',(0.,0.15));
#6769 = ( GEOMETRIC_REPRESENTATION_CONTEXT(2) 
PARAMETRIC_REPRESENTATION_CONTEXT() REPRESENTATION_CONTEXT('2D SPACE',''
  ) );
#6770 = ADVANCED_FACE('',(#6771),#3778,.T.);
#6771 = FACE_BOUND('',#6772,.T.);
#6772 = EDGE_LOOP('',(#6773,#6774,#6775,#6776));
#6773 = ORIENTED_EDGE('',*,*,#6751,.F.);
#6774 = ORIENTED_EDGE('',*,*,#3762,.F.);
#6775 = ORIENTED_EDGE('',*,*,#6456,.F.);
#6776 = ORIENTED_EDGE('',*,*,#6777,.F.);
#6777 = EDGE_CURVE('',#6728,#6457,#6778,.T.);
#6778 = SURFACE_CURVE('',#6779,(#6783,#6790),.PCURVE_S1.);
#6779 = LINE('',#6780,#6781);
#6780 = CARTESIAN_POINT('',(2.304986313823,-51.,-33.24656580042));
#6781 = VECTOR('',#6782,1.);
#6782 = DIRECTION('',(0.,-1.,0.));
#6783 = PCURVE('',#3778,#6784);
#6784 = DEFINITIONAL_REPRESENTATION('',(#6785),#6789);
#6785 = LINE('',#6786,#6787);
#6786 = CARTESIAN_POINT('',(0.,0.));
#6787 = VECTOR('',#6788,1.);
#6788 = DIRECTION('',(0.,1.));
#6789 = ( GEOMETRIC_REPRESENTATION_CONTEXT(2) 
PARAMETRIC_REPRESENTATION_CONTEXT() REPRESENTATION_CONTEXT('2D SPACE',''
  ) );
#6790 = PCURVE('',#6495,#6791);
#6791 = DEFINITIONAL_REPRESENTATION('',(#6792),#6796);
#6792 = LINE('',#6793,#6794);
#6793 = CARTESIAN_POINT('',(0.315923621875,0.));
#6794 = VECTOR('',#6795,1.);
#6795 = DIRECTION('',(0.,1.));
#6796 = ( GEOMETRIC_REPRESENTATION_CONTEXT(2) 
PARAMETRIC_REPRESENTATION_CONTEXT() REPRESENTATION_CONTEXT('2D SPACE',''
  ) );
#6797 = ADVANCED_FACE('',(#6798),#3877,.T.);
#6798 = FACE_BOUND('',#6799,.T.);
#6799 = EDGE_LOOP('',(#6800,#6822,#6843,#6844));
#6800 = ORIENTED_EDGE('',*,*,#6801,.F.);
#6801 = EDGE_CURVE('',#6802,#3862,#6804,.T.);
#6802 = VERTEX_POINT('',#6803);
#6803 = CARTESIAN_POINT('',(0.5,-51.15,-36.37289380293));
#6804 = SURFACE_CURVE('',#6805,(#6809,#6816),.PCURVE_S1.);
#6805 = ( BOUNDED_CURVE() B_SPLINE_CURVE(2,(#6806,#6807,#6808),
.UNSPECIFIED.,.F.,.F.) B_SPLINE_CURVE_WITH_KNOTS((3,3),(0.649731810959,
0.653796604457),.PIECEWISE_BEZIER_KNOTS.) CURVE() 
GEOMETRIC_REPRESENTATION_ITEM() RATIONAL_B_SPLINE_CURVE((1.051282051282,
1.025801438711,1.)) REPRESENTATION_ITEM('') );
#6806 = CARTESIAN_POINT('',(0.5,-51.15,-36.37289380293));
#6807 = CARTESIAN_POINT('',(0.5,-51.07734384164,-36.44714541242));
#6808 = CARTESIAN_POINT('',(0.5,-51.,-36.52598990496));
#6809 = PCURVE('',#3877,#6810);
#6810 = DEFINITIONAL_REPRESENTATION('',(#6811),#6815);
#6811 = ( BOUNDED_CURVE() B_SPLINE_CURVE(2,(#6812,#6813,#6814),
.UNSPECIFIED.,.F.,.F.) B_SPLINE_CURVE_WITH_KNOTS((3,3),(0.649731810959,
0.653796604457),.PIECEWISE_BEZIER_KNOTS.) CURVE() 
GEOMETRIC_REPRESENTATION_ITEM() RATIONAL_B_SPLINE_CURVE((1.051282051282,
1.025801438711,1.)) REPRESENTATION_ITEM('') );
#6812 = CARTESIAN_POINT('',(0.153096102034,0.15));
#6813 = CARTESIAN_POINT('',(7.88444925477E-02,7.73438416458E-02));
#6814 = CARTESIAN_POINT('',(0.,0.));
#6815 = ( GEOMETRIC_REPRESENTATION_CONTEXT(2) 
PARAMETRIC_REPRESENTATION_CONTEXT() REPRESENTATION_CONTEXT('2D SPACE',''
  ) );
#6816 = PCURVE('',#3906,#6817);
#6817 = DEFINITIONAL_REPRESENTATION('',(#6818),#6821);
#6818 = B_SPLINE_CURVE_WITH_KNOTS('',1,(#6819,#6820),.UNSPECIFIED.,.F.,
  .F.,(2,2),(0.649731810959,0.653796604457),.PIECEWISE_BEZIER_KNOTS.);
#6819 = CARTESIAN_POINT('',(1.363121173072,-7.500000000002E-02));
#6820 = CARTESIAN_POINT('',(1.375380201137,7.499999999998E-02));
#6821 = ( GEOMETRIC_REPRESENTATION_CONTEXT(2) 
PARAMETRIC_REPRESENTATION_CONTEXT() REPRESENTATION_CONTEXT('2D SPACE',''
  ) );
#6822 = ORIENTED_EDGE('',*,*,#6823,.T.);
#6823 = EDGE_CURVE('',#6802,#6597,#6824,.T.);
#6824 = SURFACE_CURVE('',#6825,(#6829,#6836),.PCURVE_S1.);
#6825 = LINE('',#6826,#6827);
#6826 = CARTESIAN_POINT('',(0.5,-51.,-36.37289380293));
#6827 = VECTOR('',#6828,1.);
#6828 = DIRECTION('',(0.,-1.,0.));
#6829 = PCURVE('',#3877,#6830);
#6830 = DEFINITIONAL_REPRESENTATION('',(#6831),#6835);
#6831 = LINE('',#6832,#6833);
#6832 = CARTESIAN_POINT('',(0.153096102034,0.));
#6833 = VECTOR('',#6834,1.);
#6834 = DIRECTION('',(0.,1.));
#6835 = ( GEOMETRIC_REPRESENTATION_CONTEXT(2) 
PARAMETRIC_REPRESENTATION_CONTEXT() REPRESENTATION_CONTEXT('2D SPACE',''
  ) );
#6836 = PCURVE('',#6613,#6837);
#6837 = DEFINITIONAL_REPRESENTATION('',(#6838),#6842);
#6838 = LINE('',#6839,#6840);
#6839 = CARTESIAN_POINT('',(4.920064134108,0.));
#6840 = VECTOR('',#6841,1.);
#6841 = DIRECTION('',(0.,1.));
#6842 = ( GEOMETRIC_REPRESENTATION_CONTEXT(2) 
PARAMETRIC_REPRESENTATION_CONTEXT() REPRESENTATION_CONTEXT('2D SPACE',''
  ) );
#6843 = ORIENTED_EDGE('',*,*,#6625,.F.);
#6844 = ORIENTED_EDGE('',*,*,#3861,.F.);
#6845 = ADVANCED_FACE('',(#6846),#3906,.F.);
#6846 = FACE_BOUND('',#6847,.F.);
#6847 = EDGE_LOOP('',(#6848,#6849,#6850,#6874));
#6848 = ORIENTED_EDGE('',*,*,#3889,.T.);
#6849 = ORIENTED_EDGE('',*,*,#6801,.F.);
#6850 = ORIENTED_EDGE('',*,*,#6851,.F.);
#6851 = EDGE_CURVE('',#6852,#6802,#6854,.T.);
#6852 = VERTEX_POINT('',#6853);
#6853 = CARTESIAN_POINT('',(-0.5,-51.15,-36.37289380293));
#6854 = SURFACE_CURVE('',#6855,(#6860,#6867),.PCURVE_S1.);
#6855 = CIRCLE('',#6856,2.425);
#6856 = AXIS2_PLACEMENT_3D('',#6857,#6858,#6859);
#6857 = CARTESIAN_POINT('',(-5.405200097032E-14,-51.15,-34.));
#6858 = DIRECTION('',(0.,-1.,0.));
#6859 = DIRECTION('',(1.,0.,0.));
#6860 = PCURVE('',#3906,#6861);
#6861 = DEFINITIONAL_REPRESENTATION('',(#6862),#6866);
#6862 = LINE('',#6863,#6864);
#6863 = CARTESIAN_POINT('',(6.28318530718,-7.499999999999E-02));
#6864 = VECTOR('',#6865,1.);
#6865 = DIRECTION('',(-1.,-5.197726092859E-16));
#6866 = ( GEOMETRIC_REPRESENTATION_CONTEXT(2) 
PARAMETRIC_REPRESENTATION_CONTEXT() REPRESENTATION_CONTEXT('2D SPACE',''
  ) );
#6867 = PCURVE('',#6613,#6868);
#6868 = DEFINITIONAL_REPRESENTATION('',(#6869),#6873);
#6869 = LINE('',#6870,#6871);
#6870 = CARTESIAN_POINT('',(0.,0.15));
#6871 = VECTOR('',#6872,1.);
#6872 = DIRECTION('',(1.,0.));
#6873 = ( GEOMETRIC_REPRESENTATION_CONTEXT(2) 
PARAMETRIC_REPRESENTATION_CONTEXT() REPRESENTATION_CONTEXT('2D SPACE',''
  ) );
#6874 = ORIENTED_EDGE('',*,*,#6875,.F.);
#6875 = EDGE_CURVE('',#3890,#6852,#6876,.T.);
#6876 = SURFACE_CURVE('',#6877,(#6881,#6887),.PCURVE_S1.);
#6877 = ( BOUNDED_CURVE() B_SPLINE_CURVE(2,(#6878,#6879,#6880),
.UNSPECIFIED.,.F.,.F.) B_SPLINE_CURVE_WITH_KNOTS((3,3),(0.,
4.064793498611E-03),.PIECEWISE_BEZIER_KNOTS.) CURVE() 
GEOMETRIC_REPRESENTATION_ITEM() RATIONAL_B_SPLINE_CURVE((1.,
1.025801438711,1.051282051282)) REPRESENTATION_ITEM('') );
#6878 = CARTESIAN_POINT('',(-0.5,-51.,-36.52598990496));
#6879 = CARTESIAN_POINT('',(-0.5,-51.07734384164,-36.44714541242));
#6880 = CARTESIAN_POINT('',(-0.5,-51.15,-36.37289380293));
#6881 = PCURVE('',#3906,#6882);
#6882 = DEFINITIONAL_REPRESENTATION('',(#6883),#6886);
#6883 = B_SPLINE_CURVE_WITH_KNOTS('',1,(#6884,#6885),.UNSPECIFIED.,.F.,
  .F.,(2,2),(0.,4.064793498611E-03),.PIECEWISE_BEZIER_KNOTS.);
#6884 = CARTESIAN_POINT('',(1.766212452453,7.499999999998E-02));
#6885 = CARTESIAN_POINT('',(1.778471480518,-7.500000000002E-02));
#6886 = ( GEOMETRIC_REPRESENTATION_CONTEXT(2) 
PARAMETRIC_REPRESENTATION_CONTEXT() REPRESENTATION_CONTEXT('2D SPACE',''
  ) );
#6887 = PCURVE('',#3934,#6888);
#6888 = DEFINITIONAL_REPRESENTATION('',(#6889),#6893);
#6889 = ( BOUNDED_CURVE() B_SPLINE_CURVE(2,(#6890,#6891,#6892),
.UNSPECIFIED.,.F.,.F.) B_SPLINE_CURVE_WITH_KNOTS((3,3),(0.,
4.064793498611E-03),.PIECEWISE_BEZIER_KNOTS.) CURVE() 
GEOMETRIC_REPRESENTATION_ITEM() RATIONAL_B_SPLINE_CURVE((1.,
1.025801438711,1.051282051282)) REPRESENTATION_ITEM('') );
#6890 = CARTESIAN_POINT('',(0.153096102034,0.));
#6891 = CARTESIAN_POINT('',(7.425160948679E-02,7.73438416458E-02));
#6892 = CARTESIAN_POINT('',(0.,0.15));
#6893 = ( GEOMETRIC_REPRESENTATION_CONTEXT(2) 
PARAMETRIC_REPRESENTATION_CONTEXT() REPRESENTATION_CONTEXT('2D SPACE',''
  ) );
#6894 = ADVANCED_FACE('',(#6895),#3934,.T.);
#6895 = FACE_BOUND('',#6896,.T.);
#6896 = EDGE_LOOP('',(#6897,#6898,#6899,#6900));
#6897 = ORIENTED_EDGE('',*,*,#6875,.F.);
#6898 = ORIENTED_EDGE('',*,*,#3918,.F.);
#6899 = ORIENTED_EDGE('',*,*,#6574,.F.);
#6900 = ORIENTED_EDGE('',*,*,#6901,.F.);
#6901 = EDGE_CURVE('',#6852,#6575,#6902,.T.);
#6902 = SURFACE_CURVE('',#6903,(#6907,#6914),.PCURVE_S1.);
#6903 = LINE('',#6904,#6905);
#6904 = CARTESIAN_POINT('',(-0.5,-51.,-36.37289380293));
#6905 = VECTOR('',#6906,1.);
#6906 = DIRECTION('',(0.,-1.,0.));
#6907 = PCURVE('',#3934,#6908);
#6908 = DEFINITIONAL_REPRESENTATION('',(#6909),#6913);
#6909 = LINE('',#6910,#6911);
#6910 = CARTESIAN_POINT('',(0.,-0.));
#6911 = VECTOR('',#6912,1.);
#6912 = DIRECTION('',(0.,1.));
#6913 = ( GEOMETRIC_REPRESENTATION_CONTEXT(2) 
PARAMETRIC_REPRESENTATION_CONTEXT() REPRESENTATION_CONTEXT('2D SPACE',''
  ) );
#6914 = PCURVE('',#6613,#6915);
#6915 = DEFINITIONAL_REPRESENTATION('',(#6916),#6920);
#6916 = LINE('',#6917,#6918);
#6917 = CARTESIAN_POINT('',(4.504713826662,0.));
#6918 = VECTOR('',#6919,1.);
#6919 = DIRECTION('',(0.,1.));
#6920 = ( GEOMETRIC_REPRESENTATION_CONTEXT(2) 
PARAMETRIC_REPRESENTATION_CONTEXT() REPRESENTATION_CONTEXT('2D SPACE',''
  ) );
#6921 = ADVANCED_FACE('',(#6922),#3984,.T.);
#6922 = FACE_BOUND('',#6923,.T.);
#6923 = EDGE_LOOP('',(#6924,#6925,#6946,#6947));
#6924 = ORIENTED_EDGE('',*,*,#6310,.F.);
#6925 = ORIENTED_EDGE('',*,*,#6926,.T.);
#6926 = EDGE_CURVE('',#6311,#6530,#6927,.T.);
#6927 = SURFACE_CURVE('',#6928,(#6932,#6939),.PCURVE_S1.);
#6928 = LINE('',#6929,#6930);
#6929 = CARTESIAN_POINT('',(-2.304986313823,-51.,-33.24656580042));
#6930 = VECTOR('',#6931,1.);
#6931 = DIRECTION('',(0.,-1.,0.));
#6932 = PCURVE('',#3984,#6933);
#6933 = DEFINITIONAL_REPRESENTATION('',(#6934),#6938);
#6934 = LINE('',#6935,#6936);
#6935 = CARTESIAN_POINT('',(0.153096102035,0.));
#6936 = VECTOR('',#6937,1.);
#6937 = DIRECTION('',(0.,1.));
#6938 = ( GEOMETRIC_REPRESENTATION_CONTEXT(2) 
PARAMETRIC_REPRESENTATION_CONTEXT() REPRESENTATION_CONTEXT('2D SPACE',''
  ) );
#6939 = PCURVE('',#6349,#6940);
#6940 = DEFINITIONAL_REPRESENTATION('',(#6941),#6945);
#6941 = LINE('',#6942,#6943);
#6942 = CARTESIAN_POINT('',(2.825669031715,0.));
#6943 = VECTOR('',#6944,1.);
#6944 = DIRECTION('',(0.,1.));
#6945 = ( GEOMETRIC_REPRESENTATION_CONTEXT(2) 
PARAMETRIC_REPRESENTATION_CONTEXT() REPRESENTATION_CONTEXT('2D SPACE',''
  ) );
#6946 = ORIENTED_EDGE('',*,*,#6553,.F.);
#6947 = ORIENTED_EDGE('',*,*,#3970,.F.);
#6948 = ADVANCED_FACE('',(#6949),#4018,.F.);
#6949 = FACE_BOUND('',#6950,.F.);
#6950 = EDGE_LOOP('',(#6951,#6952,#6974,#7003));
#6951 = ORIENTED_EDGE('',*,*,#3999,.T.);
#6952 = ORIENTED_EDGE('',*,*,#6953,.F.);
#6953 = EDGE_CURVE('',#6954,#4002,#6956,.T.);
#6954 = VERTEX_POINT('',#6955);
#6955 = CARTESIAN_POINT('',(-32.06563342129,-51.15,4.582754856779));
#6956 = SURFACE_CURVE('',#6957,(#6961,#6967),.PCURVE_S1.);
#6957 = ( BOUNDED_CURVE() B_SPLINE_CURVE(2,(#6958,#6959,#6960),
.UNSPECIFIED.,.F.,.F.) B_SPLINE_CURVE_WITH_KNOTS((3,3),(0.649731810959,
0.653796604457),.PIECEWISE_BEZIER_KNOTS.) CURVE() 
GEOMETRIC_REPRESENTATION_ITEM() RATIONAL_B_SPLINE_CURVE((1.051282051283,
1.025801438711,1.)) REPRESENTATION_ITEM('') );
#6958 = CARTESIAN_POINT('',(-32.06563342129,-51.15,4.582754856779));
#6959 = CARTESIAN_POINT('',(-32.0013296412,-51.07734384164,
    4.619880661523));
#6960 = CARTESIAN_POINT('',(-31.93304830771,-51.,4.659302907797));
#6961 = PCURVE('',#4018,#6962);
#6962 = DEFINITIONAL_REPRESENTATION('',(#6963),#6966);
#6963 = B_SPLINE_CURVE_WITH_KNOTS('',1,(#6964,#6965),.UNSPECIFIED.,.F.,
  .F.,(2,2),(0.649731810959,0.653796604457),.PIECEWISE_BEZIER_KNOTS.);
#6964 = CARTESIAN_POINT('',(5.551911377858,-7.500000000002E-02));
#6965 = CARTESIAN_POINT('',(5.564170405923,7.499999999996E-02));
#6966 = ( GEOMETRIC_REPRESENTATION_CONTEXT(2) 
PARAMETRIC_REPRESENTATION_CONTEXT() REPRESENTATION_CONTEXT('2D SPACE',''
  ) );
#6967 = PCURVE('',#4366,#6968);
#6968 = DEFINITIONAL_REPRESENTATION('',(#6969),#6973);
#6969 = ( BOUNDED_CURVE() B_SPLINE_CURVE(2,(#6970,#6971,#6972),
.UNSPECIFIED.,.F.,.F.) B_SPLINE_CURVE_WITH_KNOTS((3,3),(0.649731810959,
0.653796604457),.PIECEWISE_BEZIER_KNOTS.) CURVE() 
GEOMETRIC_REPRESENTATION_ITEM() RATIONAL_B_SPLINE_CURVE((1.051282051283,
1.025801438711,1.)) REPRESENTATION_ITEM('') );
#6970 = CARTESIAN_POINT('',(0.153096102035,0.15));
#6971 = CARTESIAN_POINT('',(7.8844492547E-02,7.73438416451E-02));
#6972 = CARTESIAN_POINT('',(9.237055564881E-14,0.));
#6973 = ( GEOMETRIC_REPRESENTATION_CONTEXT(2) 
PARAMETRIC_REPRESENTATION_CONTEXT() REPRESENTATION_CONTEXT('2D SPACE',''
  ) );
#6974 = ORIENTED_EDGE('',*,*,#6975,.F.);
#6975 = EDGE_CURVE('',#6976,#6954,#6978,.T.);
#6976 = VERTEX_POINT('',#6977);
#6977 = CARTESIAN_POINT('',(-31.56563342129,-51.15,3.716729452995));
#6978 = SURFACE_CURVE('',#6979,(#6984,#6991),.PCURVE_S1.);
#6979 = CIRCLE('',#6980,2.425);
#6980 = AXIS2_PLACEMENT_3D('',#6981,#6982,#6983);
#6981 = CARTESIAN_POINT('',(-33.87061973511,-51.15,2.96329525342));
#6982 = DIRECTION('',(0.,-1.,0.));
#6983 = DIRECTION('',(1.,0.,0.));
#6984 = PCURVE('',#4018,#6985);
#6985 = DEFINITIONAL_REPRESENTATION('',(#6986),#6990);
#6986 = LINE('',#6987,#6988);
#6987 = CARTESIAN_POINT('',(6.28318530718,-7.5E-02));
#6988 = VECTOR('',#6989,1.);
#6989 = DIRECTION('',(-1.,1.063171246267E-15));
#6990 = ( GEOMETRIC_REPRESENTATION_CONTEXT(2) 
PARAMETRIC_REPRESENTATION_CONTEXT() REPRESENTATION_CONTEXT('2D SPACE',''
  ) );
#6991 = PCURVE('',#6992,#6997);
#6992 = CYLINDRICAL_SURFACE('',#6993,2.425);
#6993 = AXIS2_PLACEMENT_3D('',#6994,#6995,#6996);
#6994 = CARTESIAN_POINT('',(-33.87061973511,-51.,2.96329525342));
#6995 = DIRECTION('',(0.,-1.,0.));
#6996 = DIRECTION('',(1.,0.,0.));
#6997 = DEFINITIONAL_REPRESENTATION('',(#6998),#7002);
#6998 = LINE('',#6999,#7000);
#6999 = CARTESIAN_POINT('',(5.551115123126E-17,0.15));
#7000 = VECTOR('',#7001,1.);
#7001 = DIRECTION('',(1.,0.));
#7002 = ( GEOMETRIC_REPRESENTATION_CONTEXT(2) 
PARAMETRIC_REPRESENTATION_CONTEXT() REPRESENTATION_CONTEXT('2D SPACE',''
  ) );
#7003 = ORIENTED_EDGE('',*,*,#7004,.F.);
#7004 = EDGE_CURVE('',#4000,#6976,#7005,.T.);
#7005 = SURFACE_CURVE('',#7006,(#7010,#7016),.PCURVE_S1.);
#7006 = ( BOUNDED_CURVE() B_SPLINE_CURVE(2,(#7007,#7008,#7009),
.UNSPECIFIED.,.F.,.F.) B_SPLINE_CURVE_WITH_KNOTS((3,3),(0.,
4.06479349861E-03),.PIECEWISE_BEZIER_KNOTS.) CURVE() 
GEOMETRIC_REPRESENTATION_ITEM() RATIONAL_B_SPLINE_CURVE((1.,
1.025801438711,1.051282051282)) REPRESENTATION_ITEM('') );
#7007 = CARTESIAN_POINT('',(-31.43304830771,-51.,3.793277504012));
#7008 = CARTESIAN_POINT('',(-31.5013296412,-51.07734384164,
    3.753855257738));
#7009 = CARTESIAN_POINT('',(-31.56563342129,-51.15,3.716729452995));
#7010 = PCURVE('',#4018,#7011);
#7011 = DEFINITIONAL_REPRESENTATION('',(#7012),#7015);
#7012 = B_SPLINE_CURVE_WITH_KNOTS('',1,(#7013,#7014),.UNSPECIFIED.,.F.,
  .F.,(2,2),(0.,4.06479349861E-03),.PIECEWISE_BEZIER_KNOTS.);
#7013 = CARTESIAN_POINT('',(5.95500265724,7.499999999996E-02));
#7014 = CARTESIAN_POINT('',(5.967261685304,-7.500000000002E-02));
#7015 = ( GEOMETRIC_REPRESENTATION_CONTEXT(2) 
PARAMETRIC_REPRESENTATION_CONTEXT() REPRESENTATION_CONTEXT('2D SPACE',''
  ) );
#7016 = PCURVE('',#4046,#7017);
#7017 = DEFINITIONAL_REPRESENTATION('',(#7018),#7022);
#7018 = ( BOUNDED_CURVE() B_SPLINE_CURVE(2,(#7019,#7020,#7021),
.UNSPECIFIED.,.F.,.F.) B_SPLINE_CURVE_WITH_KNOTS((3,3),(0.,
4.06479349861E-03),.PIECEWISE_BEZIER_KNOTS.) CURVE() 
GEOMETRIC_REPRESENTATION_ITEM() RATIONAL_B_SPLINE_CURVE((1.,
1.025801438711,1.051282051282)) REPRESENTATION_ITEM('') );
#7019 = CARTESIAN_POINT('',(0.153096102034,0.));
#7020 = CARTESIAN_POINT('',(7.425160948674E-02,7.73438416458E-02));
#7021 = CARTESIAN_POINT('',(0.,0.15));
#7022 = ( GEOMETRIC_REPRESENTATION_CONTEXT(2) 
PARAMETRIC_REPRESENTATION_CONTEXT() REPRESENTATION_CONTEXT('2D SPACE',''
  ) );
#7023 = ADVANCED_FACE('',(#7024),#4046,.T.);
#7024 = FACE_BOUND('',#7025,.T.);
#7025 = EDGE_LOOP('',(#7026,#7027,#7028,#7050));
#7026 = ORIENTED_EDGE('',*,*,#7004,.F.);
#7027 = ORIENTED_EDGE('',*,*,#4030,.F.);
#7028 = ORIENTED_EDGE('',*,*,#7029,.F.);
#7029 = EDGE_CURVE('',#7030,#4031,#7032,.T.);
#7030 = VERTEX_POINT('',#7031);
#7031 = CARTESIAN_POINT('',(-31.56563342129,-53.35,3.716729452995));
#7032 = SURFACE_CURVE('',#7033,(#7037,#7044),.PCURVE_S1.);
#7033 = ( BOUNDED_CURVE() B_SPLINE_CURVE(2,(#7034,#7035,#7036),
.UNSPECIFIED.,.F.,.F.) B_SPLINE_CURVE_WITH_KNOTS((3,3),(
9.647122393934E-02,0.114765891411),.PIECEWISE_BEZIER_KNOTS.) CURVE() 
GEOMETRIC_REPRESENTATION_ITEM() RATIONAL_B_SPLINE_CURVE((1.004927529794,
1.002930989813,1.)) REPRESENTATION_ITEM('') );
#7034 = CARTESIAN_POINT('',(-31.56563342129,-53.35,3.716729452995));
#7035 = CARTESIAN_POINT('',(-31.5013296412,-53.27734384164,3.75385525774
    ));
#7036 = CARTESIAN_POINT('',(-31.43304830771,-53.2,3.793277504012));
#7037 = PCURVE('',#4046,#7038);
#7038 = DEFINITIONAL_REPRESENTATION('',(#7039),#7043);
#7039 = ( BOUNDED_CURVE() B_SPLINE_CURVE(2,(#7040,#7041,#7042),
.UNSPECIFIED.,.F.,.F.) B_SPLINE_CURVE_WITH_KNOTS((3,3),(
9.647122393934E-02,0.114765891411),.PIECEWISE_BEZIER_KNOTS.) CURVE() 
GEOMETRIC_REPRESENTATION_ITEM() RATIONAL_B_SPLINE_CURVE((1.004927529794,
1.002930989813,1.)) REPRESENTATION_ITEM('') );
#7040 = CARTESIAN_POINT('',(0.,2.35));
#7041 = CARTESIAN_POINT('',(7.425160948929E-02,2.277343841643));
#7042 = CARTESIAN_POINT('',(0.153096102034,2.2));
#7043 = ( GEOMETRIC_REPRESENTATION_CONTEXT(2) 
PARAMETRIC_REPRESENTATION_CONTEXT() REPRESENTATION_CONTEXT('2D SPACE',''
  ) );
#7044 = PCURVE('',#4075,#7045);
#7045 = DEFINITIONAL_REPRESENTATION('',(#7046),#7049);
#7046 = B_SPLINE_CURVE_WITH_KNOTS('',1,(#7047,#7048),.UNSPECIFIED.,.F.,
  .F.,(2,2),(9.647122393934E-02,0.114765891411),
  .PIECEWISE_BEZIER_KNOTS.);
#7047 = CARTESIAN_POINT('',(9.108854338894,0.6));
#7048 = CARTESIAN_POINT('',(9.096595310829,0.75));
#7049 = ( GEOMETRIC_REPRESENTATION_CONTEXT(2) 
PARAMETRIC_REPRESENTATION_CONTEXT() REPRESENTATION_CONTEXT('2D SPACE',''
  ) );
#7050 = ORIENTED_EDGE('',*,*,#7051,.F.);
#7051 = EDGE_CURVE('',#6976,#7030,#7052,.T.);
#7052 = SURFACE_CURVE('',#7053,(#7057,#7064),.PCURVE_S1.);
#7053 = LINE('',#7054,#7055);
#7054 = CARTESIAN_POINT('',(-31.56563342129,-51.,3.716729452995));
#7055 = VECTOR('',#7056,1.);
#7056 = DIRECTION('',(0.,-1.,0.));
#7057 = PCURVE('',#4046,#7058);
#7058 = DEFINITIONAL_REPRESENTATION('',(#7059),#7063);
#7059 = LINE('',#7060,#7061);
#7060 = CARTESIAN_POINT('',(0.,0.));
#7061 = VECTOR('',#7062,1.);
#7062 = DIRECTION('',(0.,1.));
#7063 = ( GEOMETRIC_REPRESENTATION_CONTEXT(2) 
PARAMETRIC_REPRESENTATION_CONTEXT() REPRESENTATION_CONTEXT('2D SPACE',''
  ) );
#7064 = PCURVE('',#6992,#7065);
#7065 = DEFINITIONAL_REPRESENTATION('',(#7066),#7070);
#7066 = LINE('',#7067,#7068);
#7067 = CARTESIAN_POINT('',(0.315923621875,0.));
#7068 = VECTOR('',#7069,1.);
#7069 = DIRECTION('',(0.,1.));
#7070 = ( GEOMETRIC_REPRESENTATION_CONTEXT(2) 
PARAMETRIC_REPRESENTATION_CONTEXT() REPRESENTATION_CONTEXT('2D SPACE',''
  ) );
#7071 = ADVANCED_FACE('',(#7072),#4075,.F.);
#7072 = FACE_BOUND('',#7073,.F.);
#7073 = EDGE_LOOP('',(#7074,#7097,#7098,#7099,#7123,#7143,#7144,#7166,
    #7195,#7215,#7216,#7238,#7267,#7287,#7288,#7289));
#7074 = ORIENTED_EDGE('',*,*,#7075,.T.);
#7075 = EDGE_CURVE('',#7076,#4059,#7078,.T.);
#7076 = VERTEX_POINT('',#7077);
#7077 = CARTESIAN_POINT('',(-32.87061973511,-54.775,2.96329525342));
#7078 = SEAM_CURVE('',#7079,(#7083,#7090),.PCURVE_S1.);
#7079 = LINE('',#7080,#7081);
#7080 = CARTESIAN_POINT('',(-32.04561973512,-53.95,2.96329525342));
#7081 = VECTOR('',#7082,1.);
#7082 = DIRECTION('',(0.707106781187,0.707106781187,8.659560562355E-17)
  );
#7083 = PCURVE('',#4075,#7084);
#7084 = DEFINITIONAL_REPRESENTATION('',(#7085),#7089);
#7085 = LINE('',#7086,#7087);
#7086 = CARTESIAN_POINT('',(9.424777960769,-2.198129442157E-15));
#7087 = VECTOR('',#7088,1.);
#7088 = DIRECTION('',(0.,1.));
#7089 = ( GEOMETRIC_REPRESENTATION_CONTEXT(2) 
PARAMETRIC_REPRESENTATION_CONTEXT() REPRESENTATION_CONTEXT('2D SPACE',''
  ) );
#7090 = PCURVE('',#4075,#7091);
#7091 = DEFINITIONAL_REPRESENTATION('',(#7092),#7096);
#7092 = LINE('',#7093,#7094);
#7093 = CARTESIAN_POINT('',(3.14159265359,-2.198129442157E-15));
#7094 = VECTOR('',#7095,1.);
#7095 = DIRECTION('',(0.,1.));
#7096 = ( GEOMETRIC_REPRESENTATION_CONTEXT(2) 
PARAMETRIC_REPRESENTATION_CONTEXT() REPRESENTATION_CONTEXT('2D SPACE',''
  ) );
#7097 = ORIENTED_EDGE('',*,*,#4058,.F.);
#7098 = ORIENTED_EDGE('',*,*,#7029,.F.);
#7099 = ORIENTED_EDGE('',*,*,#7100,.F.);
#7100 = EDGE_CURVE('',#7101,#7030,#7103,.T.);
#7101 = VERTEX_POINT('',#7102);
#7102 = CARTESIAN_POINT('',(-32.06563342129,-53.35,4.582754856779));
#7103 = SURFACE_CURVE('',#7104,(#7109,#7116),.PCURVE_S1.);
#7104 = CIRCLE('',#7105,2.425);
#7105 = AXIS2_PLACEMENT_3D('',#7106,#7107,#7108);
#7106 = CARTESIAN_POINT('',(-33.87061973511,-53.35,2.96329525342));
#7107 = DIRECTION('',(-0.,1.,0.));
#7108 = DIRECTION('',(1.,0.,0.));
#7109 = PCURVE('',#4075,#7110);
#7110 = DEFINITIONAL_REPRESENTATION('',(#7111),#7115);
#7111 = LINE('',#7112,#7113);
#7112 = CARTESIAN_POINT('',(3.14159265359,0.6));
#7113 = VECTOR('',#7114,1.);
#7114 = DIRECTION('',(1.,-5.670246646755E-16));
#7115 = ( GEOMETRIC_REPRESENTATION_CONTEXT(2) 
PARAMETRIC_REPRESENTATION_CONTEXT() REPRESENTATION_CONTEXT('2D SPACE',''
  ) );
#7116 = PCURVE('',#6992,#7117);
#7117 = DEFINITIONAL_REPRESENTATION('',(#7118),#7122);
#7118 = LINE('',#7119,#7120);
#7119 = CARTESIAN_POINT('',(6.28318530718,2.35));
#7120 = VECTOR('',#7121,1.);
#7121 = DIRECTION('',(-1.,0.));
#7122 = ( GEOMETRIC_REPRESENTATION_CONTEXT(2) 
PARAMETRIC_REPRESENTATION_CONTEXT() REPRESENTATION_CONTEXT('2D SPACE',''
  ) );
#7123 = ORIENTED_EDGE('',*,*,#7124,.F.);
#7124 = EDGE_CURVE('',#4329,#7101,#7125,.T.);
#7125 = SURFACE_CURVE('',#7126,(#7130,#7136),.PCURVE_S1.);
#7126 = ( BOUNDED_CURVE() B_SPLINE_CURVE(2,(#7127,#7128,#7129),
.UNSPECIFIED.,.F.,.F.) B_SPLINE_CURVE_WITH_KNOTS((3,3),(0.,
1.829466747147E-02),.PIECEWISE_BEZIER_KNOTS.) CURVE() 
GEOMETRIC_REPRESENTATION_ITEM() RATIONAL_B_SPLINE_CURVE((1.,
1.002930989812,1.004927529792)) REPRESENTATION_ITEM('') );
#7127 = CARTESIAN_POINT('',(-31.93304830771,-53.2,4.659302907797));
#7128 = CARTESIAN_POINT('',(-32.0013296412,-53.27734384164,
    4.619880661523));
#7129 = CARTESIAN_POINT('',(-32.06563342129,-53.35,4.582754856779));
#7130 = PCURVE('',#4075,#7131);
#7131 = DEFINITIONAL_REPRESENTATION('',(#7132),#7135);
#7132 = B_SPLINE_CURVE_WITH_KNOTS('',1,(#7133,#7134),.UNSPECIFIED.,.F.,
  .F.,(2,2),(0.,1.829466747147E-02),.PIECEWISE_BEZIER_KNOTS.);
#7133 = CARTESIAN_POINT('',(8.705763059513,0.75));
#7134 = CARTESIAN_POINT('',(8.693504031448,0.6));
#7135 = ( GEOMETRIC_REPRESENTATION_CONTEXT(2) 
PARAMETRIC_REPRESENTATION_CONTEXT() REPRESENTATION_CONTEXT('2D SPACE',''
  ) );
#7136 = PCURVE('',#4366,#7137);
#7137 = DEFINITIONAL_REPRESENTATION('',(#7138),#7142);
#7138 = ( BOUNDED_CURVE() B_SPLINE_CURVE(2,(#7139,#7140,#7141),
.UNSPECIFIED.,.F.,.F.) B_SPLINE_CURVE_WITH_KNOTS((3,3),(0.,
1.829466747147E-02),.PIECEWISE_BEZIER_KNOTS.) CURVE() 
GEOMETRIC_REPRESENTATION_ITEM() RATIONAL_B_SPLINE_CURVE((1.,
1.002930989812,1.004927529792)) REPRESENTATION_ITEM('') );
#7139 = CARTESIAN_POINT('',(9.237055564881E-14,2.2));
#7140 = CARTESIAN_POINT('',(7.88444925478E-02,2.277343841646));
#7141 = CARTESIAN_POINT('',(0.153096102035,2.35));
#7142 = ( GEOMETRIC_REPRESENTATION_CONTEXT(2) 
PARAMETRIC_REPRESENTATION_CONTEXT() REPRESENTATION_CONTEXT('2D SPACE',''
  ) );
#7143 = ORIENTED_EDGE('',*,*,#4328,.F.);
#7144 = ORIENTED_EDGE('',*,*,#7145,.F.);
#7145 = EDGE_CURVE('',#7146,#4301,#7148,.T.);
#7146 = VERTEX_POINT('',#7147);
#7147 = CARTESIAN_POINT('',(-35.67560604894,-53.35,4.582754856779));
#7148 = SURFACE_CURVE('',#7149,(#7153,#7159),.PCURVE_S1.);
#7149 = ( BOUNDED_CURVE() B_SPLINE_CURVE(2,(#7150,#7151,#7152),
.UNSPECIFIED.,.F.,.F.) B_SPLINE_CURVE_WITH_KNOTS((3,3),(
9.647122393919E-02,0.114765891411),.PIECEWISE_BEZIER_KNOTS.) CURVE() 
GEOMETRIC_REPRESENTATION_ITEM() RATIONAL_B_SPLINE_CURVE((1.004927529791,
1.002930989811,1.)) REPRESENTATION_ITEM('') );
#7150 = CARTESIAN_POINT('',(-35.67560604894,-53.35,4.582754856779));
#7151 = CARTESIAN_POINT('',(-35.73990982903,-53.27734384164,
    4.619880661524));
#7152 = CARTESIAN_POINT('',(-35.80819116252,-53.2,4.659302907797));
#7153 = PCURVE('',#4075,#7154);
#7154 = DEFINITIONAL_REPRESENTATION('',(#7155),#7158);
#7155 = B_SPLINE_CURVE_WITH_KNOTS('',1,(#7156,#7157),.UNSPECIFIED.,.F.,
  .F.,(2,2),(9.647122393919E-02,0.114765891411),
  .PIECEWISE_BEZIER_KNOTS.);
#7156 = CARTESIAN_POINT('',(7.014459236501,0.6));
#7157 = CARTESIAN_POINT('',(7.002200208436,0.75));
#7158 = ( GEOMETRIC_REPRESENTATION_CONTEXT(2) 
PARAMETRIC_REPRESENTATION_CONTEXT() REPRESENTATION_CONTEXT('2D SPACE',''
  ) );
#7159 = PCURVE('',#4316,#7160);
#7160 = DEFINITIONAL_REPRESENTATION('',(#7161),#7165);
#7161 = ( BOUNDED_CURVE() B_SPLINE_CURVE(2,(#7162,#7163,#7164),
.UNSPECIFIED.,.F.,.F.) B_SPLINE_CURVE_WITH_KNOTS((3,3),(
9.647122393919E-02,0.114765891411),.PIECEWISE_BEZIER_KNOTS.) CURVE() 
GEOMETRIC_REPRESENTATION_ITEM() RATIONAL_B_SPLINE_CURVE((1.004927529791,
1.002930989811,1.)) REPRESENTATION_ITEM('') );
#7162 = CARTESIAN_POINT('',(0.,2.35));
#7163 = CARTESIAN_POINT('',(7.425160948952E-02,2.277343841643));
#7164 = CARTESIAN_POINT('',(0.153096102034,2.2));
#7165 = ( GEOMETRIC_REPRESENTATION_CONTEXT(2) 
PARAMETRIC_REPRESENTATION_CONTEXT() REPRESENTATION_CONTEXT('2D SPACE',''
  ) );
#7166 = ORIENTED_EDGE('',*,*,#7167,.F.);
#7167 = EDGE_CURVE('',#7168,#7146,#7170,.T.);
#7168 = VERTEX_POINT('',#7169);
#7169 = CARTESIAN_POINT('',(-36.17560604894,-53.35,3.716729452995));
#7170 = SURFACE_CURVE('',#7171,(#7176,#7183),.PCURVE_S1.);
#7171 = CIRCLE('',#7172,2.425);
#7172 = AXIS2_PLACEMENT_3D('',#7173,#7174,#7175);
#7173 = CARTESIAN_POINT('',(-33.87061973511,-53.35,2.96329525342));
#7174 = DIRECTION('',(-0.,1.,0.));
#7175 = DIRECTION('',(1.,0.,0.));
#7176 = PCURVE('',#4075,#7177);
#7177 = DEFINITIONAL_REPRESENTATION('',(#7178),#7182);
#7178 = LINE('',#7179,#7180);
#7179 = CARTESIAN_POINT('',(3.14159265359,0.6));
#7180 = VECTOR('',#7181,1.);
#7181 = DIRECTION('',(1.,6.048263089872E-15));
#7182 = ( GEOMETRIC_REPRESENTATION_CONTEXT(2) 
PARAMETRIC_REPRESENTATION_CONTEXT() REPRESENTATION_CONTEXT('2D SPACE',''
  ) );
#7183 = PCURVE('',#7184,#7189);
#7184 = CYLINDRICAL_SURFACE('',#7185,2.425);
#7185 = AXIS2_PLACEMENT_3D('',#7186,#7187,#7188);
#7186 = CARTESIAN_POINT('',(-33.87061973511,-51.,2.96329525342));
#7187 = DIRECTION('',(0.,-1.,0.));
#7188 = DIRECTION('',(1.,0.,0.));
#7189 = DEFINITIONAL_REPRESENTATION('',(#7190),#7194);
#7190 = LINE('',#7191,#7192);
#7191 = CARTESIAN_POINT('',(6.28318530718,2.35));
#7192 = VECTOR('',#7193,1.);
#7193 = DIRECTION('',(-1.,0.));
#7194 = ( GEOMETRIC_REPRESENTATION_CONTEXT(2) 
PARAMETRIC_REPRESENTATION_CONTEXT() REPRESENTATION_CONTEXT('2D SPACE',''
  ) );
#7195 = ORIENTED_EDGE('',*,*,#7196,.F.);
#7196 = EDGE_CURVE('',#4220,#7168,#7197,.T.);
#7197 = SURFACE_CURVE('',#7198,(#7202,#7208),.PCURVE_S1.);
#7198 = ( BOUNDED_CURVE() B_SPLINE_CURVE(2,(#7199,#7200,#7201),
.UNSPECIFIED.,.F.,.F.) B_SPLINE_CURVE_WITH_KNOTS((3,3),(0.,
1.829466747142E-02),.PIECEWISE_BEZIER_KNOTS.) CURVE() 
GEOMETRIC_REPRESENTATION_ITEM() RATIONAL_B_SPLINE_CURVE((1.,
1.002930989813,1.004927529793)) REPRESENTATION_ITEM('') );
#7199 = CARTESIAN_POINT('',(-36.30819116252,-53.2,3.793277504012));
#7200 = CARTESIAN_POINT('',(-36.23990982903,-53.27734384164,
    3.753855257738));
#7201 = CARTESIAN_POINT('',(-36.17560604894,-53.35,3.716729452995));
#7202 = PCURVE('',#4075,#7203);
#7203 = DEFINITIONAL_REPRESENTATION('',(#7204),#7207);
#7204 = B_SPLINE_CURVE_WITH_KNOTS('',1,(#7205,#7206),.UNSPECIFIED.,.F.,
  .F.,(2,2),(0.,1.829466747142E-02),.PIECEWISE_BEZIER_KNOTS.);
#7205 = CARTESIAN_POINT('',(6.61136795712,0.75));
#7206 = CARTESIAN_POINT('',(6.599108929055,0.6));
#7207 = ( GEOMETRIC_REPRESENTATION_CONTEXT(2) 
PARAMETRIC_REPRESENTATION_CONTEXT() REPRESENTATION_CONTEXT('2D SPACE',''
  ) );
#7208 = PCURVE('',#4259,#7209);
#7209 = DEFINITIONAL_REPRESENTATION('',(#7210),#7214);
#7210 = ( BOUNDED_CURVE() B_SPLINE_CURVE(2,(#7211,#7212,#7213),
.UNSPECIFIED.,.F.,.F.) B_SPLINE_CURVE_WITH_KNOTS((3,3),(0.,
1.829466747142E-02),.PIECEWISE_BEZIER_KNOTS.) CURVE() 
GEOMETRIC_REPRESENTATION_ITEM() RATIONAL_B_SPLINE_CURVE((1.,
1.002930989813,1.004927529793)) REPRESENTATION_ITEM('') );
#7211 = CARTESIAN_POINT('',(0.,2.2));
#7212 = CARTESIAN_POINT('',(7.884449254782E-02,2.277343841646));
#7213 = CARTESIAN_POINT('',(0.153096102034,2.35));
#7214 = ( GEOMETRIC_REPRESENTATION_CONTEXT(2) 
PARAMETRIC_REPRESENTATION_CONTEXT() REPRESENTATION_CONTEXT('2D SPACE',''
  ) );
#7215 = ORIENTED_EDGE('',*,*,#4219,.F.);
#7216 = ORIENTED_EDGE('',*,*,#7217,.F.);
#7217 = EDGE_CURVE('',#7218,#4192,#7220,.T.);
#7218 = VERTEX_POINT('',#7219);
#7219 = CARTESIAN_POINT('',(-34.37061973511,-53.35,0.590401450487));
#7220 = SURFACE_CURVE('',#7221,(#7225,#7231),.PCURVE_S1.);
#7221 = ( BOUNDED_CURVE() B_SPLINE_CURVE(2,(#7222,#7223,#7224),
.UNSPECIFIED.,.F.,.F.) B_SPLINE_CURVE_WITH_KNOTS((3,3),(
9.647122393929E-02,0.114765891411),.PIECEWISE_BEZIER_KNOTS.) CURVE() 
GEOMETRIC_REPRESENTATION_ITEM() RATIONAL_B_SPLINE_CURVE((1.004927529794,
1.002930989813,1.)) REPRESENTATION_ITEM('') );
#7222 = CARTESIAN_POINT('',(-34.37061973511,-53.35,0.590401450487));
#7223 = CARTESIAN_POINT('',(-34.37061973511,-53.27734384164,
    0.516149840998));
#7224 = CARTESIAN_POINT('',(-34.37061973511,-53.2,0.437305348453));
#7225 = PCURVE('',#4075,#7226);
#7226 = DEFINITIONAL_REPRESENTATION('',(#7227),#7230);
#7227 = B_SPLINE_CURVE_WITH_KNOTS('',1,(#7228,#7229),.UNSPECIFIED.,.F.,
  .F.,(2,2),(9.647122393929E-02,0.114765891411),
  .PIECEWISE_BEZIER_KNOTS.);
#7228 = CARTESIAN_POINT('',(4.920064134108,0.6));
#7229 = CARTESIAN_POINT('',(4.907805106043,0.75));
#7230 = ( GEOMETRIC_REPRESENTATION_CONTEXT(2) 
PARAMETRIC_REPRESENTATION_CONTEXT() REPRESENTATION_CONTEXT('2D SPACE',''
  ) );
#7231 = PCURVE('',#4207,#7232);
#7232 = DEFINITIONAL_REPRESENTATION('',(#7233),#7237);
#7233 = ( BOUNDED_CURVE() B_SPLINE_CURVE(2,(#7234,#7235,#7236),
.UNSPECIFIED.,.F.,.F.) B_SPLINE_CURVE_WITH_KNOTS((3,3),(
9.647122393929E-02,0.114765891411),.PIECEWISE_BEZIER_KNOTS.) CURVE() 
GEOMETRIC_REPRESENTATION_ITEM() RATIONAL_B_SPLINE_CURVE((1.004927529794,
1.002930989813,1.)) REPRESENTATION_ITEM('') );
#7234 = CARTESIAN_POINT('',(0.,2.35));
#7235 = CARTESIAN_POINT('',(7.42516094894E-02,2.277343841643));
#7236 = CARTESIAN_POINT('',(0.153096102034,2.2));
#7237 = ( GEOMETRIC_REPRESENTATION_CONTEXT(2) 
PARAMETRIC_REPRESENTATION_CONTEXT() REPRESENTATION_CONTEXT('2D SPACE',''
  ) );
#7238 = ORIENTED_EDGE('',*,*,#7239,.F.);
#7239 = EDGE_CURVE('',#7240,#7218,#7242,.T.);
#7240 = VERTEX_POINT('',#7241);
#7241 = CARTESIAN_POINT('',(-33.37061973511,-53.35,0.590401450487));
#7242 = SURFACE_CURVE('',#7243,(#7248,#7255),.PCURVE_S1.);
#7243 = CIRCLE('',#7244,2.425);
#7244 = AXIS2_PLACEMENT_3D('',#7245,#7246,#7247);
#7245 = CARTESIAN_POINT('',(-33.87061973511,-53.35,2.96329525342));
#7246 = DIRECTION('',(-0.,1.,0.));
#7247 = DIRECTION('',(1.,0.,0.));
#7248 = PCURVE('',#4075,#7249);
#7249 = DEFINITIONAL_REPRESENTATION('',(#7250),#7254);
#7250 = LINE('',#7251,#7252);
#7251 = CARTESIAN_POINT('',(3.14159265359,0.6));
#7252 = VECTOR('',#7253,1.);
#7253 = DIRECTION('',(1.,0.));
#7254 = ( GEOMETRIC_REPRESENTATION_CONTEXT(2) 
PARAMETRIC_REPRESENTATION_CONTEXT() REPRESENTATION_CONTEXT('2D SPACE',''
  ) );
#7255 = PCURVE('',#7256,#7261);
#7256 = CYLINDRICAL_SURFACE('',#7257,2.425);
#7257 = AXIS2_PLACEMENT_3D('',#7258,#7259,#7260);
#7258 = CARTESIAN_POINT('',(-33.87061973511,-51.,2.96329525342));
#7259 = DIRECTION('',(0.,-1.,0.));
#7260 = DIRECTION('',(1.,0.,0.));
#7261 = DEFINITIONAL_REPRESENTATION('',(#7262),#7266);
#7262 = LINE('',#7263,#7264);
#7263 = CARTESIAN_POINT('',(6.28318530718,2.35));
#7264 = VECTOR('',#7265,1.);
#7265 = DIRECTION('',(-1.,0.));
#7266 = ( GEOMETRIC_REPRESENTATION_CONTEXT(2) 
PARAMETRIC_REPRESENTATION_CONTEXT() REPRESENTATION_CONTEXT('2D SPACE',''
  ) );
#7267 = ORIENTED_EDGE('',*,*,#7268,.F.);
#7268 = EDGE_CURVE('',#4111,#7240,#7269,.T.);
#7269 = SURFACE_CURVE('',#7270,(#7274,#7280),.PCURVE_S1.);
#7270 = ( BOUNDED_CURVE() B_SPLINE_CURVE(2,(#7271,#7272,#7273),
.UNSPECIFIED.,.F.,.F.) B_SPLINE_CURVE_WITH_KNOTS((3,3),(0.,
1.829466747139E-02),.PIECEWISE_BEZIER_KNOTS.) CURVE() 
GEOMETRIC_REPRESENTATION_ITEM() RATIONAL_B_SPLINE_CURVE((1.,
1.002930989813,1.004927529793)) REPRESENTATION_ITEM('') );
#7271 = CARTESIAN_POINT('',(-33.37061973511,-53.2,0.437305348453));
#7272 = CARTESIAN_POINT('',(-33.37061973511,-53.27734384164,0.516149841)
  );
#7273 = CARTESIAN_POINT('',(-33.37061973511,-53.35,0.590401450487));
#7274 = PCURVE('',#4075,#7275);
#7275 = DEFINITIONAL_REPRESENTATION('',(#7276),#7279);
#7276 = B_SPLINE_CURVE_WITH_KNOTS('',1,(#7277,#7278),.UNSPECIFIED.,.F.,
  .F.,(2,2),(0.,1.829466747139E-02),.PIECEWISE_BEZIER_KNOTS.);
#7277 = CARTESIAN_POINT('',(4.516972854726,0.75));
#7278 = CARTESIAN_POINT('',(4.504713826662,0.6));
#7279 = ( GEOMETRIC_REPRESENTATION_CONTEXT(2) 
PARAMETRIC_REPRESENTATION_CONTEXT() REPRESENTATION_CONTEXT('2D SPACE',''
  ) );
#7280 = PCURVE('',#4150,#7281);
#7281 = DEFINITIONAL_REPRESENTATION('',(#7282),#7286);
#7282 = ( BOUNDED_CURVE() B_SPLINE_CURVE(2,(#7283,#7284,#7285),
.UNSPECIFIED.,.F.,.F.) B_SPLINE_CURVE_WITH_KNOTS((3,3),(0.,
1.829466747139E-02),.PIECEWISE_BEZIER_KNOTS.) CURVE() 
GEOMETRIC_REPRESENTATION_ITEM() RATIONAL_B_SPLINE_CURVE((1.,
1.002930989813,1.004927529793)) REPRESENTATION_ITEM('') );
#7283 = CARTESIAN_POINT('',(1.298960938811E-14,2.2));
#7284 = CARTESIAN_POINT('',(7.884449254786E-02,2.277343841646));
#7285 = CARTESIAN_POINT('',(0.153096102034,2.35));
#7286 = ( GEOMETRIC_REPRESENTATION_CONTEXT(2) 
PARAMETRIC_REPRESENTATION_CONTEXT() REPRESENTATION_CONTEXT('2D SPACE',''
  ) );
#7287 = ORIENTED_EDGE('',*,*,#4110,.F.);
#7288 = ORIENTED_EDGE('',*,*,#7075,.F.);
#7289 = ORIENTED_EDGE('',*,*,#7290,.T.);
#7290 = EDGE_CURVE('',#7076,#7076,#7291,.T.);
#7291 = SURFACE_CURVE('',#7292,(#7297,#7304),.PCURVE_S1.);
#7292 = CIRCLE('',#7293,1.);
#7293 = AXIS2_PLACEMENT_3D('',#7294,#7295,#7296);
#7294 = CARTESIAN_POINT('',(-33.87061973511,-54.775,2.96329525342));
#7295 = DIRECTION('',(0.,1.,0.));
#7296 = DIRECTION('',(-1.,0.,0.));
#7297 = PCURVE('',#4075,#7298);
#7298 = DEFINITIONAL_REPRESENTATION('',(#7299),#7303);
#7299 = LINE('',#7300,#7301);
#7300 = CARTESIAN_POINT('',(0.,-0.825));
#7301 = VECTOR('',#7302,1.);
#7302 = DIRECTION('',(1.,0.));
#7303 = ( GEOMETRIC_REPRESENTATION_CONTEXT(2) 
PARAMETRIC_REPRESENTATION_CONTEXT() REPRESENTATION_CONTEXT('2D SPACE',''
  ) );
#7304 = PCURVE('',#7305,#7310);
#7305 = CYLINDRICAL_SURFACE('',#7306,1.);
#7306 = AXIS2_PLACEMENT_3D('',#7307,#7308,#7309);
#7307 = CARTESIAN_POINT('',(-33.87061973511,-48.,2.96329525342));
#7308 = DIRECTION('',(0.,-1.,0.));
#7309 = DIRECTION('',(-1.,0.,0.));
#7310 = DEFINITIONAL_REPRESENTATION('',(#7311),#7315);
#7311 = LINE('',#7312,#7313);
#7312 = CARTESIAN_POINT('',(6.28318530718,6.775));
#7313 = VECTOR('',#7314,1.);
#7314 = DIRECTION('',(-1.,0.));
#7315 = ( GEOMETRIC_REPRESENTATION_CONTEXT(2) 
PARAMETRIC_REPRESENTATION_CONTEXT() REPRESENTATION_CONTEXT('2D SPACE',''
  ) );
#7316 = ADVANCED_FACE('',(#7317),#4150,.T.);
#7317 = FACE_BOUND('',#7318,.T.);
#7318 = EDGE_LOOP('',(#7319,#7341,#7362,#7363));
#7319 = ORIENTED_EDGE('',*,*,#7320,.F.);
#7320 = EDGE_CURVE('',#7321,#4135,#7323,.T.);
#7321 = VERTEX_POINT('',#7322);
#7322 = CARTESIAN_POINT('',(-33.37061973511,-51.15,0.590401450487));
#7323 = SURFACE_CURVE('',#7324,(#7328,#7335),.PCURVE_S1.);
#7324 = ( BOUNDED_CURVE() B_SPLINE_CURVE(2,(#7325,#7326,#7327),
.UNSPECIFIED.,.F.,.F.) B_SPLINE_CURVE_WITH_KNOTS((3,3),(0.649731810959,
0.653796604457),.PIECEWISE_BEZIER_KNOTS.) CURVE() 
GEOMETRIC_REPRESENTATION_ITEM() RATIONAL_B_SPLINE_CURVE((1.051282051282,
1.025801438711,1.)) REPRESENTATION_ITEM('') );
#7325 = CARTESIAN_POINT('',(-33.37061973511,-51.15,0.590401450487));
#7326 = CARTESIAN_POINT('',(-33.37061973511,-51.07734384164,0.516149841)
  );
#7327 = CARTESIAN_POINT('',(-33.37061973511,-51.,0.437305348453));
#7328 = PCURVE('',#4150,#7329);
#7329 = DEFINITIONAL_REPRESENTATION('',(#7330),#7334);
#7330 = ( BOUNDED_CURVE() B_SPLINE_CURVE(2,(#7331,#7332,#7333),
.UNSPECIFIED.,.F.,.F.) B_SPLINE_CURVE_WITH_KNOTS((3,3),(0.649731810959,
0.653796604457),.PIECEWISE_BEZIER_KNOTS.) CURVE() 
GEOMETRIC_REPRESENTATION_ITEM() RATIONAL_B_SPLINE_CURVE((1.051282051282,
1.025801438711,1.)) REPRESENTATION_ITEM('') );
#7331 = CARTESIAN_POINT('',(0.153096102034,0.15));
#7332 = CARTESIAN_POINT('',(7.884449254723E-02,7.73438416453E-02));
#7333 = CARTESIAN_POINT('',(5.995204332976E-15,0.));
#7334 = ( GEOMETRIC_REPRESENTATION_CONTEXT(2) 
PARAMETRIC_REPRESENTATION_CONTEXT() REPRESENTATION_CONTEXT('2D SPACE',''
  ) );
#7335 = PCURVE('',#4179,#7336);
#7336 = DEFINITIONAL_REPRESENTATION('',(#7337),#7340);
#7337 = B_SPLINE_CURVE_WITH_KNOTS('',1,(#7338,#7339),.UNSPECIFIED.,.F.,
  .F.,(2,2),(0.649731810959,0.653796604457),.PIECEWISE_BEZIER_KNOTS.);
#7338 = CARTESIAN_POINT('',(1.363121173072,-7.5E-02));
#7339 = CARTESIAN_POINT('',(1.375380201137,7.5E-02));
#7340 = ( GEOMETRIC_REPRESENTATION_CONTEXT(2) 
PARAMETRIC_REPRESENTATION_CONTEXT() REPRESENTATION_CONTEXT('2D SPACE',''
  ) );
#7341 = ORIENTED_EDGE('',*,*,#7342,.T.);
#7342 = EDGE_CURVE('',#7321,#7240,#7343,.T.);
#7343 = SURFACE_CURVE('',#7344,(#7348,#7355),.PCURVE_S1.);
#7344 = LINE('',#7345,#7346);
#7345 = CARTESIAN_POINT('',(-33.37061973511,-51.,0.590401450487));
#7346 = VECTOR('',#7347,1.);
#7347 = DIRECTION('',(0.,-1.,0.));
#7348 = PCURVE('',#4150,#7349);
#7349 = DEFINITIONAL_REPRESENTATION('',(#7350),#7354);
#7350 = LINE('',#7351,#7352);
#7351 = CARTESIAN_POINT('',(0.153096102034,0.));
#7352 = VECTOR('',#7353,1.);
#7353 = DIRECTION('',(0.,1.));
#7354 = ( GEOMETRIC_REPRESENTATION_CONTEXT(2) 
PARAMETRIC_REPRESENTATION_CONTEXT() REPRESENTATION_CONTEXT('2D SPACE',''
  ) );
#7355 = PCURVE('',#7256,#7356);
#7356 = DEFINITIONAL_REPRESENTATION('',(#7357),#7361);
#7357 = LINE('',#7358,#7359);
#7358 = CARTESIAN_POINT('',(4.920064134108,0.));
#7359 = VECTOR('',#7360,1.);
#7360 = DIRECTION('',(0.,1.));
#7361 = ( GEOMETRIC_REPRESENTATION_CONTEXT(2) 
PARAMETRIC_REPRESENTATION_CONTEXT() REPRESENTATION_CONTEXT('2D SPACE',''
  ) );
#7362 = ORIENTED_EDGE('',*,*,#7268,.F.);
#7363 = ORIENTED_EDGE('',*,*,#4134,.F.);
#7364 = ADVANCED_FACE('',(#7365),#4179,.F.);
#7365 = FACE_BOUND('',#7366,.F.);
#7366 = EDGE_LOOP('',(#7367,#7368,#7369,#7393));
#7367 = ORIENTED_EDGE('',*,*,#4162,.T.);
#7368 = ORIENTED_EDGE('',*,*,#7320,.F.);
#7369 = ORIENTED_EDGE('',*,*,#7370,.F.);
#7370 = EDGE_CURVE('',#7371,#7321,#7373,.T.);
#7371 = VERTEX_POINT('',#7372);
#7372 = CARTESIAN_POINT('',(-34.37061973511,-51.15,0.590401450487));
#7373 = SURFACE_CURVE('',#7374,(#7379,#7386),.PCURVE_S1.);
#7374 = CIRCLE('',#7375,2.425);
#7375 = AXIS2_PLACEMENT_3D('',#7376,#7377,#7378);
#7376 = CARTESIAN_POINT('',(-33.87061973511,-51.15,2.96329525342));
#7377 = DIRECTION('',(0.,-1.,0.));
#7378 = DIRECTION('',(1.,0.,0.));
#7379 = PCURVE('',#4179,#7380);
#7380 = DEFINITIONAL_REPRESENTATION('',(#7381),#7385);
#7381 = LINE('',#7382,#7383);
#7382 = CARTESIAN_POINT('',(6.28318530718,-7.499999999999E-02));
#7383 = VECTOR('',#7384,1.);
#7384 = DIRECTION('',(-1.,-5.433986369807E-16));
#7385 = ( GEOMETRIC_REPRESENTATION_CONTEXT(2) 
PARAMETRIC_REPRESENTATION_CONTEXT() REPRESENTATION_CONTEXT('2D SPACE',''
  ) );
#7386 = PCURVE('',#7256,#7387);
#7387 = DEFINITIONAL_REPRESENTATION('',(#7388),#7392);
#7388 = LINE('',#7389,#7390);
#7389 = CARTESIAN_POINT('',(0.,0.15));
#7390 = VECTOR('',#7391,1.);
#7391 = DIRECTION('',(1.,0.));
#7392 = ( GEOMETRIC_REPRESENTATION_CONTEXT(2) 
PARAMETRIC_REPRESENTATION_CONTEXT() REPRESENTATION_CONTEXT('2D SPACE',''
  ) );
#7393 = ORIENTED_EDGE('',*,*,#7394,.F.);
#7394 = EDGE_CURVE('',#4163,#7371,#7395,.T.);
#7395 = SURFACE_CURVE('',#7396,(#7400,#7406),.PCURVE_S1.);
#7396 = ( BOUNDED_CURVE() B_SPLINE_CURVE(2,(#7397,#7398,#7399),
.UNSPECIFIED.,.F.,.F.) B_SPLINE_CURVE_WITH_KNOTS((3,3),(0.,
4.06479349861E-03),.PIECEWISE_BEZIER_KNOTS.) CURVE() 
GEOMETRIC_REPRESENTATION_ITEM() RATIONAL_B_SPLINE_CURVE((1.,
1.025801438711,1.051282051282)) REPRESENTATION_ITEM('') );
#7397 = CARTESIAN_POINT('',(-34.37061973511,-51.,0.437305348453));
#7398 = CARTESIAN_POINT('',(-34.37061973511,-51.07734384164,0.516149841)
  );
#7399 = CARTESIAN_POINT('',(-34.37061973511,-51.15,0.590401450487));
#7400 = PCURVE('',#4179,#7401);
#7401 = DEFINITIONAL_REPRESENTATION('',(#7402),#7405);
#7402 = B_SPLINE_CURVE_WITH_KNOTS('',1,(#7403,#7404),.UNSPECIFIED.,.F.,
  .F.,(2,2),(0.,4.06479349861E-03),.PIECEWISE_BEZIER_KNOTS.);
#7403 = CARTESIAN_POINT('',(1.766212452453,7.5E-02));
#7404 = CARTESIAN_POINT('',(1.778471480518,-7.5E-02));
#7405 = ( GEOMETRIC_REPRESENTATION_CONTEXT(2) 
PARAMETRIC_REPRESENTATION_CONTEXT() REPRESENTATION_CONTEXT('2D SPACE',''
  ) );
#7406 = PCURVE('',#4207,#7407);
#7407 = DEFINITIONAL_REPRESENTATION('',(#7408),#7412);
#7408 = ( BOUNDED_CURVE() B_SPLINE_CURVE(2,(#7409,#7410,#7411),
.UNSPECIFIED.,.F.,.F.) B_SPLINE_CURVE_WITH_KNOTS((3,3),(0.,
4.06479349861E-03),.PIECEWISE_BEZIER_KNOTS.) CURVE() 
GEOMETRIC_REPRESENTATION_ITEM() RATIONAL_B_SPLINE_CURVE((1.,
1.025801438711,1.051282051282)) REPRESENTATION_ITEM('') );
#7409 = CARTESIAN_POINT('',(0.153096102034,0.));
#7410 = CARTESIAN_POINT('',(7.425160948673E-02,7.73438416458E-02));
#7411 = CARTESIAN_POINT('',(0.,0.15));
#7412 = ( GEOMETRIC_REPRESENTATION_CONTEXT(2) 
PARAMETRIC_REPRESENTATION_CONTEXT() REPRESENTATION_CONTEXT('2D SPACE',''
  ) );
#7413 = ADVANCED_FACE('',(#7414),#4207,.T.);
#7414 = FACE_BOUND('',#7415,.T.);
#7415 = EDGE_LOOP('',(#7416,#7417,#7418,#7419));
#7416 = ORIENTED_EDGE('',*,*,#7394,.F.);
#7417 = ORIENTED_EDGE('',*,*,#4191,.F.);
#7418 = ORIENTED_EDGE('',*,*,#7217,.F.);
#7419 = ORIENTED_EDGE('',*,*,#7420,.F.);
#7420 = EDGE_CURVE('',#7371,#7218,#7421,.T.);
#7421 = SURFACE_CURVE('',#7422,(#7426,#7433),.PCURVE_S1.);
#7422 = LINE('',#7423,#7424);
#7423 = CARTESIAN_POINT('',(-34.37061973511,-51.,0.590401450487));
#7424 = VECTOR('',#7425,1.);
#7425 = DIRECTION('',(0.,-1.,0.));
#7426 = PCURVE('',#4207,#7427);
#7427 = DEFINITIONAL_REPRESENTATION('',(#7428),#7432);
#7428 = LINE('',#7429,#7430);
#7429 = CARTESIAN_POINT('',(0.,-0.));
#7430 = VECTOR('',#7431,1.);
#7431 = DIRECTION('',(0.,1.));
#7432 = ( GEOMETRIC_REPRESENTATION_CONTEXT(2) 
PARAMETRIC_REPRESENTATION_CONTEXT() REPRESENTATION_CONTEXT('2D SPACE',''
  ) );
#7433 = PCURVE('',#7256,#7434);
#7434 = DEFINITIONAL_REPRESENTATION('',(#7435),#7439);
#7435 = LINE('',#7436,#7437);
#7436 = CARTESIAN_POINT('',(4.504713826662,0.));
#7437 = VECTOR('',#7438,1.);
#7438 = DIRECTION('',(0.,1.));
#7439 = ( GEOMETRIC_REPRESENTATION_CONTEXT(2) 
PARAMETRIC_REPRESENTATION_CONTEXT() REPRESENTATION_CONTEXT('2D SPACE',''
  ) );
#7440 = ADVANCED_FACE('',(#7441),#4259,.T.);
#7441 = FACE_BOUND('',#7442,.T.);
#7442 = EDGE_LOOP('',(#7443,#7465,#7486,#7487));
#7443 = ORIENTED_EDGE('',*,*,#7444,.F.);
#7444 = EDGE_CURVE('',#7445,#4244,#7447,.T.);
#7445 = VERTEX_POINT('',#7446);
#7446 = CARTESIAN_POINT('',(-36.17560604894,-51.15,3.716729452995));
#7447 = SURFACE_CURVE('',#7448,(#7452,#7459),.PCURVE_S1.);
#7448 = ( BOUNDED_CURVE() B_SPLINE_CURVE(2,(#7449,#7450,#7451),
.UNSPECIFIED.,.F.,.F.) B_SPLINE_CURVE_WITH_KNOTS((3,3),(0.649731810959,
0.653796604457),.PIECEWISE_BEZIER_KNOTS.) CURVE() 
GEOMETRIC_REPRESENTATION_ITEM() RATIONAL_B_SPLINE_CURVE((1.051282051282,
1.025801438711,1.)) REPRESENTATION_ITEM('') );
#7449 = CARTESIAN_POINT('',(-36.17560604894,-51.15,3.716729452995));
#7450 = CARTESIAN_POINT('',(-36.23990982903,-51.07734384164,
    3.753855257738));
#7451 = CARTESIAN_POINT('',(-36.30819116252,-51.,3.793277504012));
#7452 = PCURVE('',#4259,#7453);
#7453 = DEFINITIONAL_REPRESENTATION('',(#7454),#7458);
#7454 = ( BOUNDED_CURVE() B_SPLINE_CURVE(2,(#7455,#7456,#7457),
.UNSPECIFIED.,.F.,.F.) B_SPLINE_CURVE_WITH_KNOTS((3,3),(0.649731810959,
0.653796604457),.PIECEWISE_BEZIER_KNOTS.) CURVE() 
GEOMETRIC_REPRESENTATION_ITEM() RATIONAL_B_SPLINE_CURVE((1.051282051282,
1.025801438711,1.)) REPRESENTATION_ITEM('') );
#7455 = CARTESIAN_POINT('',(0.153096102034,0.15));
#7456 = CARTESIAN_POINT('',(7.884449254747E-02,7.73438416456E-02));
#7457 = CARTESIAN_POINT('',(0.,0.));
#7458 = ( GEOMETRIC_REPRESENTATION_CONTEXT(2) 
PARAMETRIC_REPRESENTATION_CONTEXT() REPRESENTATION_CONTEXT('2D SPACE',''
  ) );
#7459 = PCURVE('',#4288,#7460);
#7460 = DEFINITIONAL_REPRESENTATION('',(#7461),#7464);
#7461 = B_SPLINE_CURVE_WITH_KNOTS('',1,(#7462,#7463),.UNSPECIFIED.,.F.,
  .F.,(2,2),(0.649731810959,0.653796604457),.PIECEWISE_BEZIER_KNOTS.);
#7462 = CARTESIAN_POINT('',(0.315923621875,-7.499999999997E-02));
#7463 = CARTESIAN_POINT('',(0.32818264994,7.500000000001E-02));
#7464 = ( GEOMETRIC_REPRESENTATION_CONTEXT(2) 
PARAMETRIC_REPRESENTATION_CONTEXT() REPRESENTATION_CONTEXT('2D SPACE',''
  ) );
#7465 = ORIENTED_EDGE('',*,*,#7466,.T.);
#7466 = EDGE_CURVE('',#7445,#7168,#7467,.T.);
#7467 = SURFACE_CURVE('',#7468,(#7472,#7479),.PCURVE_S1.);
#7468 = LINE('',#7469,#7470);
#7469 = CARTESIAN_POINT('',(-36.17560604894,-51.,3.716729452995));
#7470 = VECTOR('',#7471,1.);
#7471 = DIRECTION('',(0.,-1.,0.));
#7472 = PCURVE('',#4259,#7473);
#7473 = DEFINITIONAL_REPRESENTATION('',(#7474),#7478);
#7474 = LINE('',#7475,#7476);
#7475 = CARTESIAN_POINT('',(0.153096102034,0.));
#7476 = VECTOR('',#7477,1.);
#7477 = DIRECTION('',(0.,1.));
#7478 = ( GEOMETRIC_REPRESENTATION_CONTEXT(2) 
PARAMETRIC_REPRESENTATION_CONTEXT() REPRESENTATION_CONTEXT('2D SPACE',''
  ) );
#7479 = PCURVE('',#7184,#7480);
#7480 = DEFINITIONAL_REPRESENTATION('',(#7481),#7485);
#7481 = LINE('',#7482,#7483);
#7482 = CARTESIAN_POINT('',(2.825669031715,0.));
#7483 = VECTOR('',#7484,1.);
#7484 = DIRECTION('',(0.,1.));
#7485 = ( GEOMETRIC_REPRESENTATION_CONTEXT(2) 
PARAMETRIC_REPRESENTATION_CONTEXT() REPRESENTATION_CONTEXT('2D SPACE',''
  ) );
#7486 = ORIENTED_EDGE('',*,*,#7196,.F.);
#7487 = ORIENTED_EDGE('',*,*,#4243,.F.);
#7488 = ADVANCED_FACE('',(#7489),#4288,.F.);
#7489 = FACE_BOUND('',#7490,.F.);
#7490 = EDGE_LOOP('',(#7491,#7492,#7493,#7517));
#7491 = ORIENTED_EDGE('',*,*,#4271,.T.);
#7492 = ORIENTED_EDGE('',*,*,#7444,.F.);
#7493 = ORIENTED_EDGE('',*,*,#7494,.F.);
#7494 = EDGE_CURVE('',#7495,#7445,#7497,.T.);
#7495 = VERTEX_POINT('',#7496);
#7496 = CARTESIAN_POINT('',(-35.67560604894,-51.15,4.582754856779));
#7497 = SURFACE_CURVE('',#7498,(#7503,#7510),.PCURVE_S1.);
#7498 = CIRCLE('',#7499,2.425);
#7499 = AXIS2_PLACEMENT_3D('',#7500,#7501,#7502);
#7500 = CARTESIAN_POINT('',(-33.87061973511,-51.15,2.96329525342));
#7501 = DIRECTION('',(0.,-1.,0.));
#7502 = DIRECTION('',(-1.,0.,0.));
#7503 = PCURVE('',#4288,#7504);
#7504 = DEFINITIONAL_REPRESENTATION('',(#7505),#7509);
#7505 = LINE('',#7506,#7507);
#7506 = CARTESIAN_POINT('',(6.28318530718,-7.499999999997E-02));
#7507 = VECTOR('',#7508,1.);
#7508 = DIRECTION('',(-1.,-5.339482259028E-15));
#7509 = ( GEOMETRIC_REPRESENTATION_CONTEXT(2) 
PARAMETRIC_REPRESENTATION_CONTEXT() REPRESENTATION_CONTEXT('2D SPACE',''
  ) );
#7510 = PCURVE('',#7184,#7511);
#7511 = DEFINITIONAL_REPRESENTATION('',(#7512),#7516);
#7512 = LINE('',#7513,#7514);
#7513 = CARTESIAN_POINT('',(-3.14159265359,0.15));
#7514 = VECTOR('',#7515,1.);
#7515 = DIRECTION('',(1.,0.));
#7516 = ( GEOMETRIC_REPRESENTATION_CONTEXT(2) 
PARAMETRIC_REPRESENTATION_CONTEXT() REPRESENTATION_CONTEXT('2D SPACE',''
  ) );
#7517 = ORIENTED_EDGE('',*,*,#7518,.F.);
#7518 = EDGE_CURVE('',#4272,#7495,#7519,.T.);
#7519 = SURFACE_CURVE('',#7520,(#7524,#7530),.PCURVE_S1.);
#7520 = ( BOUNDED_CURVE() B_SPLINE_CURVE(2,(#7521,#7522,#7523),
.UNSPECIFIED.,.F.,.F.) B_SPLINE_CURVE_WITH_KNOTS((3,3),(0.,
4.06479349861E-03),.PIECEWISE_BEZIER_KNOTS.) CURVE() 
GEOMETRIC_REPRESENTATION_ITEM() RATIONAL_B_SPLINE_CURVE((1.,
1.025801438711,1.051282051282)) REPRESENTATION_ITEM('') );
#7521 = CARTESIAN_POINT('',(-35.80819116252,-51.,4.659302907797));
#7522 = CARTESIAN_POINT('',(-35.73990982903,-51.07734384164,
    4.619880661523));
#7523 = CARTESIAN_POINT('',(-35.67560604894,-51.15,4.582754856779));
#7524 = PCURVE('',#4288,#7525);
#7525 = DEFINITIONAL_REPRESENTATION('',(#7526),#7529);
#7526 = B_SPLINE_CURVE_WITH_KNOTS('',1,(#7527,#7528),.UNSPECIFIED.,.F.,
  .F.,(2,2),(0.,4.06479349861E-03),.PIECEWISE_BEZIER_KNOTS.);
#7527 = CARTESIAN_POINT('',(0.719014901257,7.5E-02));
#7528 = CARTESIAN_POINT('',(0.731273929321,-7.499999999998E-02));
#7529 = ( GEOMETRIC_REPRESENTATION_CONTEXT(2) 
PARAMETRIC_REPRESENTATION_CONTEXT() REPRESENTATION_CONTEXT('2D SPACE',''
  ) );
#7530 = PCURVE('',#4316,#7531);
#7531 = DEFINITIONAL_REPRESENTATION('',(#7532),#7536);
#7532 = ( BOUNDED_CURVE() B_SPLINE_CURVE(2,(#7533,#7534,#7535),
.UNSPECIFIED.,.F.,.F.) B_SPLINE_CURVE_WITH_KNOTS((3,3),(0.,
4.06479349861E-03),.PIECEWISE_BEZIER_KNOTS.) CURVE() 
GEOMETRIC_REPRESENTATION_ITEM() RATIONAL_B_SPLINE_CURVE((1.,
1.025801438711,1.051282051282)) REPRESENTATION_ITEM('') );
#7533 = CARTESIAN_POINT('',(0.153096102034,0.));
#7534 = CARTESIAN_POINT('',(7.425160948674E-02,7.73438416458E-02));
#7535 = CARTESIAN_POINT('',(0.,0.15));
#7536 = ( GEOMETRIC_REPRESENTATION_CONTEXT(2) 
PARAMETRIC_REPRESENTATION_CONTEXT() REPRESENTATION_CONTEXT('2D SPACE',''
  ) );
#7537 = ADVANCED_FACE('',(#7538),#4316,.T.);
#7538 = FACE_BOUND('',#7539,.T.);
#7539 = EDGE_LOOP('',(#7540,#7541,#7542,#7543));
#7540 = ORIENTED_EDGE('',*,*,#7518,.F.);
#7541 = ORIENTED_EDGE('',*,*,#4300,.F.);
#7542 = ORIENTED_EDGE('',*,*,#7145,.F.);
#7543 = ORIENTED_EDGE('',*,*,#7544,.F.);
#7544 = EDGE_CURVE('',#7495,#7146,#7545,.T.);
#7545 = SURFACE_CURVE('',#7546,(#7550,#7557),.PCURVE_S1.);
#7546 = LINE('',#7547,#7548);
#7547 = CARTESIAN_POINT('',(-35.67560604894,-51.,4.582754856779));
#7548 = VECTOR('',#7549,1.);
#7549 = DIRECTION('',(0.,-1.,0.));
#7550 = PCURVE('',#4316,#7551);
#7551 = DEFINITIONAL_REPRESENTATION('',(#7552),#7556);
#7552 = LINE('',#7553,#7554);
#7553 = CARTESIAN_POINT('',(0.,0.));
#7554 = VECTOR('',#7555,1.);
#7555 = DIRECTION('',(0.,1.));
#7556 = ( GEOMETRIC_REPRESENTATION_CONTEXT(2) 
PARAMETRIC_REPRESENTATION_CONTEXT() REPRESENTATION_CONTEXT('2D SPACE',''
  ) );
#7557 = PCURVE('',#7184,#7558);
#7558 = DEFINITIONAL_REPRESENTATION('',(#7559),#7563);
#7559 = LINE('',#7560,#7561);
#7560 = CARTESIAN_POINT('',(2.410318724268,0.));
#7561 = VECTOR('',#7562,1.);
#7562 = DIRECTION('',(0.,1.));
#7563 = ( GEOMETRIC_REPRESENTATION_CONTEXT(2) 
PARAMETRIC_REPRESENTATION_CONTEXT() REPRESENTATION_CONTEXT('2D SPACE',''
  ) );
#7564 = ADVANCED_FACE('',(#7565),#4366,.T.);
#7565 = FACE_BOUND('',#7566,.T.);
#7566 = EDGE_LOOP('',(#7567,#7568,#7589,#7590));
#7567 = ORIENTED_EDGE('',*,*,#6953,.F.);
#7568 = ORIENTED_EDGE('',*,*,#7569,.T.);
#7569 = EDGE_CURVE('',#6954,#7101,#7570,.T.);
#7570 = SURFACE_CURVE('',#7571,(#7575,#7582),.PCURVE_S1.);
#7571 = LINE('',#7572,#7573);
#7572 = CARTESIAN_POINT('',(-32.06563342129,-51.,4.582754856779));
#7573 = VECTOR('',#7574,1.);
#7574 = DIRECTION('',(0.,-1.,0.));
#7575 = PCURVE('',#4366,#7576);
#7576 = DEFINITIONAL_REPRESENTATION('',(#7577),#7581);
#7577 = LINE('',#7578,#7579);
#7578 = CARTESIAN_POINT('',(0.153096102035,0.));
#7579 = VECTOR('',#7580,1.);
#7580 = DIRECTION('',(-0.,1.));
#7581 = ( GEOMETRIC_REPRESENTATION_CONTEXT(2) 
PARAMETRIC_REPRESENTATION_CONTEXT() REPRESENTATION_CONTEXT('2D SPACE',''
  ) );
#7582 = PCURVE('',#6992,#7583);
#7583 = DEFINITIONAL_REPRESENTATION('',(#7584),#7588);
#7584 = LINE('',#7585,#7586);
#7585 = CARTESIAN_POINT('',(0.731273929321,0.));
#7586 = VECTOR('',#7587,1.);
#7587 = DIRECTION('',(0.,1.));
#7588 = ( GEOMETRIC_REPRESENTATION_CONTEXT(2) 
PARAMETRIC_REPRESENTATION_CONTEXT() REPRESENTATION_CONTEXT('2D SPACE',''
  ) );
#7589 = ORIENTED_EDGE('',*,*,#7124,.F.);
#7590 = ORIENTED_EDGE('',*,*,#4352,.F.);
#7591 = ADVANCED_FACE('',(#7592,#7623),#4419,.F.);
#7592 = FACE_BOUND('',#7593,.F.);
#7593 = EDGE_LOOP('',(#7594));
#7594 = ORIENTED_EDGE('',*,*,#7595,.T.);
#7595 = EDGE_CURVE('',#7596,#7596,#7598,.T.);
#7596 = VERTEX_POINT('',#7597);
#7597 = CARTESIAN_POINT('',(29.6,-69.7,0.));
#7598 = SURFACE_CURVE('',#7599,(#7604,#7611),.PCURVE_S1.);
#7599 = CIRCLE('',#7600,29.6);
#7600 = AXIS2_PLACEMENT_3D('',#7601,#7602,#7603);
#7601 = CARTESIAN_POINT('',(0.,-69.7,0.));
#7602 = DIRECTION('',(-0.,1.,0.));
#7603 = DIRECTION('',(1.,0.,0.));
#7604 = PCURVE('',#4419,#7605);
#7605 = DEFINITIONAL_REPRESENTATION('',(#7606),#7610);
#7606 = CIRCLE('',#7607,29.6);
#7607 = AXIS2_PLACEMENT_2D('',#7608,#7609);
#7608 = CARTESIAN_POINT('',(0.,0.));
#7609 = DIRECTION('',(1.,0.));
#7610 = ( GEOMETRIC_REPRESENTATION_CONTEXT(2) 
PARAMETRIC_REPRESENTATION_CONTEXT() REPRESENTATION_CONTEXT('2D SPACE',''
  ) );
#7611 = PCURVE('',#7612,#7617);
#7612 = CYLINDRICAL_SURFACE('',#7613,29.6);
#7613 = AXIS2_PLACEMENT_3D('',#7614,#7615,#7616);
#7614 = CARTESIAN_POINT('',(0.,-68.2,0.));
#7615 = DIRECTION('',(-0.,-1.,-0.));
#7616 = DIRECTION('',(1.,-0.,0.));
#7617 = DEFINITIONAL_REPRESENTATION('',(#7618),#7622);
#7618 = LINE('',#7619,#7620);
#7619 = CARTESIAN_POINT('',(-0.,1.5));
#7620 = VECTOR('',#7621,1.);
#7621 = DIRECTION('',(-1.,0.));
#7622 = ( GEOMETRIC_REPRESENTATION_CONTEXT(2) 
PARAMETRIC_REPRESENTATION_CONTEXT() REPRESENTATION_CONTEXT('2D SPACE',''
  ) );
#7623 = FACE_BOUND('',#7624,.F.);
#7624 = EDGE_LOOP('',(#7625));
#7625 = ORIENTED_EDGE('',*,*,#4404,.T.);
#7626 = ADVANCED_FACE('',(#7627),#4595,.T.);
#7627 = FACE_BOUND('',#7628,.F.);
#7628 = EDGE_LOOP('',(#7629,#7650,#7651,#7652));
#7629 = ORIENTED_EDGE('',*,*,#7630,.F.);
#7630 = EDGE_CURVE('',#5593,#4765,#7631,.T.);
#7631 = SURFACE_CURVE('',#7632,(#7637,#7644),.PCURVE_S1.);
#7632 = CIRCLE('',#7633,31.);
#7633 = AXIS2_PLACEMENT_3D('',#7634,#7635,#7636);
#7634 = CARTESIAN_POINT('',(0.,-58.2,0.));
#7635 = DIRECTION('',(-0.,1.,0.));
#7636 = DIRECTION('',(1.,0.,0.));
#7637 = PCURVE('',#4595,#7638);
#7638 = DEFINITIONAL_REPRESENTATION('',(#7639),#7643);
#7639 = CIRCLE('',#7640,31.);
#7640 = AXIS2_PLACEMENT_2D('',#7641,#7642);
#7641 = CARTESIAN_POINT('',(0.,0.));
#7642 = DIRECTION('',(1.,-0.));
#7643 = ( GEOMETRIC_REPRESENTATION_CONTEXT(2) 
PARAMETRIC_REPRESENTATION_CONTEXT() REPRESENTATION_CONTEXT('2D SPACE',''
  ) );
#7644 = PCURVE('',#4807,#7645);
#7645 = DEFINITIONAL_REPRESENTATION('',(#7646),#7649);
#7646 = B_SPLINE_CURVE_WITH_KNOTS('',1,(#7647,#7648),.UNSPECIFIED.,.F.,
  .F.,(2,2),(1.694082611475,3.10557283151),.PIECEWISE_BEZIER_KNOTS.);
#7647 = CARTESIAN_POINT('',(-7.977267918654,0.));
#7648 = CARTESIAN_POINT('',(-9.388758138689,0.));
#7649 = ( GEOMETRIC_REPRESENTATION_CONTEXT(2) 
PARAMETRIC_REPRESENTATION_CONTEXT() REPRESENTATION_CONTEXT('2D SPACE',''
  ) );
#7650 = ORIENTED_EDGE('',*,*,#5613,.F.);
#7651 = ORIENTED_EDGE('',*,*,#4578,.T.);
#7652 = ORIENTED_EDGE('',*,*,#4764,.F.);
#7653 = ADVANCED_FACE('',(#7654),#4887,.T.);
#7654 = FACE_BOUND('',#7655,.F.);
#7655 = EDGE_LOOP('',(#7656,#7679,#7680,#7681));
#7656 = ORIENTED_EDGE('',*,*,#7657,.F.);
#7657 = EDGE_CURVE('',#4852,#7658,#7660,.T.);
#7658 = VERTEX_POINT('',#7659);
#7659 = CARTESIAN_POINT('',(-5.,-58.2,30.594117081557));
#7660 = SURFACE_CURVE('',#7661,(#7666,#7673),.PCURVE_S1.);
#7661 = CIRCLE('',#7662,31.);
#7662 = AXIS2_PLACEMENT_3D('',#7663,#7664,#7665);
#7663 = CARTESIAN_POINT('',(0.,-58.2,0.));
#7664 = DIRECTION('',(-0.,1.,0.));
#7665 = DIRECTION('',(1.,0.,0.));
#7666 = PCURVE('',#4887,#7667);
#7667 = DEFINITIONAL_REPRESENTATION('',(#7668),#7672);
#7668 = CIRCLE('',#7669,31.);
#7669 = AXIS2_PLACEMENT_2D('',#7670,#7671);
#7670 = CARTESIAN_POINT('',(0.,0.));
#7671 = DIRECTION('',(1.,-0.));
#7672 = ( GEOMETRIC_REPRESENTATION_CONTEXT(2) 
PARAMETRIC_REPRESENTATION_CONTEXT() REPRESENTATION_CONTEXT('2D SPACE',''
  ) );
#7673 = PCURVE('',#4807,#7674);
#7674 = DEFINITIONAL_REPRESENTATION('',(#7675),#7678);
#7675 = B_SPLINE_CURVE_WITH_KNOTS('',1,(#7676,#7677),.UNSPECIFIED.,.F.,
  .F.,(2,2),(3.352145400869,4.550391025814),.PIECEWISE_BEZIER_KNOTS.);
#7676 = CARTESIAN_POINT('',(-9.635330708049,0.));
#7677 = CARTESIAN_POINT('',(-10.83357633299,0.));
#7678 = ( GEOMETRIC_REPRESENTATION_CONTEXT(2) 
PARAMETRIC_REPRESENTATION_CONTEXT() REPRESENTATION_CONTEXT('2D SPACE',''
  ) );
#7679 = ORIENTED_EDGE('',*,*,#4872,.F.);
#7680 = ORIENTED_EDGE('',*,*,#4906,.T.);
#7681 = ORIENTED_EDGE('',*,*,#7682,.T.);
#7682 = EDGE_CURVE('',#4907,#7658,#7683,.T.);
#7683 = SURFACE_CURVE('',#7684,(#7688,#7694),.PCURVE_S1.);
#7684 = LINE('',#7685,#7686);
#7685 = CARTESIAN_POINT('',(-5.,-58.2,13.012013679673));
#7686 = VECTOR('',#7687,1.);
#7687 = DIRECTION('',(2.22044604925E-16,-0.,1.));
#7688 = PCURVE('',#4887,#7689);
#7689 = DEFINITIONAL_REPRESENTATION('',(#7690),#7693);
#7690 = B_SPLINE_CURVE_WITH_KNOTS('',1,(#7691,#7692),.UNSPECIFIED.,.F.,
  .F.,(2,2),(15.930336335645,17.987986320327),.PIECEWISE_BEZIER_KNOTS.);
#7691 = CARTESIAN_POINT('',(-5.,-28.94235001531));
#7692 = CARTESIAN_POINT('',(-5.,-31.));
#7693 = ( GEOMETRIC_REPRESENTATION_CONTEXT(2) 
PARAMETRIC_REPRESENTATION_CONTEXT() REPRESENTATION_CONTEXT('2D SPACE',''
  ) );
#7694 = PCURVE('',#4968,#7695);
#7695 = DEFINITIONAL_REPRESENTATION('',(#7696),#7699);
#7696 = B_SPLINE_CURVE_WITH_KNOTS('',1,(#7697,#7698),.UNSPECIFIED.,.F.,
  .F.,(2,2),(15.930336335645,17.987986320327),.PIECEWISE_BEZIER_KNOTS.);
#7697 = CARTESIAN_POINT('',(2.918322655972,19.3));
#7698 = CARTESIAN_POINT('',(4.975972640654,19.3));
#7699 = ( GEOMETRIC_REPRESENTATION_CONTEXT(2) 
PARAMETRIC_REPRESENTATION_CONTEXT() REPRESENTATION_CONTEXT('2D SPACE',''
  ) );
#7700 = ADVANCED_FACE('',(#7701),#4807,.T.);
#7701 = FACE_BOUND('',#7702,.F.);
#7702 = EDGE_LOOP('',(#7703,#7734,#7755,#7776,#7777,#7798,#7799,#7825,
    #7826,#7847,#7848,#7849,#7850,#7871,#7872,#7873));
#7703 = ORIENTED_EDGE('',*,*,#7704,.F.);
#7704 = EDGE_CURVE('',#7705,#7707,#7709,.T.);
#7705 = VERTEX_POINT('',#7706);
#7706 = CARTESIAN_POINT('',(5.,-59.2,30.594117081557));
#7707 = VERTEX_POINT('',#7708);
#7708 = CARTESIAN_POINT('',(-5.,-59.2,30.594117081557));
#7709 = SURFACE_CURVE('',#7710,(#7715,#7722),.PCURVE_S1.);
#7710 = CIRCLE('',#7711,31.);
#7711 = AXIS2_PLACEMENT_3D('',#7712,#7713,#7714);
#7712 = CARTESIAN_POINT('',(0.,-59.2,0.));
#7713 = DIRECTION('',(0.,1.,0.));
#7714 = DIRECTION('',(0.161290322581,-0.,0.986907002631));
#7715 = PCURVE('',#4807,#7716);
#7716 = DEFINITIONAL_REPRESENTATION('',(#7717),#7721);
#7717 = LINE('',#7718,#7719);
#7718 = CARTESIAN_POINT('',(-4.874386934956,1.));
#7719 = VECTOR('',#7720,1.);
#7720 = DIRECTION('',(-1.,0.));
#7721 = ( GEOMETRIC_REPRESENTATION_CONTEXT(2) 
PARAMETRIC_REPRESENTATION_CONTEXT() REPRESENTATION_CONTEXT('2D SPACE',''
  ) );
#7722 = PCURVE('',#7723,#7728);
#7723 = PLANE('',#7724);
#7724 = AXIS2_PLACEMENT_3D('',#7725,#7726,#7727);
#7725 = CARTESIAN_POINT('',(0.,-59.2,0.));
#7726 = DIRECTION('',(0.,1.,0.));
#7727 = DIRECTION('',(1.,0.,0.));
#7728 = DEFINITIONAL_REPRESENTATION('',(#7729),#7733);
#7729 = CIRCLE('',#7730,31.);
#7730 = AXIS2_PLACEMENT_2D('',#7731,#7732);
#7731 = CARTESIAN_POINT('',(0.,0.));
#7732 = DIRECTION('',(0.161290322581,-0.986907002631));
#7733 = ( GEOMETRIC_REPRESENTATION_CONTEXT(2) 
PARAMETRIC_REPRESENTATION_CONTEXT() REPRESENTATION_CONTEXT('2D SPACE',''
  ) );
#7734 = ORIENTED_EDGE('',*,*,#7735,.F.);
#7735 = EDGE_CURVE('',#7736,#7705,#7738,.T.);
#7736 = VERTEX_POINT('',#7737);
#7737 = CARTESIAN_POINT('',(5.,-58.2,30.594117081557));
#7738 = SURFACE_CURVE('',#7739,(#7743,#7749),.PCURVE_S1.);
#7739 = LINE('',#7740,#7741);
#7740 = CARTESIAN_POINT('',(5.,-58.2,30.594117081557));
#7741 = VECTOR('',#7742,1.);
#7742 = DIRECTION('',(-0.,-1.,-0.));
#7743 = PCURVE('',#4807,#7744);
#7744 = DEFINITIONAL_REPRESENTATION('',(#7745),#7748);
#7745 = B_SPLINE_CURVE_WITH_KNOTS('',1,(#7746,#7747),.UNSPECIFIED.,.F.,
  .F.,(2,2),(-0.,1.),.PIECEWISE_BEZIER_KNOTS.);
#7746 = CARTESIAN_POINT('',(-4.874386934956,0.));
#7747 = CARTESIAN_POINT('',(-4.874386934956,1.));
#7748 = ( GEOMETRIC_REPRESENTATION_CONTEXT(2) 
PARAMETRIC_REPRESENTATION_CONTEXT() REPRESENTATION_CONTEXT('2D SPACE',''
  ) );
#7749 = PCURVE('',#5068,#7750);
#7750 = DEFINITIONAL_REPRESENTATION('',(#7751),#7754);
#7751 = B_SPLINE_CURVE_WITH_KNOTS('',1,(#7752,#7753),.UNSPECIFIED.,.F.,
  .F.,(2,2),(-5.999999999062E-07,1.0000006),.PIECEWISE_BEZIER_KNOTS.);
#7752 = CARTESIAN_POINT('',(0.429910277789,19.3000006));
#7753 = CARTESIAN_POINT('',(0.429910277789,18.2999994));
#7754 = ( GEOMETRIC_REPRESENTATION_CONTEXT(2) 
PARAMETRIC_REPRESENTATION_CONTEXT() REPRESENTATION_CONTEXT('2D SPACE',''
  ) );
#7755 = ORIENTED_EDGE('',*,*,#7756,.T.);
#7756 = EDGE_CURVE('',#7736,#5268,#7757,.T.);
#7757 = SURFACE_CURVE('',#7758,(#7763,#7769),.PCURVE_S1.);
#7758 = CIRCLE('',#7759,31.);
#7759 = AXIS2_PLACEMENT_3D('',#7760,#7761,#7762);
#7760 = CARTESIAN_POINT('',(0.,-58.2,0.));
#7761 = DIRECTION('',(-0.,1.,0.));
#7762 = DIRECTION('',(1.,0.,0.));
#7763 = PCURVE('',#4807,#7764);
#7764 = DEFINITIONAL_REPRESENTATION('',(#7765),#7768);
#7765 = B_SPLINE_CURVE_WITH_KNOTS('',1,(#7766,#7767),.UNSPECIFIED.,.F.,
  .F.,(2,2),(4.874386934956,5.522853845522),.PIECEWISE_BEZIER_KNOTS.);
#7766 = CARTESIAN_POINT('',(-4.874386934956,0.));
#7767 = CARTESIAN_POINT('',(-5.522853845522,0.));
#7768 = ( GEOMETRIC_REPRESENTATION_CONTEXT(2) 
PARAMETRIC_REPRESENTATION_CONTEXT() REPRESENTATION_CONTEXT('2D SPACE',''
  ) );
#7769 = PCURVE('',#5097,#7770);
#7770 = DEFINITIONAL_REPRESENTATION('',(#7771),#7775);
#7771 = CIRCLE('',#7772,31.);
#7772 = AXIS2_PLACEMENT_2D('',#7773,#7774);
#7773 = CARTESIAN_POINT('',(0.,0.));
#7774 = DIRECTION('',(1.,-0.));
#7775 = ( GEOMETRIC_REPRESENTATION_CONTEXT(2) 
PARAMETRIC_REPRESENTATION_CONTEXT() REPRESENTATION_CONTEXT('2D SPACE',''
  ) );
#7776 = ORIENTED_EDGE('',*,*,#5295,.T.);
#7777 = ORIENTED_EDGE('',*,*,#7778,.F.);
#7778 = EDGE_CURVE('',#5317,#5296,#7779,.T.);
#7779 = SURFACE_CURVE('',#7780,(#7785,#7791),.PCURVE_S1.);
#7780 = CIRCLE('',#7781,31.);
#7781 = AXIS2_PLACEMENT_3D('',#7782,#7783,#7784);
#7782 = CARTESIAN_POINT('',(0.,-58.57106781186,0.));
#7783 = DIRECTION('',(-0.,-1.,0.));
#7784 = DIRECTION('',(1.,-0.,0.));
#7785 = PCURVE('',#4807,#7786);
#7786 = DEFINITIONAL_REPRESENTATION('',(#7787),#7790);
#7787 = B_SPLINE_CURVE_WITH_KNOTS('',1,(#7788,#7789),.UNSPECIFIED.,.F.,
  .F.,(2,2),(0.513758892298,0.760331461658),.PIECEWISE_BEZIER_KNOTS.);
#7788 = CARTESIAN_POINT('',(-5.769426414881,0.371067811865));
#7789 = CARTESIAN_POINT('',(-5.522853845522,0.371067811865));
#7790 = ( GEOMETRIC_REPRESENTATION_CONTEXT(2) 
PARAMETRIC_REPRESENTATION_CONTEXT() REPRESENTATION_CONTEXT('2D SPACE',''
  ) );
#7791 = PCURVE('',#5333,#7792);
#7792 = DEFINITIONAL_REPRESENTATION('',(#7793),#7797);
#7793 = CIRCLE('',#7794,31.);
#7794 = AXIS2_PLACEMENT_2D('',#7795,#7796);
#7795 = CARTESIAN_POINT('',(-2.27394160388E-14,5.195837694239));
#7796 = DIRECTION('',(-0.233445363856,0.972369920398));
#7797 = ( GEOMETRIC_REPRESENTATION_CONTEXT(2) 
PARAMETRIC_REPRESENTATION_CONTEXT() REPRESENTATION_CONTEXT('2D SPACE',''
  ) );
#7798 = ORIENTED_EDGE('',*,*,#5349,.F.);
#7799 = ORIENTED_EDGE('',*,*,#7800,.F.);
#7800 = EDGE_CURVE('',#5511,#5350,#7801,.T.);
#7801 = SURFACE_CURVE('',#7802,(#7807,#7814),.PCURVE_S1.);
#7802 = CIRCLE('',#7803,31.);
#7803 = AXIS2_PLACEMENT_3D('',#7804,#7805,#7806);
#7804 = CARTESIAN_POINT('',(0.,-58.2,0.));
#7805 = DIRECTION('',(0.,-1.,0.));
#7806 = DIRECTION('',(0.122974206801,0.,-0.992409867173));
#7807 = PCURVE('',#4807,#7808);
#7808 = DEFINITIONAL_REPRESENTATION('',(#7809),#7813);
#7809 = LINE('',#7810,#7811);
#7810 = CARTESIAN_POINT('',(-7.730695349295,0.));
#7811 = VECTOR('',#7812,1.);
#7812 = DIRECTION('',(1.,-0.));
#7813 = ( GEOMETRIC_REPRESENTATION_CONTEXT(2) 
PARAMETRIC_REPRESENTATION_CONTEXT() REPRESENTATION_CONTEXT('2D SPACE',''
  ) );
#7814 = PCURVE('',#5385,#7815);
#7815 = DEFINITIONAL_REPRESENTATION('',(#7816),#7824);
#7816 = ( BOUNDED_CURVE() B_SPLINE_CURVE(2,(#7817,#7818,#7819,#7820,
#7821,#7822,#7823),.UNSPECIFIED.,.T.,.F.) B_SPLINE_CURVE_WITH_KNOTS((1,2
    ,2,2,2,1),(-2.094395102393,0.,2.094395102393,4.188790204786,
6.28318530718,8.377580409573),.UNSPECIFIED.) CURVE() 
GEOMETRIC_REPRESENTATION_ITEM() RATIONAL_B_SPLINE_CURVE((1.,0.5,1.,0.5,
1.,0.5,1.)) REPRESENTATION_ITEM('') );
#7817 = CARTESIAN_POINT('',(3.812200410828,30.764705882353));
#7818 = CARTESIAN_POINT('',(57.098234078976,24.161781082164));
#7819 = CARTESIAN_POINT('',(24.73691662866,-18.68381534127));
#7820 = CARTESIAN_POINT('',(-7.624400821656,-61.5294117647));
#7821 = CARTESIAN_POINT('',(-28.54911703948,-12.08089054108));
#7822 = CARTESIAN_POINT('',(-49.47383325732,37.367630682542));
#7823 = CARTESIAN_POINT('',(3.812200410828,30.764705882353));
#7824 = ( GEOMETRIC_REPRESENTATION_CONTEXT(2) 
PARAMETRIC_REPRESENTATION_CONTEXT() REPRESENTATION_CONTEXT('2D SPACE',''
  ) );
#7825 = ORIENTED_EDGE('',*,*,#5538,.T.);
#7826 = ORIENTED_EDGE('',*,*,#7827,.F.);
#7827 = EDGE_CURVE('',#5560,#5539,#7828,.T.);
#7828 = SURFACE_CURVE('',#7829,(#7834,#7840),.PCURVE_S1.);
#7829 = CIRCLE('',#7830,31.);
#7830 = AXIS2_PLACEMENT_3D('',#7831,#7832,#7833);
#7831 = CARTESIAN_POINT('',(0.,-58.57106781186,0.));
#7832 = DIRECTION('',(-0.,-1.,0.));
#7833 = DIRECTION('',(1.,-0.,0.));
#7834 = PCURVE('',#4807,#7835);
#7835 = DEFINITIONAL_REPRESENTATION('',(#7836),#7839);
#7836 = B_SPLINE_CURVE_WITH_KNOTS('',1,(#7837,#7838),.UNSPECIFIED.,.F.,
  .F.,(2,2),(4.589102695705,4.835675265064),.PIECEWISE_BEZIER_KNOTS.);
#7837 = CARTESIAN_POINT('',(-7.977267918654,0.371067811865));
#7838 = CARTESIAN_POINT('',(-7.730695349295,0.371067811865));
#7839 = ( GEOMETRIC_REPRESENTATION_CONTEXT(2) 
PARAMETRIC_REPRESENTATION_CONTEXT() REPRESENTATION_CONTEXT('2D SPACE',''
  ) );
#7840 = PCURVE('',#5576,#7841);
#7841 = DEFINITIONAL_REPRESENTATION('',(#7842),#7846);
#7842 = CIRCLE('',#7843,31.);
#7843 = AXIS2_PLACEMENT_2D('',#7844,#7845);
#7844 = CARTESIAN_POINT('',(0.766044443119,5.838625303926));
#7845 = DIRECTION('',(-0.642787609687,0.766044443119));
#7846 = ( GEOMETRIC_REPRESENTATION_CONTEXT(2) 
PARAMETRIC_REPRESENTATION_CONTEXT() REPRESENTATION_CONTEXT('2D SPACE',''
  ) );
#7847 = ORIENTED_EDGE('',*,*,#5592,.F.);
#7848 = ORIENTED_EDGE('',*,*,#7630,.T.);
#7849 = ORIENTED_EDGE('',*,*,#4792,.T.);
#7850 = ORIENTED_EDGE('',*,*,#7851,.F.);
#7851 = EDGE_CURVE('',#4819,#4793,#7852,.T.);
#7852 = SURFACE_CURVE('',#7853,(#7858,#7864),.PCURVE_S1.);
#7853 = CIRCLE('',#7854,31.);
#7854 = AXIS2_PLACEMENT_3D('',#7855,#7856,#7857);
#7855 = CARTESIAN_POINT('',(0.,-58.57106781186,0.));
#7856 = DIRECTION('',(-0.,-1.,0.));
#7857 = DIRECTION('',(1.,-0.,0.));
#7858 = PCURVE('',#4807,#7859);
#7859 = DEFINITIONAL_REPRESENTATION('',(#7860),#7863);
#7860 = B_SPLINE_CURVE_WITH_KNOTS('',1,(#7861,#7862),.UNSPECIFIED.,.F.,
  .F.,(2,2),(2.93103990631,3.17761247567),.PIECEWISE_BEZIER_KNOTS.);
#7861 = CARTESIAN_POINT('',(-9.635330708049,0.371067811865));
#7862 = CARTESIAN_POINT('',(-9.388758138689,0.371067811865));
#7863 = ( GEOMETRIC_REPRESENTATION_CONTEXT(2) 
PARAMETRIC_REPRESENTATION_CONTEXT() REPRESENTATION_CONTEXT('2D SPACE',''
  ) );
#7864 = PCURVE('',#4835,#7865);
#7865 = DEFINITIONAL_REPRESENTATION('',(#7866),#7870);
#7866 = CIRCLE('',#7867,31.);
#7867 = AXIS2_PLACEMENT_2D('',#7868,#7869);
#7868 = CARTESIAN_POINT('',(-0.915596579677,5.075297117742));
#7869 = DIRECTION('',(0.258819045103,0.965925826289));
#7870 = ( GEOMETRIC_REPRESENTATION_CONTEXT(2) 
PARAMETRIC_REPRESENTATION_CONTEXT() REPRESENTATION_CONTEXT('2D SPACE',''
  ) );
#7871 = ORIENTED_EDGE('',*,*,#4851,.F.);
#7872 = ORIENTED_EDGE('',*,*,#7657,.T.);
#7873 = ORIENTED_EDGE('',*,*,#7874,.T.);
#7874 = EDGE_CURVE('',#7658,#7707,#7875,.T.);
#7875 = SURFACE_CURVE('',#7876,(#7880,#7886),.PCURVE_S1.);
#7876 = LINE('',#7877,#7878);
#7877 = CARTESIAN_POINT('',(-5.,-58.2,30.594117081557));
#7878 = VECTOR('',#7879,1.);
#7879 = DIRECTION('',(-0.,-1.,-0.));
#7880 = PCURVE('',#4807,#7881);
#7881 = DEFINITIONAL_REPRESENTATION('',(#7882),#7885);
#7882 = B_SPLINE_CURVE_WITH_KNOTS('',1,(#7883,#7884),.UNSPECIFIED.,.F.,
  .F.,(2,2),(0.,1.),.PIECEWISE_BEZIER_KNOTS.);
#7883 = CARTESIAN_POINT('',(-10.83357633299,0.));
#7884 = CARTESIAN_POINT('',(-10.83357633299,1.));
#7885 = ( GEOMETRIC_REPRESENTATION_CONTEXT(2) 
PARAMETRIC_REPRESENTATION_CONTEXT() REPRESENTATION_CONTEXT('2D SPACE',''
  ) );
#7886 = PCURVE('',#4968,#7887);
#7887 = DEFINITIONAL_REPRESENTATION('',(#7888),#7891);
#7888 = B_SPLINE_CURVE_WITH_KNOTS('',1,(#7889,#7890),.UNSPECIFIED.,.F.,
  .F.,(2,2),(-5.999999999062E-07,1.0000006),.PIECEWISE_BEZIER_KNOTS.);
#7889 = CARTESIAN_POINT('',(4.570089722211,19.3000006));
#7890 = CARTESIAN_POINT('',(4.570089722211,18.2999994));
#7891 = ( GEOMETRIC_REPRESENTATION_CONTEXT(2) 
PARAMETRIC_REPRESENTATION_CONTEXT() REPRESENTATION_CONTEXT('2D SPACE',''
  ) );
#7892 = ADVANCED_FACE('',(#7893,#7897),#4835,.T.);
#7893 = FACE_BOUND('',#7894,.T.);
#7894 = EDGE_LOOP('',(#7895,#7896));
#7895 = ORIENTED_EDGE('',*,*,#4818,.F.);
#7896 = ORIENTED_EDGE('',*,*,#7851,.F.);
#7897 = FACE_BOUND('',#7898,.T.);
#7898 = EDGE_LOOP('',(#7899));
#7899 = ORIENTED_EDGE('',*,*,#7900,.T.);
#7900 = EDGE_CURVE('',#7901,#7901,#7903,.T.);
#7901 = VERTEX_POINT('',#7902);
#7902 = CARTESIAN_POINT('',(-32.87061973511,-58.57106781186,
    2.96329525342));
#7903 = SURFACE_CURVE('',#7904,(#7909,#7920),.PCURVE_S1.);
#7904 = CIRCLE('',#7905,1.);
#7905 = AXIS2_PLACEMENT_3D('',#7906,#7907,#7908);
#7906 = CARTESIAN_POINT('',(-33.87061973511,-58.57106781186,
    2.96329525342));
#7907 = DIRECTION('',(0.,1.,0.));
#7908 = DIRECTION('',(-1.,0.,0.));
#7909 = PCURVE('',#4835,#7910);
#7910 = DEFINITIONAL_REPRESENTATION('',(#7911),#7919);
#7911 = ( BOUNDED_CURVE() B_SPLINE_CURVE(2,(#7912,#7913,#7914,#7915,
#7916,#7917,#7918),.UNSPECIFIED.,.T.,.F.) B_SPLINE_CURVE_WITH_KNOTS((1,2
    ,2,2,2,1),(-2.094395102393,0.,2.094395102393,4.188790204786,
6.28318530718,8.377580409573),.UNSPECIFIED.) CURVE() 
GEOMETRIC_REPRESENTATION_ITEM() RATIONAL_B_SPLINE_CURVE((1.,0.5,1.,0.5,
1.,0.5,1.)) REPRESENTATION_ITEM('') );
#7912 = CARTESIAN_POINT('',(-12.80310049785,-27.84017781526));
#7913 = CARTESIAN_POINT('',(-14.47613310532,-27.39189007918));
#7914 = CARTESIAN_POINT('',(-13.25138823393,-26.16714520779));
#7915 = CARTESIAN_POINT('',(-12.02664336254,-24.9424003364));
#7916 = CARTESIAN_POINT('',(-11.57835562646,-26.61543294387));
#7917 = CARTESIAN_POINT('',(-11.13006789037,-28.28846555135));
#7918 = CARTESIAN_POINT('',(-12.80310049785,-27.84017781526));
#7919 = ( GEOMETRIC_REPRESENTATION_CONTEXT(2) 
PARAMETRIC_REPRESENTATION_CONTEXT() REPRESENTATION_CONTEXT('2D SPACE',''
  ) );
#7920 = PCURVE('',#7305,#7921);
#7921 = DEFINITIONAL_REPRESENTATION('',(#7922),#7926);
#7922 = LINE('',#7923,#7924);
#7923 = CARTESIAN_POINT('',(6.28318530718,10.571067811865));
#7924 = VECTOR('',#7925,1.);
#7925 = DIRECTION('',(-1.,0.));
#7926 = ( GEOMETRIC_REPRESENTATION_CONTEXT(2) 
PARAMETRIC_REPRESENTATION_CONTEXT() REPRESENTATION_CONTEXT('2D SPACE',''
  ) );
#7927 = ADVANCED_FACE('',(#7928),#5097,.T.);
#7928 = FACE_BOUND('',#7929,.F.);
#7929 = EDGE_LOOP('',(#7930,#7931,#7932,#7951));
#7930 = ORIENTED_EDGE('',*,*,#5267,.F.);
#7931 = ORIENTED_EDGE('',*,*,#7756,.F.);
#7932 = ORIENTED_EDGE('',*,*,#7933,.T.);
#7933 = EDGE_CURVE('',#7736,#5031,#7934,.T.);
#7934 = SURFACE_CURVE('',#7935,(#7939,#7945),.PCURVE_S1.);
#7935 = LINE('',#7936,#7937);
#7936 = CARTESIAN_POINT('',(5.,-58.2,15.512013679673));
#7937 = VECTOR('',#7938,1.);
#7938 = DIRECTION('',(2.22044604925E-16,0.,-1.));
#7939 = PCURVE('',#5097,#7940);
#7940 = DEFINITIONAL_REPRESENTATION('',(#7941),#7944);
#7941 = B_SPLINE_CURVE_WITH_KNOTS('',1,(#7942,#7943),.UNSPECIFIED.,.F.,
  .F.,(2,2),(-15.48798632032,-13.43033633564),.PIECEWISE_BEZIER_KNOTS.);
#7942 = CARTESIAN_POINT('',(5.,-31.));
#7943 = CARTESIAN_POINT('',(5.,-28.94235001531));
#7944 = ( GEOMETRIC_REPRESENTATION_CONTEXT(2) 
PARAMETRIC_REPRESENTATION_CONTEXT() REPRESENTATION_CONTEXT('2D SPACE',''
  ) );
#7945 = PCURVE('',#5068,#7946);
#7946 = DEFINITIONAL_REPRESENTATION('',(#7947),#7950);
#7947 = B_SPLINE_CURVE_WITH_KNOTS('',1,(#7948,#7949),.UNSPECIFIED.,.F.,
  .F.,(2,2),(-15.48798632032,-13.43033633564),.PIECEWISE_BEZIER_KNOTS.);
#7948 = CARTESIAN_POINT('',(2.40273593462E-02,19.3));
#7949 = CARTESIAN_POINT('',(2.081677344028,19.3));
#7950 = ( GEOMETRIC_REPRESENTATION_CONTEXT(2) 
PARAMETRIC_REPRESENTATION_CONTEXT() REPRESENTATION_CONTEXT('2D SPACE',''
  ) );
#7951 = ORIENTED_EDGE('',*,*,#5080,.T.);
#7952 = ADVANCED_FACE('',(#7953),#5068,.T.);
#7953 = FACE_BOUND('',#7954,.T.);
#7954 = EDGE_LOOP('',(#7955,#7956,#7979,#7999,#8000));
#7955 = ORIENTED_EDGE('',*,*,#5030,.F.);
#7956 = ORIENTED_EDGE('',*,*,#7957,.F.);
#7957 = EDGE_CURVE('',#7958,#4981,#7960,.T.);
#7958 = VERTEX_POINT('',#7959);
#7959 = CARTESIAN_POINT('',(5.,-59.2,31.024027359346));
#7960 = SURFACE_CURVE('',#7961,(#7965,#7972),.PCURVE_S1.);
#7961 = LINE('',#7962,#7963);
#7962 = CARTESIAN_POINT('',(5.,-77.5,31.024027359346));
#7963 = VECTOR('',#7964,1.);
#7964 = DIRECTION('',(0.,1.,0.));
#7965 = PCURVE('',#5068,#7966);
#7966 = DEFINITIONAL_REPRESENTATION('',(#7967),#7971);
#7967 = LINE('',#7968,#7969);
#7968 = CARTESIAN_POINT('',(0.,0.));
#7969 = VECTOR('',#7970,1.);
#7970 = DIRECTION('',(0.,1.));
#7971 = ( GEOMETRIC_REPRESENTATION_CONTEXT(2) 
PARAMETRIC_REPRESENTATION_CONTEXT() REPRESENTATION_CONTEXT('2D SPACE',''
  ) );
#7972 = PCURVE('',#5018,#7973);
#7973 = DEFINITIONAL_REPRESENTATION('',(#7974),#7978);
#7974 = LINE('',#7975,#7976);
#7975 = CARTESIAN_POINT('',(10.,0.));
#7976 = VECTOR('',#7977,1.);
#7977 = DIRECTION('',(0.,1.));
#7978 = ( GEOMETRIC_REPRESENTATION_CONTEXT(2) 
PARAMETRIC_REPRESENTATION_CONTEXT() REPRESENTATION_CONTEXT('2D SPACE',''
  ) );
#7979 = ORIENTED_EDGE('',*,*,#7980,.F.);
#7980 = EDGE_CURVE('',#7705,#7958,#7981,.T.);
#7981 = SURFACE_CURVE('',#7982,(#7986,#7992),.PCURVE_S1.);
#7982 = LINE('',#7983,#7984);
#7983 = CARTESIAN_POINT('',(5.,-59.2,-84.48798632032));
#7984 = VECTOR('',#7985,1.);
#7985 = DIRECTION('',(-2.22044604925E-16,-0.,1.));
#7986 = PCURVE('',#5068,#7987);
#7987 = DEFINITIONAL_REPRESENTATION('',(#7988),#7991);
#7988 = B_SPLINE_CURVE_WITH_KNOTS('',1,(#7989,#7990),.UNSPECIFIED.,.F.,
  .F.,(2,2),(110.51201367967,115.51201367967),.PIECEWISE_BEZIER_KNOTS.);
#7989 = CARTESIAN_POINT('',(5.,18.3));
#7990 = CARTESIAN_POINT('',(0.,18.3));
#7991 = ( GEOMETRIC_REPRESENTATION_CONTEXT(2) 
PARAMETRIC_REPRESENTATION_CONTEXT() REPRESENTATION_CONTEXT('2D SPACE',''
  ) );
#7992 = PCURVE('',#7723,#7993);
#7993 = DEFINITIONAL_REPRESENTATION('',(#7994),#7998);
#7994 = LINE('',#7995,#7996);
#7995 = CARTESIAN_POINT('',(5.,84.487986320327));
#7996 = VECTOR('',#7997,1.);
#7997 = DIRECTION('',(-2.22044604925E-16,-1.));
#7998 = ( GEOMETRIC_REPRESENTATION_CONTEXT(2) 
PARAMETRIC_REPRESENTATION_CONTEXT() REPRESENTATION_CONTEXT('2D SPACE',''
  ) );
#7999 = ORIENTED_EDGE('',*,*,#7735,.F.);
#8000 = ORIENTED_EDGE('',*,*,#7933,.T.);
#8001 = ADVANCED_FACE('',(#8002),#5018,.T.);
#8002 = FACE_BOUND('',#8003,.T.);
#8003 = EDGE_LOOP('',(#8004,#8026,#8027,#8028));
#8004 = ORIENTED_EDGE('',*,*,#8005,.F.);
#8005 = EDGE_CURVE('',#7958,#8006,#8008,.T.);
#8006 = VERTEX_POINT('',#8007);
#8007 = CARTESIAN_POINT('',(-5.,-59.2,31.024027359346));
#8008 = SURFACE_CURVE('',#8009,(#8013,#8019),.PCURVE_S1.);
#8009 = LINE('',#8010,#8011);
#8010 = CARTESIAN_POINT('',(-102.5,-59.2,31.024027359346));
#8011 = VECTOR('',#8012,1.);
#8012 = DIRECTION('',(-1.,-0.,0.));
#8013 = PCURVE('',#5018,#8014);
#8014 = DEFINITIONAL_REPRESENTATION('',(#8015),#8018);
#8015 = B_SPLINE_CURVE_WITH_KNOTS('',1,(#8016,#8017),.UNSPECIFIED.,.F.,
  .F.,(2,2),(-107.5,-97.5),.PIECEWISE_BEZIER_KNOTS.);
#8016 = CARTESIAN_POINT('',(10.,18.3));
#8017 = CARTESIAN_POINT('',(0.,18.3));
#8018 = ( GEOMETRIC_REPRESENTATION_CONTEXT(2) 
PARAMETRIC_REPRESENTATION_CONTEXT() REPRESENTATION_CONTEXT('2D SPACE',''
  ) );
#8019 = PCURVE('',#7723,#8020);
#8020 = DEFINITIONAL_REPRESENTATION('',(#8021),#8025);
#8021 = LINE('',#8022,#8023);
#8022 = CARTESIAN_POINT('',(-102.5,-31.02402735934));
#8023 = VECTOR('',#8024,1.);
#8024 = DIRECTION('',(-1.,-0.));
#8025 = ( GEOMETRIC_REPRESENTATION_CONTEXT(2) 
PARAMETRIC_REPRESENTATION_CONTEXT() REPRESENTATION_CONTEXT('2D SPACE',''
  ) );
#8026 = ORIENTED_EDGE('',*,*,#7957,.T.);
#8027 = ORIENTED_EDGE('',*,*,#4980,.F.);
#8028 = ORIENTED_EDGE('',*,*,#8029,.F.);
#8029 = EDGE_CURVE('',#8006,#4931,#8030,.T.);
#8030 = SURFACE_CURVE('',#8031,(#8035,#8042),.PCURVE_S1.);
#8031 = LINE('',#8032,#8033);
#8032 = CARTESIAN_POINT('',(-5.,-77.5,31.024027359346));
#8033 = VECTOR('',#8034,1.);
#8034 = DIRECTION('',(0.,1.,0.));
#8035 = PCURVE('',#5018,#8036);
#8036 = DEFINITIONAL_REPRESENTATION('',(#8037),#8041);
#8037 = LINE('',#8038,#8039);
#8038 = CARTESIAN_POINT('',(0.,0.));
#8039 = VECTOR('',#8040,1.);
#8040 = DIRECTION('',(0.,1.));
#8041 = ( GEOMETRIC_REPRESENTATION_CONTEXT(2) 
PARAMETRIC_REPRESENTATION_CONTEXT() REPRESENTATION_CONTEXT('2D SPACE',''
  ) );
#8042 = PCURVE('',#4968,#8043);
#8043 = DEFINITIONAL_REPRESENTATION('',(#8044),#8048);
#8044 = LINE('',#8045,#8046);
#8045 = CARTESIAN_POINT('',(5.,0.));
#8046 = VECTOR('',#8047,1.);
#8047 = DIRECTION('',(0.,1.));
#8048 = ( GEOMETRIC_REPRESENTATION_CONTEXT(2) 
PARAMETRIC_REPRESENTATION_CONTEXT() REPRESENTATION_CONTEXT('2D SPACE',''
  ) );
#8049 = ADVANCED_FACE('',(#8050),#4968,.T.);
#8050 = FACE_BOUND('',#8051,.T.);
#8051 = EDGE_LOOP('',(#8052,#8053,#8073,#8074,#8075));
#8052 = ORIENTED_EDGE('',*,*,#7874,.T.);
#8053 = ORIENTED_EDGE('',*,*,#8054,.F.);
#8054 = EDGE_CURVE('',#8006,#7707,#8055,.T.);
#8055 = SURFACE_CURVE('',#8056,(#8060,#8066),.PCURVE_S1.);
#8056 = LINE('',#8057,#8058);
#8057 = CARTESIAN_POINT('',(-5.,-59.2,-86.98798632032));
#8058 = VECTOR('',#8059,1.);
#8059 = DIRECTION('',(-2.22044604925E-16,0.,-1.));
#8060 = PCURVE('',#4968,#8061);
#8061 = DEFINITIONAL_REPRESENTATION('',(#8062),#8065);
#8062 = B_SPLINE_CURVE_WITH_KNOTS('',1,(#8063,#8064),.UNSPECIFIED.,.F.,
  .F.,(2,2),(-118.0120136796,-113.0120136796),.PIECEWISE_BEZIER_KNOTS.);
#8063 = CARTESIAN_POINT('',(5.,18.3));
#8064 = CARTESIAN_POINT('',(0.,18.3));
#8065 = ( GEOMETRIC_REPRESENTATION_CONTEXT(2) 
PARAMETRIC_REPRESENTATION_CONTEXT() REPRESENTATION_CONTEXT('2D SPACE',''
  ) );
#8066 = PCURVE('',#7723,#8067);
#8067 = DEFINITIONAL_REPRESENTATION('',(#8068),#8072);
#8068 = LINE('',#8069,#8070);
#8069 = CARTESIAN_POINT('',(-5.,86.987986320327));
#8070 = VECTOR('',#8071,1.);
#8071 = DIRECTION('',(-2.22044604925E-16,1.));
#8072 = ( GEOMETRIC_REPRESENTATION_CONTEXT(2) 
PARAMETRIC_REPRESENTATION_CONTEXT() REPRESENTATION_CONTEXT('2D SPACE',''
  ) );
#8073 = ORIENTED_EDGE('',*,*,#8029,.T.);
#8074 = ORIENTED_EDGE('',*,*,#4930,.F.);
#8075 = ORIENTED_EDGE('',*,*,#7682,.T.);
#8076 = ADVANCED_FACE('',(#8077),#5385,.T.);
#8077 = FACE_BOUND('',#8078,.F.);
#8078 = EDGE_LOOP('',(#8079,#8080,#8081,#8082));
#8079 = ORIENTED_EDGE('',*,*,#7800,.T.);
#8080 = ORIENTED_EDGE('',*,*,#5370,.F.);
#8081 = ORIENTED_EDGE('',*,*,#5405,.T.);
#8082 = ORIENTED_EDGE('',*,*,#5510,.F.);
#8083 = ADVANCED_FACE('',(#8084,#8088),#5333,.T.);
#8084 = FACE_BOUND('',#8085,.T.);
#8085 = EDGE_LOOP('',(#8086,#8087));
#8086 = ORIENTED_EDGE('',*,*,#5316,.F.);
#8087 = ORIENTED_EDGE('',*,*,#7778,.F.);
#8088 = FACE_BOUND('',#8089,.T.);
#8089 = EDGE_LOOP('',(#8090));
#8090 = ORIENTED_EDGE('',*,*,#8091,.T.);
#8091 = EDGE_CURVE('',#8092,#8092,#8094,.T.);
#8092 = VERTEX_POINT('',#8093);
#8093 = CARTESIAN_POINT('',(28.324705116662,-58.57106781186,
    20.337177963314));
#8094 = SURFACE_CURVE('',#8095,(#8100,#8111),.PCURVE_S1.);
#8095 = CIRCLE('',#8096,1.);
#8096 = AXIS2_PLACEMENT_3D('',#8097,#8098,#8099);
#8097 = CARTESIAN_POINT('',(27.331133260985,-58.57106781186,
    20.223974749546));
#8098 = DIRECTION('',(0.,1.,0.));
#8099 = DIRECTION('',(-0.993571855677,0.,-0.113203213768));
#8100 = PCURVE('',#5333,#8101);
#8101 = DEFINITIONAL_REPRESENTATION('',(#8102),#8110);
#8102 = ( BOUNDED_CURVE() B_SPLINE_CURVE(2,(#8103,#8104,#8105,#8106,
#8107,#8108,#8109),.UNSPECIFIED.,.T.,.F.) B_SPLINE_CURVE_WITH_KNOTS((1,2
    ,2,2,2,1),(-2.094395102393,0.,2.094395102393,4.188790204786,
6.28318530718,8.377580409573),.UNSPECIFIED.) CURVE() 
GEOMETRIC_REPRESENTATION_ITEM() RATIONAL_B_SPLINE_CURVE((1.,0.5,1.,0.5,
1.,0.5,1.)) REPRESENTATION_ITEM('') );
#8103 = CARTESIAN_POINT('',(-25.70349092272,26.110923802795));
#8104 = CARTESIAN_POINT('',(-27.33108628541,25.518527537343));
#8105 = CARTESIAN_POINT('',(-27.03031881905,27.224264601248));
#8106 = CARTESIAN_POINT('',(-26.72955135269,28.930001665153));
#8107 = CARTESIAN_POINT('',(-25.40272345635,27.8166608667));
#8108 = CARTESIAN_POINT('',(-24.07589556002,26.703320068248));
#8109 = CARTESIAN_POINT('',(-25.70349092272,26.110923802795));
#8110 = ( GEOMETRIC_REPRESENTATION_CONTEXT(2) 
PARAMETRIC_REPRESENTATION_CONTEXT() REPRESENTATION_CONTEXT('2D SPACE',''
  ) );
#8111 = PCURVE('',#5997,#8112);
#8112 = DEFINITIONAL_REPRESENTATION('',(#8113),#8117);
#8113 = LINE('',#8114,#8115);
#8114 = CARTESIAN_POINT('',(12.566370614359,10.571067811865));
#8115 = VECTOR('',#8116,1.);
#8116 = DIRECTION('',(-1.,0.));
#8117 = ( GEOMETRIC_REPRESENTATION_CONTEXT(2) 
PARAMETRIC_REPRESENTATION_CONTEXT() REPRESENTATION_CONTEXT('2D SPACE',''
  ) );
#8118 = ADVANCED_FACE('',(#8119,#8123),#5576,.T.);
#8119 = FACE_BOUND('',#8120,.T.);
#8120 = EDGE_LOOP('',(#8121,#8122));
#8121 = ORIENTED_EDGE('',*,*,#5559,.F.);
#8122 = ORIENTED_EDGE('',*,*,#7827,.F.);
#8123 = FACE_BOUND('',#8124,.T.);
#8124 = EDGE_LOOP('',(#8125));
#8125 = ORIENTED_EDGE('',*,*,#8126,.T.);
#8126 = EDGE_CURVE('',#8127,#8127,#8129,.T.);
#8127 = VERTEX_POINT('',#8128);
#8128 = CARTESIAN_POINT('',(1.,-58.57106781186,-34.));
#8129 = SURFACE_CURVE('',#8130,(#8135,#8146),.PCURVE_S1.);
#8130 = CIRCLE('',#8131,1.);
#8131 = AXIS2_PLACEMENT_3D('',#8132,#8133,#8134);
#8132 = CARTESIAN_POINT('',(-3.330669073875E-14,-58.57106781186,-34.));
#8133 = DIRECTION('',(0.,1.,0.));
#8134 = DIRECTION('',(-1.,0.,0.));
#8135 = PCURVE('',#5576,#8136);
#8136 = DEFINITIONAL_REPRESENTATION('',(#8137),#8145);
#8137 = ( BOUNDED_CURVE() B_SPLINE_CURVE(2,(#8138,#8139,#8140,#8141,
#8142,#8143,#8144),.UNSPECIFIED.,.T.,.F.) B_SPLINE_CURVE_WITH_KNOTS((1,2
    ,2,2,2,1),(-2.094395102393,0.,2.094395102393,4.188790204786,
6.28318530718,8.377580409573),.UNSPECIFIED.) CURVE() 
GEOMETRIC_REPRESENTATION_ITEM() RATIONAL_B_SPLINE_CURVE((1.,0.5,1.,0.5,
1.,0.5,1.)) REPRESENTATION_ITEM('') );
#8138 = CARTESIAN_POINT('',(27.454343118851,26.927359590149));
#8139 = CARTESIAN_POINT('',(26.127515222513,25.814018791696));
#8140 = CARTESIAN_POINT('',(25.826747756152,27.519755855601));
#8141 = CARTESIAN_POINT('',(25.525980289791,29.225492919506));
#8142 = CARTESIAN_POINT('',(27.15357565249,28.633096654054));
#8143 = CARTESIAN_POINT('',(28.781171015189,28.040700388602));
#8144 = CARTESIAN_POINT('',(27.454343118851,26.927359590149));
#8145 = ( GEOMETRIC_REPRESENTATION_CONTEXT(2) 
PARAMETRIC_REPRESENTATION_CONTEXT() REPRESENTATION_CONTEXT('2D SPACE',''
  ) );
#8146 = PCURVE('',#6662,#8147);
#8147 = DEFINITIONAL_REPRESENTATION('',(#8148),#8152);
#8148 = LINE('',#8149,#8150);
#8149 = CARTESIAN_POINT('',(6.28318530718,10.571067811865));
#8150 = VECTOR('',#8151,1.);
#8151 = DIRECTION('',(-1.,0.));
#8152 = ( GEOMETRIC_REPRESENTATION_CONTEXT(2) 
PARAMETRIC_REPRESENTATION_CONTEXT() REPRESENTATION_CONTEXT('2D SPACE',''
  ) );
#8153 = ADVANCED_FACE('',(#8154),#5682,.F.);
#8154 = FACE_BOUND('',#8155,.F.);
#8155 = EDGE_LOOP('',(#8156,#8157,#8158,#8159));
#8156 = ORIENTED_EDGE('',*,*,#6283,.T.);
#8157 = ORIENTED_EDGE('',*,*,#5790,.T.);
#8158 = ORIENTED_EDGE('',*,*,#5741,.F.);
#8159 = ORIENTED_EDGE('',*,*,#5665,.T.);
#8160 = ADVANCED_FACE('',(#8161),#5874,.F.);
#8161 = FACE_BOUND('',#8162,.F.);
#8162 = EDGE_LOOP('',(#8163,#8164,#8165,#8166));
#8163 = ORIENTED_EDGE('',*,*,#6180,.T.);
#8164 = ORIENTED_EDGE('',*,*,#5857,.T.);
#8165 = ORIENTED_EDGE('',*,*,#6258,.F.);
#8166 = ORIENTED_EDGE('',*,*,#6208,.T.);
#8167 = ADVANCED_FACE('',(#8168),#5946,.F.);
#8168 = FACE_BOUND('',#8169,.F.);
#8169 = EDGE_LOOP('',(#8170,#8171,#8172,#8173));
#8170 = ORIENTED_EDGE('',*,*,#6056,.T.);
#8171 = ORIENTED_EDGE('',*,*,#5929,.T.);
#8172 = ORIENTED_EDGE('',*,*,#6134,.F.);
#8173 = ORIENTED_EDGE('',*,*,#6084,.T.);
#8174 = ADVANCED_FACE('',(#8175),#5997,.F.);
#8175 = FACE_BOUND('',#8176,.F.);
#8176 = EDGE_LOOP('',(#8177,#8198,#8199,#8200,#8201));
#8177 = ORIENTED_EDGE('',*,*,#8178,.T.);
#8178 = EDGE_CURVE('',#5981,#8092,#8179,.T.);
#8179 = SEAM_CURVE('',#8180,(#8184,#8191),.PCURVE_S1.);
#8180 = LINE('',#8181,#8182);
#8181 = CARTESIAN_POINT('',(28.324705116662,-48.,20.337177963314));
#8182 = VECTOR('',#8183,1.);
#8183 = DIRECTION('',(0.,-1.,0.));
#8184 = PCURVE('',#5997,#8185);
#8185 = DEFINITIONAL_REPRESENTATION('',(#8186),#8190);
#8186 = LINE('',#8187,#8188);
#8187 = CARTESIAN_POINT('',(9.424777960769,0.));
#8188 = VECTOR('',#8189,1.);
#8189 = DIRECTION('',(0.,1.));
#8190 = ( GEOMETRIC_REPRESENTATION_CONTEXT(2) 
PARAMETRIC_REPRESENTATION_CONTEXT() REPRESENTATION_CONTEXT('2D SPACE',''
  ) );
#8191 = PCURVE('',#5997,#8192);
#8192 = DEFINITIONAL_REPRESENTATION('',(#8193),#8197);
#8193 = LINE('',#8194,#8195);
#8194 = CARTESIAN_POINT('',(3.14159265359,0.));
#8195 = VECTOR('',#8196,1.);
#8196 = DIRECTION('',(0.,1.));
#8197 = ( GEOMETRIC_REPRESENTATION_CONTEXT(2) 
PARAMETRIC_REPRESENTATION_CONTEXT() REPRESENTATION_CONTEXT('2D SPACE',''
  ) );
#8198 = ORIENTED_EDGE('',*,*,#8091,.T.);
#8199 = ORIENTED_EDGE('',*,*,#8178,.F.);
#8200 = ORIENTED_EDGE('',*,*,#5980,.F.);
#8201 = ORIENTED_EDGE('',*,*,#6009,.F.);
#8202 = ADVANCED_FACE('',(#8203),#6349,.F.);
#8203 = FACE_BOUND('',#8204,.F.);
#8204 = EDGE_LOOP('',(#8205,#8206,#8207,#8208));
#8205 = ORIENTED_EDGE('',*,*,#6926,.T.);
#8206 = ORIENTED_EDGE('',*,*,#6529,.T.);
#8207 = ORIENTED_EDGE('',*,*,#6408,.F.);
#8208 = ORIENTED_EDGE('',*,*,#6332,.T.);
#8209 = ADVANCED_FACE('',(#8210),#6495,.F.);
#8210 = FACE_BOUND('',#8211,.F.);
#8211 = EDGE_LOOP('',(#8212,#8213,#8214,#8215));
#8212 = ORIENTED_EDGE('',*,*,#6699,.T.);
#8213 = ORIENTED_EDGE('',*,*,#6478,.T.);
#8214 = ORIENTED_EDGE('',*,*,#6777,.F.);
#8215 = ORIENTED_EDGE('',*,*,#6727,.T.);
#8216 = ADVANCED_FACE('',(#8217),#6613,.F.);
#8217 = FACE_BOUND('',#8218,.F.);
#8218 = EDGE_LOOP('',(#8219,#8220,#8221,#8222));
#8219 = ORIENTED_EDGE('',*,*,#6823,.T.);
#8220 = ORIENTED_EDGE('',*,*,#6596,.T.);
#8221 = ORIENTED_EDGE('',*,*,#6901,.F.);
#8222 = ORIENTED_EDGE('',*,*,#6851,.T.);
#8223 = ADVANCED_FACE('',(#8224),#6662,.F.);
#8224 = FACE_BOUND('',#8225,.F.);
#8225 = EDGE_LOOP('',(#8226,#8247,#8248,#8249));
#8226 = ORIENTED_EDGE('',*,*,#8227,.T.);
#8227 = EDGE_CURVE('',#6433,#8127,#8228,.T.);
#8228 = SEAM_CURVE('',#8229,(#8233,#8240),.PCURVE_S1.);
#8229 = LINE('',#8230,#8231);
#8230 = CARTESIAN_POINT('',(1.,-48.,-34.));
#8231 = VECTOR('',#8232,1.);
#8232 = DIRECTION('',(0.,-1.,0.));
#8233 = PCURVE('',#6662,#8234);
#8234 = DEFINITIONAL_REPRESENTATION('',(#8235),#8239);
#8235 = LINE('',#8236,#8237);
#8236 = CARTESIAN_POINT('',(3.14159265359,0.));
#8237 = VECTOR('',#8238,1.);
#8238 = DIRECTION('',(0.,1.));
#8239 = ( GEOMETRIC_REPRESENTATION_CONTEXT(2) 
PARAMETRIC_REPRESENTATION_CONTEXT() REPRESENTATION_CONTEXT('2D SPACE',''
  ) );
#8240 = PCURVE('',#6662,#8241);
#8241 = DEFINITIONAL_REPRESENTATION('',(#8242),#8246);
#8242 = LINE('',#8243,#8244);
#8243 = CARTESIAN_POINT('',(-3.14159265359,0.));
#8244 = VECTOR('',#8245,1.);
#8245 = DIRECTION('',(0.,1.));
#8246 = ( GEOMETRIC_REPRESENTATION_CONTEXT(2) 
PARAMETRIC_REPRESENTATION_CONTEXT() REPRESENTATION_CONTEXT('2D SPACE',''
  ) );
#8247 = ORIENTED_EDGE('',*,*,#8126,.T.);
#8248 = ORIENTED_EDGE('',*,*,#8227,.F.);
#8249 = ORIENTED_EDGE('',*,*,#6647,.F.);
#8250 = ADVANCED_FACE('',(#8251),#6992,.F.);
#8251 = FACE_BOUND('',#8252,.F.);
#8252 = EDGE_LOOP('',(#8253,#8254,#8255,#8256));
#8253 = ORIENTED_EDGE('',*,*,#7569,.T.);
#8254 = ORIENTED_EDGE('',*,*,#7100,.T.);
#8255 = ORIENTED_EDGE('',*,*,#7051,.F.);
#8256 = ORIENTED_EDGE('',*,*,#6975,.T.);
#8257 = ADVANCED_FACE('',(#8258),#7184,.F.);
#8258 = FACE_BOUND('',#8259,.F.);
#8259 = EDGE_LOOP('',(#8260,#8261,#8262,#8263));
#8260 = ORIENTED_EDGE('',*,*,#7466,.T.);
#8261 = ORIENTED_EDGE('',*,*,#7167,.T.);
#8262 = ORIENTED_EDGE('',*,*,#7544,.F.);
#8263 = ORIENTED_EDGE('',*,*,#7494,.T.);
#8264 = ADVANCED_FACE('',(#8265),#7256,.F.);
#8265 = FACE_BOUND('',#8266,.F.);
#8266 = EDGE_LOOP('',(#8267,#8268,#8269,#8270));
#8267 = ORIENTED_EDGE('',*,*,#7342,.T.);
#8268 = ORIENTED_EDGE('',*,*,#7239,.T.);
#8269 = ORIENTED_EDGE('',*,*,#7420,.F.);
#8270 = ORIENTED_EDGE('',*,*,#7370,.T.);
#8271 = ADVANCED_FACE('',(#8272),#7305,.F.);
#8272 = FACE_BOUND('',#8273,.F.);
#8273 = EDGE_LOOP('',(#8274,#8295,#8296,#8297));
#8274 = ORIENTED_EDGE('',*,*,#8275,.T.);
#8275 = EDGE_CURVE('',#7076,#7901,#8276,.T.);
#8276 = SEAM_CURVE('',#8277,(#8281,#8288),.PCURVE_S1.);
#8277 = LINE('',#8278,#8279);
#8278 = CARTESIAN_POINT('',(-32.87061973511,-48.,2.96329525342));
#8279 = VECTOR('',#8280,1.);
#8280 = DIRECTION('',(0.,-1.,0.));
#8281 = PCURVE('',#7305,#8282);
#8282 = DEFINITIONAL_REPRESENTATION('',(#8283),#8287);
#8283 = LINE('',#8284,#8285);
#8284 = CARTESIAN_POINT('',(3.14159265359,0.));
#8285 = VECTOR('',#8286,1.);
#8286 = DIRECTION('',(0.,1.));
#8287 = ( GEOMETRIC_REPRESENTATION_CONTEXT(2) 
PARAMETRIC_REPRESENTATION_CONTEXT() REPRESENTATION_CONTEXT('2D SPACE',''
  ) );
#8288 = PCURVE('',#7305,#8289);
#8289 = DEFINITIONAL_REPRESENTATION('',(#8290),#8294);
#8290 = LINE('',#8291,#8292);
#8291 = CARTESIAN_POINT('',(-3.14159265359,0.));
#8292 = VECTOR('',#8293,1.);
#8293 = DIRECTION('',(0.,1.));
#8294 = ( GEOMETRIC_REPRESENTATION_CONTEXT(2) 
PARAMETRIC_REPRESENTATION_CONTEXT() REPRESENTATION_CONTEXT('2D SPACE',''
  ) );
#8295 = ORIENTED_EDGE('',*,*,#7900,.T.);
#8296 = ORIENTED_EDGE('',*,*,#8275,.F.);
#8297 = ORIENTED_EDGE('',*,*,#7290,.F.);
#8298 = ADVANCED_FACE('',(#8299),#7612,.T.);
#8299 = FACE_BOUND('',#8300,.F.);
#8300 = EDGE_LOOP('',(#8301,#8330,#8351,#8352));
#8301 = ORIENTED_EDGE('',*,*,#8302,.T.);
#8302 = EDGE_CURVE('',#8303,#8303,#8305,.T.);
#8303 = VERTEX_POINT('',#8304);
#8304 = CARTESIAN_POINT('',(29.6,-68.2,0.));
#8305 = SURFACE_CURVE('',#8306,(#8311,#8318),.PCURVE_S1.);
#8306 = CIRCLE('',#8307,29.6);
#8307 = AXIS2_PLACEMENT_3D('',#8308,#8309,#8310);
#8308 = CARTESIAN_POINT('',(0.,-68.2,0.));
#8309 = DIRECTION('',(-0.,1.,0.));
#8310 = DIRECTION('',(1.,0.,0.));
#8311 = PCURVE('',#7612,#8312);
#8312 = DEFINITIONAL_REPRESENTATION('',(#8313),#8317);
#8313 = LINE('',#8314,#8315);
#8314 = CARTESIAN_POINT('',(-0.,0.));
#8315 = VECTOR('',#8316,1.);
#8316 = DIRECTION('',(-1.,0.));
#8317 = ( GEOMETRIC_REPRESENTATION_CONTEXT(2) 
PARAMETRIC_REPRESENTATION_CONTEXT() REPRESENTATION_CONTEXT('2D SPACE',''
  ) );
#8318 = PCURVE('',#8319,#8324);
#8319 = PLANE('',#8320);
#8320 = AXIS2_PLACEMENT_3D('',#8321,#8322,#8323);
#8321 = CARTESIAN_POINT('',(0.,-68.2,0.));
#8322 = DIRECTION('',(0.,1.,0.));
#8323 = DIRECTION('',(1.,0.,0.));
#8324 = DEFINITIONAL_REPRESENTATION('',(#8325),#8329);
#8325 = CIRCLE('',#8326,29.6);
#8326 = AXIS2_PLACEMENT_2D('',#8327,#8328);
#8327 = CARTESIAN_POINT('',(0.,0.));
#8328 = DIRECTION('',(1.,-0.));
#8329 = ( GEOMETRIC_REPRESENTATION_CONTEXT(2) 
PARAMETRIC_REPRESENTATION_CONTEXT() REPRESENTATION_CONTEXT('2D SPACE',''
  ) );
#8330 = ORIENTED_EDGE('',*,*,#8331,.T.);
#8331 = EDGE_CURVE('',#8303,#7596,#8332,.T.);
#8332 = SEAM_CURVE('',#8333,(#8337,#8344),.PCURVE_S1.);
#8333 = LINE('',#8334,#8335);
#8334 = CARTESIAN_POINT('',(29.6,-68.2,0.));
#8335 = VECTOR('',#8336,1.);
#8336 = DIRECTION('',(0.,-1.,0.));
#8337 = PCURVE('',#7612,#8338);
#8338 = DEFINITIONAL_REPRESENTATION('',(#8339),#8343);
#8339 = LINE('',#8340,#8341);
#8340 = CARTESIAN_POINT('',(-0.,0.));
#8341 = VECTOR('',#8342,1.);
#8342 = DIRECTION('',(-0.,1.));
#8343 = ( GEOMETRIC_REPRESENTATION_CONTEXT(2) 
PARAMETRIC_REPRESENTATION_CONTEXT() REPRESENTATION_CONTEXT('2D SPACE',''
  ) );
#8344 = PCURVE('',#7612,#8345);
#8345 = DEFINITIONAL_REPRESENTATION('',(#8346),#8350);
#8346 = LINE('',#8347,#8348);
#8347 = CARTESIAN_POINT('',(-6.28318530718,0.));
#8348 = VECTOR('',#8349,1.);
#8349 = DIRECTION('',(-0.,1.));
#8350 = ( GEOMETRIC_REPRESENTATION_CONTEXT(2) 
PARAMETRIC_REPRESENTATION_CONTEXT() REPRESENTATION_CONTEXT('2D SPACE',''
  ) );
#8351 = ORIENTED_EDGE('',*,*,#7595,.F.);
#8352 = ORIENTED_EDGE('',*,*,#8331,.F.);
#8353 = ADVANCED_FACE('',(#8354,#8360),#7723,.F.);
#8354 = FACE_BOUND('',#8355,.F.);
#8355 = EDGE_LOOP('',(#8356,#8357,#8358,#8359));
#8356 = ORIENTED_EDGE('',*,*,#7704,.T.);
#8357 = ORIENTED_EDGE('',*,*,#8054,.F.);
#8358 = ORIENTED_EDGE('',*,*,#8005,.F.);
#8359 = ORIENTED_EDGE('',*,*,#7980,.F.);
#8360 = FACE_BOUND('',#8361,.F.);
#8361 = EDGE_LOOP('',(#8362));
#8362 = ORIENTED_EDGE('',*,*,#8363,.F.);
#8363 = EDGE_CURVE('',#8364,#8364,#8366,.T.);
#8364 = VERTEX_POINT('',#8365);
#8365 = CARTESIAN_POINT('',(29.2,-59.2,0.));
#8366 = SURFACE_CURVE('',#8367,(#8372,#8379),.PCURVE_S1.);
#8367 = CIRCLE('',#8368,29.2);
#8368 = AXIS2_PLACEMENT_3D('',#8369,#8370,#8371);
#8369 = CARTESIAN_POINT('',(0.,-59.2,0.));
#8370 = DIRECTION('',(-0.,1.,0.));
#8371 = DIRECTION('',(1.,0.,0.));
#8372 = PCURVE('',#7723,#8373);
#8373 = DEFINITIONAL_REPRESENTATION('',(#8374),#8378);
#8374 = CIRCLE('',#8375,29.2);
#8375 = AXIS2_PLACEMENT_2D('',#8376,#8377);
#8376 = CARTESIAN_POINT('',(0.,0.));
#8377 = DIRECTION('',(1.,0.));
#8378 = ( GEOMETRIC_REPRESENTATION_CONTEXT(2) 
PARAMETRIC_REPRESENTATION_CONTEXT() REPRESENTATION_CONTEXT('2D SPACE',''
  ) );
#8379 = PCURVE('',#8380,#8385);
#8380 = CYLINDRICAL_SURFACE('',#8381,29.2);
#8381 = AXIS2_PLACEMENT_3D('',#8382,#8383,#8384);
#8382 = CARTESIAN_POINT('',(0.,-59.2,0.));
#8383 = DIRECTION('',(-0.,-1.,-0.));
#8384 = DIRECTION('',(1.,-0.,0.));
#8385 = DEFINITIONAL_REPRESENTATION('',(#8386),#8390);
#8386 = LINE('',#8387,#8388);
#8387 = CARTESIAN_POINT('',(-0.,0.));
#8388 = VECTOR('',#8389,1.);
#8389 = DIRECTION('',(-1.,0.));
#8390 = ( GEOMETRIC_REPRESENTATION_CONTEXT(2) 
PARAMETRIC_REPRESENTATION_CONTEXT() REPRESENTATION_CONTEXT('2D SPACE',''
  ) );
#8391 = ADVANCED_FACE('',(#8392,#8395),#8319,.T.);
#8392 = FACE_BOUND('',#8393,.F.);
#8393 = EDGE_LOOP('',(#8394));
#8394 = ORIENTED_EDGE('',*,*,#8302,.F.);
#8395 = FACE_BOUND('',#8396,.F.);
#8396 = EDGE_LOOP('',(#8397));
#8397 = ORIENTED_EDGE('',*,*,#8398,.F.);
#8398 = EDGE_CURVE('',#8399,#8399,#8401,.T.);
#8399 = VERTEX_POINT('',#8400);
#8400 = CARTESIAN_POINT('',(29.2,-68.2,0.));
#8401 = SURFACE_CURVE('',#8402,(#8407,#8418),.PCURVE_S1.);
#8402 = CIRCLE('',#8403,29.2);
#8403 = AXIS2_PLACEMENT_3D('',#8404,#8405,#8406);
#8404 = CARTESIAN_POINT('',(0.,-68.2,0.));
#8405 = DIRECTION('',(-0.,-1.,0.));
#8406 = DIRECTION('',(1.,-0.,0.));
#8407 = PCURVE('',#8319,#8408);
#8408 = DEFINITIONAL_REPRESENTATION('',(#8409),#8417);
#8409 = ( BOUNDED_CURVE() B_SPLINE_CURVE(2,(#8410,#8411,#8412,#8413,
#8414,#8415,#8416),.UNSPECIFIED.,.T.,.F.) B_SPLINE_CURVE_WITH_KNOTS((1,2
    ,2,2,2,1),(-2.094395102393,0.,2.094395102393,4.188790204786,
6.28318530718,8.377580409573),.UNSPECIFIED.) CURVE() 
GEOMETRIC_REPRESENTATION_ITEM() RATIONAL_B_SPLINE_CURVE((1.,0.5,1.,0.5,
1.,0.5,1.)) REPRESENTATION_ITEM('') );
#8410 = CARTESIAN_POINT('',(29.2,0.));
#8411 = CARTESIAN_POINT('',(29.2,-50.57588358101));
#8412 = CARTESIAN_POINT('',(-14.6,-25.2879417905));
#8413 = CARTESIAN_POINT('',(-58.4,-7.151937307021E-15));
#8414 = CARTESIAN_POINT('',(-14.6,25.287941790506));
#8415 = CARTESIAN_POINT('',(29.2,50.575883581011));
#8416 = CARTESIAN_POINT('',(29.2,0.));
#8417 = ( GEOMETRIC_REPRESENTATION_CONTEXT(2) 
PARAMETRIC_REPRESENTATION_CONTEXT() REPRESENTATION_CONTEXT('2D SPACE',''
  ) );
#8418 = PCURVE('',#8380,#8419);
#8419 = DEFINITIONAL_REPRESENTATION('',(#8420),#8424);
#8420 = LINE('',#8421,#8422);
#8421 = CARTESIAN_POINT('',(-6.28318530718,9.));
#8422 = VECTOR('',#8423,1.);
#8423 = DIRECTION('',(1.,-0.));
#8424 = ( GEOMETRIC_REPRESENTATION_CONTEXT(2) 
PARAMETRIC_REPRESENTATION_CONTEXT() REPRESENTATION_CONTEXT('2D SPACE',''
  ) );
#8425 = ADVANCED_FACE('',(#8426),#8380,.T.);
#8426 = FACE_BOUND('',#8427,.F.);
#8427 = EDGE_LOOP('',(#8428,#8449,#8450,#8451));
#8428 = ORIENTED_EDGE('',*,*,#8429,.F.);
#8429 = EDGE_CURVE('',#8364,#8399,#8430,.T.);
#8430 = SEAM_CURVE('',#8431,(#8435,#8442),.PCURVE_S1.);
#8431 = LINE('',#8432,#8433);
#8432 = CARTESIAN_POINT('',(29.2,-59.2,0.));
#8433 = VECTOR('',#8434,1.);
#8434 = DIRECTION('',(0.,-1.,0.));
#8435 = PCURVE('',#8380,#8436);
#8436 = DEFINITIONAL_REPRESENTATION('',(#8437),#8441);
#8437 = LINE('',#8438,#8439);
#8438 = CARTESIAN_POINT('',(-0.,0.));
#8439 = VECTOR('',#8440,1.);
#8440 = DIRECTION('',(-0.,1.));
#8441 = ( GEOMETRIC_REPRESENTATION_CONTEXT(2) 
PARAMETRIC_REPRESENTATION_CONTEXT() REPRESENTATION_CONTEXT('2D SPACE',''
  ) );
#8442 = PCURVE('',#8380,#8443);
#8443 = DEFINITIONAL_REPRESENTATION('',(#8444),#8448);
#8444 = LINE('',#8445,#8446);
#8445 = CARTESIAN_POINT('',(-6.28318530718,0.));
#8446 = VECTOR('',#8447,1.);
#8447 = DIRECTION('',(-0.,1.));
#8448 = ( GEOMETRIC_REPRESENTATION_CONTEXT(2) 
PARAMETRIC_REPRESENTATION_CONTEXT() REPRESENTATION_CONTEXT('2D SPACE',''
  ) );
#8449 = ORIENTED_EDGE('',*,*,#8363,.T.);
#8450 = ORIENTED_EDGE('',*,*,#8429,.T.);
#8451 = ORIENTED_EDGE('',*,*,#8398,.T.);
#8452 = ( GEOMETRIC_REPRESENTATION_CONTEXT(3) 
GLOBAL_UNCERTAINTY_ASSIGNED_CONTEXT((#8456)) 
GLOBAL_UNIT_ASSIGNED_CONTEXT((#8453,#8454,#8455)) REPRESENTATION_CONTEXT
('Context #1','3D Context with UNIT and UNCERTAINTY') );
#8453 = ( LENGTH_UNIT() NAMED_UNIT(*) SI_UNIT(.MILLI.,.METRE.) );
#8454 = ( NAMED_UNIT(*) PLANE_ANGLE_UNIT() SI_UNIT($,.RADIAN.) );
#8455 = ( NAMED_UNIT(*) SI_UNIT($,.STERADIAN.) SOLID_ANGLE_UNIT() );
#8456 = UNCERTAINTY_MEASURE_WITH_UNIT(LENGTH_MEASURE(1.E-03),#8453,
  'distance_accuracy_value','confusion accuracy');
#8457 = PRODUCT_RELATED_PRODUCT_CATEGORY('part',$,(#7));
ENDSEC;
END-ISO-10303-21;
